covariate,coef_pooled,V_w,V_b,V_t,se_pooled,riv,wald_stat,dof_old,lambda,dof_observed,dof_adj,pval,t_critical,coef_lower,coef_upper,OR,OR_lower,OR_upper,MIC_type,include_drugs,num_pids
HIV_High_CD4,0.2961461278505936,0.2050302644550333,0.0031835148196087256,0.20831989643529564,0.45642074496597507,0.016044616578953026,0.6488445828041196,116296.02474779046,0.015791251995385436,376.96717020867464,375.7491998362768,0.5164401186482592,1.9599843833069555,-0.5984314045000443,1.1907236602012314,1.3446666357214272,0.5496731750831667,3.289460798134832,measured,RIF,315
HIV_Low_CD4,0.7879394770213818,0.27352022370573187,0.00477806774216487,0.2784575603726356,0.5276907810191832,0.018051084486591963,1.4931840868994406,92242.3889111695,0.017731020340394026,376.2242089361187,374.6959561301081,0.13539242664921683,1.9599897026709188,-0.24632901997059198,1.8222079740133554,2.1988609516181956,0.7816649992165452,6.185500808399168,measured,RIF,315
RIF_midpoint,0.02998935539833315,0.03988084709964076,2.1391278039876465e-06,0.03988305753170488,0.19970742983601006,5.542590553801149e-05,0.15016644810340274,9441055362.773426,5.542283367726743e-05,382.99423611517324,382.99422057828957,0.8806332962297491,1.9599639847913257,-0.36143001457548724,0.4214087253721535,1.030443565233846,0.6966793517695645,1.524107092358678,measured,RIF,315
bl_prevtb,0.48255307444162915,0.12002042563961327,1.6693189716607845e-05,0.12003767526898709,0.34646453681291406,0.0001437224479241873,1.3927921133879309,1404344356.6856081,0.00014370179475047462,382.96042390794366,382.96031947583225,0.16368266421033512,1.9599639862292915,-0.19650494021729498,1.1616110891005533,1.6202056318693419,0.8215972724161731,3.195076684981286,measured,RIF,315
diabetes,1.2846677618170892,0.3441450692734136,1.8994760154284873e-05,0.3441646971922397,0.5866555183344309,5.7033851647313714e-05,2.189816206731302,8916247847.664392,5.703059897259254e-05,382.9936203162028,382.99360386487604,0.028537568904854396,1.9599639848061154,0.13484407439384105,2.4344914492403373,3.6134672259789435,1.144358335672164,11.410014666039514,measured,RIF,315
intercept,-1.9229489253826955,0.03126745333307788,8.582807004611746e-06,0.03127632223364931,0.17685113014524195,0.00028364639988283656,-10.873263426721907,360653194.7232019,0.0002835659674170494,382.90685376696433,382.9064472337486,1.5457263440116763e-27,1.9599639911177613,-2.2695707722558507,-1.5763270785095405,0.14617526597116634,0.10335653405539719,0.2067330196104369,measured,RIF,315
total_adherence,-1.4160053194306792,0.9147782319477462,8.282230956860147e-05,0.914863815000967,0.956485135797189,9.355606663121478e-05,-1.4804258492219013,3313869079.5530314,9.354731471240637e-05,382.97963384938294,382.979589588919,0.13875963593020568,1.9599639852559154,-3.290681738025783,0.4586710991644247,0.2426815183266756,0.03722846068568363,1.581970305852282,measured,RIF,315
HIV_High_CD4,0.2899927504335435,0.20421783434251425,0.0031747629016071746,0.207498422674175,0.4555199476139053,0.016064161791856744,0.6366192127316865,116017.66635885258,0.015810184431194932,376.95991879299,375.7390825317226,0.5243741634824896,1.959984432249727,-0.602819255468922,1.1828047563360091,1.336417799540702,0.5472665748720815,3.263514742055416,measured,INH,315
HIV_Low_CD4,0.7844753700749078,0.2722376193027972,0.004704976808184501,0.27709942867125453,0.5264023448572912,0.017858697783607023,1.4902581224017546,94204.88121256532,0.01754536049305708,376.2953195286773,374.7982122533079,0.13615972708434756,1.959989166899623,-0.24726752327594237,1.8162182634257578,2.1912570401066414,0.7809317481641918,6.148562184985436,measured,INH,315
INH_midpoint,-0.006266501366638626,0.0533216337917076,5.074981127849409e-06,0.053326877938873044,0.23092613091392028,9.834933389193979e-05,-0.027136389207397752,2998752155.601464,9.833966225166217e-05,382.97779830616696,382.9777493951641,0.9783509510507253,1.95996398533114,-0.45887340122978637,0.4463403984965091,0.9937530922039742,0.6319952496565245,1.5625832770130306,measured,INH,315
bl_prevtb,0.4823437467354485,0.12047688451508395,1.7677580068965904e-05,0.12049515134782189,0.34712411519198993,0.0001516210583586629,1.389542603424917,1261858439.4284775,0.0001515980728984049,382.9573995113056,382.95728328881916,0.16466781553426396,1.959963986420036,-0.1980070178587719,1.162694511329669,1.6198665134355619,0.8203640959182626,3.198540177959377,measured,INH,315
diabetes,1.2895356502486477,0.35016534367751595,1.9326069296335313e-05,0.35018531394912217,0.5917645764568222,5.703097684219926e-05,2.1791362672799965,8917146715.629221,5.70277244953642e-05,382.99362141717205,382.99360496750353,0.02932154678193276,1.9599639848060886,0.129698392909247,2.4493729075880486,3.63110006381029,1.1384849564016613,11.581082032981577,measured,INH,315
intercept,-1.9224888373141509,0.031046302124423695,8.52756853141289e-06,0.03105511394523949,0.1762246122005649,0.00028382835355007324,-10.909309507380991,360191066.5383976,0.00028374781787410264,382.9067841154272,382.90637706077456,1.0404463830796399e-27,1.9599639911262006,-2.267882731577437,-1.5770949430508647,0.1462425349405945,0.10353115142841288,0.20657433758610388,measured,INH,315
total_adherence,-1.416043640436545,0.9147674397176018,8.225017859762571e-05,0.9148524315688193,0.9564791851205228,9.291088371464603e-05,-1.4804751242528233,3360048249.5688744,9.290225208430578e-05,382.9798809183447,382.9798372661226,0.13874649463726382,1.9599639852460768,-3.290708395910285,0.4586211150371948,0.24267221870497482,0.03722746826690644,1.581891234423415,measured,INH,315
EMB_midpoint,-0.11741462402829898,0.04722561471966037,8.502105642554493e-05,0.0473134698113001,0.21751659663414216,0.001860327116147734,-0.5397961619718961,8410730.620089805,0.0018568727254653157,382.3042529491459,382.2868763495048,0.5893376285011556,1.9599642665930257,-0.5437393808221465,0.30891013276554846,0.8892164262222071,0.580573203936599,1.361939971224959,measured,EMB,315
HIV_High_CD4,0.2585293521627043,0.21047115659935026,0.003523509910978436,0.21411211684069464,0.4627225052239135,0.017299093615355865,0.5587135902058638,100287.91796617335,0.01700492384582494,376.50231512183495,375.09413144684845,0.5763584503171879,1.959987639427129,-0.6484010385609214,1.1654597428863298,1.295024161054894,0.5228811755347164,3.2073971223019915,measured,EMB,315
HIV_Low_CD4,0.8185922188552736,0.276295276322138,0.005111266523003697,0.2815769183959085,0.5306382179940571,0.01911593330177863,1.5426559774562665,82424.09132476,0.018757368692927757,375.83110164573196,374.1251940455191,0.12291810742278284,1.9599927662401146,-0.2214548499036234,1.8586392876141704,2.267305719509108,0.801352102455814,6.41500185744152,measured,EMB,315
bl_prevtb,0.49566668065897096,0.11966148800972669,3.0746628986998967e-05,0.11969325952634659,0.3459671364831443,0.00026551162908250306,1.4326987403993503,411586852.0368552,0.0002654411513699772,382.913795851791,382.91343961388424,0.15194395039000738,1.9599639903037736,-0.1824164486765028,1.1737498099944448,1.6415922921555974,0.8332542605162867,3.234097179407096,measured,EMB,315
diabetes,1.3258550490483445,0.3466152296492104,5.7633329197365455e-05,0.346674784089381,0.588790951093324,0.0001718171478814784,2.251826470135739,982684740.8786625,0.00017178763182053766,382.9496665980287,382.949517363606,0.024333240453145718,1.9599639869541254,0.1718459890609616,2.479864109035727,3.765403583683012,1.187494931920299,11.93964181816354,measured,EMB,315
intercept,-1.9259947207096944,0.03121235234223483,1.2481862567405768e-05,0.031225250266887813,0.17670667861427256,0.00041323141913700626,-10.899388386524357,169969181.31389037,0.0004130607294655795,382.8572552706034,382.8563928828069,1.1603706083454263e-27,1.9599639984971207,-2.27233344908767,-1.579655992331719,0.1457307233657073,0.10307138741871097,0.2060459674072165,measured,EMB,315
total_adherence,-1.440485833690666,0.918221913432711,4.1515868857459075e-05,0.9182648131638637,0.9582613490921272,4.6720439280663595e-05,-1.5032285660434979,13286932931.124311,4.67182565831936e-05,382.9975701028072,382.99755906285276,0.13278011358816783,1.9599639847185955,-3.3186435658590887,0.43767189847775656,0.23681267915172002,0.03620190396341426,1.5490965630893432,measured,EMB,315
EMB_midpoint,-0.12214845376992546,0.04874472551600388,8.955985083572542e-05,0.048837270695200795,0.22099156249775873,0.0018985680648982589,-0.5527290381105129,8075941.543677173,0.001894970334736798,380.2935308884186,380.275623829667,0.5804489815618525,1.9599642782855653,-0.5552840220680445,0.3109871145281936,0.8850169746435776,0.5739092351581963,1.3647716353464312,measured,"RIF,INH,EMB",315
HIV_High_CD4,0.2644767959698031,0.217354724928691,0.003537831775357992,0.22101048442989427,0.47011752193456297,0.016819323814573746,0.5625759169355453,105990.88443782242,0.01654111347085385,374.713122693302,373.3930537279706,0.5737248848704313,1.9599863666333135,-0.656947137737378,1.1859007296769843,1.3027491938098477,0.5184316213979331,3.2736341533255375,measured,"RIF,INH,EMB",315
HIV_Low_CD4,0.8247548940947412,0.278545021587345,0.0052244905294163355,0.2839436618010752,0.5328636427840383,0.019381571363095894,1.5477785081858213,80222.01840644902,0.01901306822447188,373.77126950800636,372.0378667772765,0.12167957730394854,1.9599935563017896,-0.21965441214947246,1.8691642003389548,2.281321531417192,0.8027961866371914,6.482875748959834,measured,"RIF,INH,EMB",315
INH_midpoint,-0.012376496786862312,0.05215881707902092,5.672768893935009e-06,0.05216467894021132,0.22839588205615993,0.00011238485684057511,-0.054188791301495856,2296571733.992484,0.00011237222790382927,380.97272847590085,380.9726652772672,0.9567847508147187,1.9599639855730158,-0.46002420007011796,0.43527120649639334,0.9876997770575596,0.6312683685832924,1.5453821197930564,measured,"RIF,INH,EMB",315
RIF_midpoint,0.04120127019572549,0.04069023904503422,4.259463472739399e-06,0.04069464049062272,0.2017291265301635,0.0001081695682255896,0.20424056210626024,2479029845.7033024,0.00010815786883561745,380.974334212214,380.9742756645441,0.8381655153890484,1.9599639854969892,-0.3541805526291602,0.4365830930206112,1.0420618204266494,0.7017482534243072,1.5474108161895557,measured,"RIF,INH,EMB",315
bl_prevtb,0.49941516147072273,0.1244116974685032,3.222064760029418e-05,0.12444499213769017,0.35276761775663334,0.0002676168709570073,1.415705797053227,405138428.18457276,0.00026754527132865497,380.9136051343398,380.91324699739675,0.15686166115817984,1.9599639903955122,-0.1919966663098871,1.1908269892513326,1.6477573168831257,0.8253096198136161,3.289800712555663,measured,"RIF,INH,EMB",315
diabetes,1.3183679585366852,0.34713688573774165,5.296522561515934e-05,0.3471916164708773,0.5892296805753061,0.00015766326018437914,2.2374432279946768,1167008249.949454,0.00015763840639929595,380.9554813582747,380.9553570000867,0.025257386101728382,1.959963986572834,0.1634990047892706,2.4732369122841,3.7373169410599694,1.1776241832026166,11.860777077410491,measured,"RIF,INH,EMB",315
intercept,-1.9267930371556083,0.031660509094940406,1.281838655205103e-05,0.03167375476104419,0.17797121891205947,0.0004183655437777792,-10.826430525868851,165824803.43476677,0.00041819058724534353,380.85620692733846,380.8553322022418,2.5802363600062708e-27,1.9599639988459427,-2.2756102190539753,-1.5779758552572416,0.1456144305579762,0.1027341989382803,0.20639244385856506,measured,"RIF,INH,EMB",315
total_adherence,-1.4428268591174072,0.9192141931591942,3.922443012004759e-05,0.9192547250703182,0.9587777245380278,4.409408756488778e-05,-1.5048606389062813,14916796887.706747,4.409214336205745e-05,380.9987442494597,380.99873451814534,0.13235990976310244,1.9599639846990873,-3.321996668543684,0.4363429503088696,0.23625894305648176,0.036080718549159625,1.5470392613748536,measured,"RIF,INH,EMB",315
HIV_High_CD4,0.2616082768627338,0.19568219692237854,0.0032858393388226397,0.19907756423916195,0.4461810890649244,0.017351437024852284,0.5863275770180991,99694.01962181786,0.01705549959765616,376.4829438267843,375.06654835200885,0.5576567300269071,1.9599877803459724,-0.6129012055259759,1.1361177592514435,1.2990175875064383,0.5417767810111814,3.114653030167826,predicted,RIF,316
HIV_Low_CD4,0.9168629251615793,0.2876182747711541,0.004997243570568662,0.2927820931274084,0.5410934236593606,0.017953721335554635,1.694463257307633,93227.7292909604,0.01763707029038546,376.2601932581078,374.74773920769053,0.09018062790665281,1.9599894308479704,-0.14367446631211067,1.9774003166352694,2.5014308925530773,0.8661696695761149,7.223938600021641,predicted,RIF,316
RIF_pred_MIC,2.325940028573221,1.7219959029975958,0.0012672417659257181,1.7233053861557188,1.3127472666723472,0.0007604449905157937,1.771810985727049,50225313.2897606,0.0007598671533455745,382.72442304727144,382.7215066519674,0.07642594441190043,1.959964031772637,-0.24699739691242195,4.898877454058864,10.236297977118921,0.781142726911659,134.13911781606967,predicted,RIF,316
bl_prevtb,0.4776968794133396,0.11787524086978922,3.877537145028416e-05,0.11791530875362118,0.3433879857444363,0.0003399177260322315,1.3911286918723522,251157164.29396623,0.0003398022212338889,382.88531441211967,382.8847307101141,0.16418640699848328,1.9599639939854194,-0.19533120861293407,1.1507249674396132,1.612356670802828,0.8225621732573967,3.1604833268559283,predicted,RIF,316
diabetes,1.24312279338751,0.3353237707980074,3.063182331416787e-05,0.3353554236820987,0.5790988030397738,9.439499029841786e-05,2.146650600661196,3255233094.461406,9.438608072524348e-05,382.97931258902946,382.97926753138466,0.03182110835410848,1.95996398526881,0.10810999551727729,2.3781355912577427,3.466421498485165,1.1141702923841796,10.784776875936346,predicted,RIF,316
intercept,-1.969022259852553,0.034207176882237095,1.8621114058822083e-05,0.03422641870009788,0.18500383428485442,0.0005625082106899795,-10.643142978435824,91754783.9359614,0.0005621919730891328,382.8001356981423,382.798538666072,1.8769600338397802e-26,1.9599640103945235,-2.33162311683586,-1.606421402869246,0.13959327546262895,0.09713795281828581,0.20060421276159726,predicted,RIF,316
total_adherence,-1.582364779915562,1.0027591943441696,2.4155036795407363e-05,1.0027841545488583,1.0013911096813564,2.489152413597387e-05,-1.5801665948672863,46807628540.54129,2.489090456342216e-05,383.0059303161671,383.00592718220065,0.11406871967915509,1.959963984590735,-3.545055289380371,0.38032572954924704,0.20548858790116137,0.02886702642555802,1.462760976316842,predicted,RIF,316
HIV_High_CD4,0.27943140072255185,0.20225615135057273,0.003168153278082077,0.2055299097379242,0.4533540666387853,0.01618619935903477,0.6163646061328745,114302.25876850936,0.015928379434048904,376.91464827913916,375.6758474763895,0.537655135199167,1.9599847391248655,-0.6091356513096646,1.1679984527547684,1.3223776955289723,0.5438207167134207,3.2155501176944417,predicted,INH,316
HIV_Low_CD4,0.7816042739510843,0.27218002275448877,0.004726189830468684,0.27706375224597307,0.5263684567353681,0.01794301228304885,1.4848995298820424,93337.08212885897,0.01762673555055518,376.26415162327834,374.75343071301376,0.13757381771925567,1.959989401034938,-0.2500723222893545,1.813280870191523,2.1849747533525727,0.778744460452537,6.130527939824887,predicted,INH,316
INH_pred_MIC,-0.6166850085668492,0.16590779686663,6.350832097635447e-07,0.16590845311928007,0.40731861376480216,3.955526277143833e-06,-1.514011360460294,1853501260597.8618,3.955510631017592e-06,383.0139488957864,383.0139488166391,0.13002295819216386,1.9599639845413337,-1.4150148217791634,0.18164480464546506,0.5397306778466041,0.24292201288563023,1.1991881721559157,predicted,INH,316
bl_prevtb,0.4916231862957401,0.11623601934419509,2.2952282429301005e-05,0.11625973670270535,0.34096882071929296,0.00020404482744756152,1.441842058340212,696825493.7653011,0.00020400320164948218,382.9373275366053,382.93711709522864,0.14934693538248553,1.9599639879444517,-0.1766634233259622,1.1599097959174425,1.6349679247971933,0.838061809115232,3.18964554408909,predicted,INH,316
diabetes,1.1631386619952182,0.3490336224880763,1.8339277741936822e-05,0.34905257307507626,0.5908067138033185,5.4294445517634265e-05,1.9687295943329968,9838623730.370287,5.4291497790865385e-05,382.99466943431264,382.99465452522423,0.04898415101182911,1.959963984781172,0.005178780973796648,2.3210985430166398,3.1999611272426294,1.0051922140389402,10.186858864256225,predicted,INH,316
intercept,-1.9436874131977055,0.030751825117321534,8.198356356179708e-06,0.03076029675222292,0.17538613614599907,0.000275483971083521,-11.082332138155408,382335459.1597939,0.00027540810056630836,382.90997835612075,382.90959487114395,1.528403366518134e-28,1.9599639907447393,-2.2874379245197183,-1.599936901875693,0.14317502970946136,0.10152624682501911,0.20190925768816614,predicted,INH,316
total_adherence,-1.382496623304942,0.8917978285817073,9.356102063558208e-05,0.8918945083030307,0.9444016668256313,0.00010840990886599467,-1.4638862592776405,2468051386.5896077,0.00010839815743162625,382.9739457469693,382.9738863199164,0.14322502850129568,1.9599639855012458,-3.233489878130526,0.468496631520642,0.25095123958972204,0.03941968854881816,1.5975906195612541,predicted,INH,316
EMB_pred_MIC,-0.7041221992553935,0.3326280601656135,4.070037399155285e-05,0.3326701172187381,0.5767756212070151,0.00012643868080060552,-1.220790500440849,1814462104.368307,0.0001264226960816897,382.9670420699364,382.96696123952165,0.22216535164043125,1.9599639858474778,-1.83458164473595,0.4263372462251628,0.49454249355001734,0.1596802908866117,1.5316372269157414,predicted,EMB,316
HIV_High_CD4,0.3273565670168637,0.2022572655411618,0.003161110646551802,0.20552374654259867,0.45334726925680124,0.016150129354794894,0.7220878765929671,114805.24801212907,0.01589344811189408,376.92802751569957,375.694549013974,0.4702419220856243,1.9599846481931242,-0.5611971210267415,1.2159102550604688,1.3872960530154776,0.5705256666040365,3.3733632882252977,predicted,EMB,316
HIV_Low_CD4,0.8266437861485795,0.2734913275032279,0.0048493649727046825,0.2785023379750227,0.5277332071937701,0.018322374305399854,1.566404719051642,89578.76444791704,0.017992705225491668,376.1239795784528,374.55131076092704,0.11725743117288044,1.9599904674096693,-0.2077082692867419,1.8609958415839007,2.2856347738723963,0.812444017015608,6.430136981899097,predicted,EMB,316
bl_prevtb,0.45888817465146303,0.11786505549306307,1.3121345673365512e-05,0.11787861421692555,0.3433345514464362,0.00011503599439000556,1.3365627569908425,2191948818.4205375,0.00011502276263212867,382.9714084207352,382.9713415090113,0.18136540277896848,1.9599639856223197,-0.21403518120334541,1.1318115305062715,1.5823137501022202,0.807319982034606,3.101269458799583,predicted,EMB,316
diabetes,1.1834523996258632,0.3535878814044354,1.6395558549191065e-05,0.35360482348160294,0.5946468056599673,4.7914756298219996e-05,1.9901770065213946,12632841520.339727,4.7912460584347434e-05,382.99711270420767,382.99710109266454,0.04657144030594636,1.9599639847278398,0.017966076898872307,2.3489387223528544,3.2656290200545266,1.0181284377300137,10.47444752687504,predicted,EMB,316
intercept,-1.933218852089026,0.031031585915406206,8.73624088274853e-06,0.031040613364318383,0.17618346507069949,0.0002909116194313369,-10.972759851858163,342869226.65931684,0.0002908270144735819,382.9040726736574,382.90364506058006,5.167127995379757e-28,1.9599639914589344,-2.27853209951806,-1.5879056046599922,0.14468173903644846,0.10243446000332723,0.20435316015656305,predicted,EMB,316
total_adherence,-1.4360017693092584,0.9343120413815819,7.568624879077392e-05,0.9343902505053323,0.9666386349124125,8.370771250557504e-05,-1.4855621505748888,4139422484.566789,8.370070611093139e-05,382.9834052527445,382.9833698187496,0.13739497278660456,1.959963985113146,-3.330578680356522,0.45857514173800507,0.23787694679042173,0.035772398292733515,1.581818511336082,predicted,EMB,316
HIV_High_CD4,0.2931870717802355,0.19704926792365687,0.0032310866629873627,0.20038805747541047,0.44764724669700634,0.016943932788662585,0.6549511338303429,104463.26052936289,0.01666161942890888,376.63380602234497,375.2807616994931,0.5125006587009134,1.959986693942743,-0.5841955753260014,1.1705697188864725,1.340693572907222,0.5575541918131262,3.223828791582617,predicted,PZA,316
HIV_Low_CD4,0.7866801359206069,0.27729955792957667,0.004882541921217134,0.2823448512481677,0.5313613189235435,0.018194379234720406,1.4804994415368813,90820.71215829559,0.017869259156974904,376.17126133165453,374.61962039233936,0.138743478527273,1.9599901052591269,-0.2547827914869777,1.8281430633281914,2.196093578546,0.7750848347027444,6.222321467017988,predicted,PZA,316
PZA_pred_MIC,0.025971494819531506,0.38146417002021776,0.0002892150008187552,0.3817630255210638,0.6178697480222379,0.0007834431758825675,0.04203393175125441,47322013.763832815,0.0007828298731605629,382.7156279704887,382.71253279224777,0.9664716485630469,1.9599640346704499,-1.1850309894149482,1.2369739790540113,1.026311692856454,0.30573670475029563,3.445172511276181,predicted,PZA,316
bl_prevtb,0.44822731405401833,0.11866822205543365,1.1447640329806178e-05,0.11868005128377444,0.3444997115873603,9.968320192135275e-05,1.3010963405127673,2919043845.1980667,9.967326617103486e-05,382.9772875152431,382.97723726879553,0.1932254803340007,1.9599639853527415,-0.22697971362161445,1.123434341729651,1.5655345232088638,0.7969369490906548,3.0753980552105187,predicted,PZA,316
diabetes,1.1848600127998736,0.33842777858086964,2.2879728231348724e-05,0.3384514209667087,0.5817657784424147,6.985947175553982e-05,2.036661585650754,5943032157.018371,6.985459175066042e-05,382.98870852865963,382.9886838475983,0.04168396663115791,1.9599639849392223,0.04462003938260972,2.3250999862171375,3.2702289992206994,1.0456304860152543,10.227702663967662,predicted,PZA,316
intercept,-1.9213118524097872,0.03070485782660487,8.22054310720483e-06,0.030713352387815647,0.17525225358840796,0.0002766520287684913,-10.963122088701473,379114628.86015004,0.0002765755135915485,382.9095312188793,382.9091444768497,5.748201720074409e-28,1.9599639907974522,-2.2647999587491703,-1.577823746070404,0.1464147615307618,0.1038508069083761,0.20642384043316295,predicted,PZA,316
total_adherence,-1.406268889686753,0.9253831532654241,7.677686495119668e-05,0.925462489359207,0.9620096098060597,8.573323763561923e-05,-1.461803370103814,3946153839.997949,8.572588807768512e-05,382.982629576734,382.9825924074582,0.14379510042141944,1.9599639851412143,-3.2917730782663823,0.4792352988928763,0.24505591017242503,0.03718785393036513,1.614839060702044,predicted,PZA,316
EMB_pred_MIC,-0.7970947468732636,0.6725452216667318,0.00040835326548360805,0.6729671867077316,0.8203457726518322,0.0006274151200628496,-0.9716570420014383,73762025.13873075,0.0006270217171568975,379.7773063912978,379.7753510482933,0.33122119775565184,1.9599640167011998,-2.404942942523798,0.8107534487772705,0.4506362766124833,0.09027064607808688,2.249602308412616,predicted,"RIF,INH,EMB,PZA",316
HIV_High_CD4,0.2680702100914179,0.20012018056211553,0.0033745293819467683,0.20360719425679386,0.451228538832368,0.017424597983490175,0.5940896619373766,98872.82214815854,0.01712618116175418,373.50736867259326,372.1016969955458,0.552453504248618,1.959987977986643,-0.6163323013445026,1.1524727215273383,1.3074389321994826,0.5399210783306416,3.166011904399308,predicted,"RIF,INH,EMB,PZA",316
HIV_Low_CD4,0.9316092111993,0.3035475500628471,0.005681141402800328,0.3094180628457408,0.556253595804774,0.019339680987964583,1.674792249839699,80563.30003155462,0.018972753978556172,372.8056422244503,371.08843522866806,0.09397888123563422,1.9599934310282725,-0.15864418256391288,2.0218626049625126,2.538591021564854,0.8532999239502255,7.552378939559831,predicted,"RIF,INH,EMB,PZA",316
INH_pred_MIC,-0.574223119442905,0.2585462947422087,5.538720576131344e-06,0.258552018086804,0.5084801058908834,2.2136633599960712e-05,-1.129293187266071,59182604244.340416,2.2136143580260958e-05,380.0071723360451,380.00716989604683,0.25877417389147,1.9599639845801378,-1.5708258138645315,0.42237957497872125,0.5631421931313015,0.20787344668159183,1.525587489634939,predicted,"RIF,INH,EMB,PZA",316
PZA_pred_MIC,-0.17053223533209735,0.49060058045550353,0.0002967547797423337,0.4909072270612373,0.7006477196574876,0.000625043299885694,-0.24339226482527085,74322536.97292271,0.0006246528647977976,379.7782065921114,379.7762659862727,0.8077015361238568,1.959964016458653,-1.543776554074583,1.2027120834103884,0.8432159078456897,0.2135730064724618,3.3291335781973417,predicted,"RIF,INH,EMB,PZA",316
RIF_pred_MIC,2.5473051415216177,2.85832276016074,0.0009325942321386745,2.859286440867283,1.6909424711879713,0.00033714901619056616,1.5064410439297848,255297756.88613212,0.0003370353850420778,379.88750571676894,379.8869404383896,0.1319539922406333,1.959963993832228,-0.7668812176484954,5.861491500691731,12.772636912977749,0.4644593594585302,351.2476396233069,predicted,"RIF,INH,EMB,PZA",316
bl_prevtb,0.5191526463207045,0.1226007642758034,3.158954551896172e-05,0.12263340680617299,0.3501905292925167,0.0002662506270854964,1.4824862550381894,409305849.0561146,0.00026617975655839526,379.9144319598363,379.9140793266111,0.1382109589706833,1.9599639903358939,-0.16720818084929534,1.2055134734907043,1.680602981065585,0.8460234671189893,3.3384728553508176,predicted,"RIF,INH,EMB,PZA",316
diabetes,1.216682234028962,0.3500404443335298,3.843758915747907e-05,0.35008016317565926,0.5916757246800474,0.00011346929411262445,2.0563328581494384,2252889257.628711,0.00011345642029270126,379.9724692077212,379.9724051215471,0.039750443306095125,1.9599639855930444,0.05701912250640362,2.3763453455515204,3.375968459176107,1.0586760547415743,10.765486747628364,predicted,"RIF,INH,EMB,PZA",316
intercept,-2.014862540160872,0.03656676504497772,1.9545860216670048e-05,0.036586962433868275,0.19127718743715436,0.000552342786290117,-10.533731529395638,95161274.84047946,0.0005520378721536741,379.80580142097847,379.80428555361226,6.039393881427433e-26,1.95996400946901,-2.3897589433701523,-1.6399661369515917,0.1333387308267646,0.09165177448273083,0.19398661115767454,predicted,"RIF,INH,EMB,PZA",316
total_adherence,-1.5762074657766907,1.019884969365297,1.543724010221183e-05,1.0199009211800691,1.0099014413199285,1.5640797983534183e-05,-1.5607537540659486,118547873972.6637,1.564055335279884e-05,380.0096407615615,380.0096395434264,0.11858186280850609,1.959963984560065,-3.5555779187190506,0.403162987165669,0.20675774899082772,0.028564861976728917,1.4965507903584645,predicted,"RIF,INH,EMB,PZA",316
EMB_pred_MIC,-0.8557714496053052,0.5854348729775666,0.00022936106600009471,0.5856718794124334,0.7652920223107211,0.0004048382592265672,-1.11822862993056,177086912.97370663,0.0004046744315341514,380.86135679276015,380.8605376748553,0.26346936110620234,1.9599639979361383,-2.3557162612420584,0.6441733620314481,0.4249552330501829,0.09482556232957448,1.904412119055932,predicted,"RIF,INH,EMB",316
HIV_High_CD4,0.26564489572977684,0.20021005944301387,0.0033414043798990585,0.20366284396890955,0.45129019928302183,0.017245809403889947,0.58863431147367,100898.02203734504,0.01695343371726059,374.55602227029806,373.170729069444,0.5561079295029747,1.9599874963904986,-0.6188782521085223,1.150168043568076,1.3042718239492628,0.5385482142125405,3.1587236682890194,predicted,"RIF,INH,EMB",316
HIV_Low_CD4,0.9492649292639036,0.29396712021715526,0.005424336751687984,0.2995722681938995,0.5473319542963845,0.019067261578790493,1.7343495511498481,82837.51231977747,0.01871050351401784,373.8865513657678,372.2065993977849,0.08285980048739702,1.9599926225958928,-0.12350166326800227,2.0220315217958094,2.583809678209048,0.8838201712130453,7.553654771245849,predicted,"RIF,INH,EMB",316
INH_pred_MIC,-0.5654496536568369,0.25183294997298883,2.6236296439809076e-06,0.25183566105695426,0.5018323037200318,1.0765406058808922e-05,-1.1267701370860665,250234114809.52518,1.0765290166088942e-05,381.01144229856135,381.0114417184258,0.25983967963115423,1.959963984549534,-1.5490228952316225,0.4181235879179487,0.568104638988457,0.21245546368720553,1.5191084062463733,predicted,"RIF,INH,EMB",316
RIF_pred_MIC,2.44327287496268,2.355929899053936,0.0016226106164394039,2.3576065966909234,1.5354499655446032,0.000711692498856053,1.5912422610892984,57336498.76816734,0.0007111863528634311,380.74457098629966,380.7420426584666,0.11155507088418024,1.959964025914594,-0.5661538210965453,5.452699571021905,11.510652085625386,0.5677047390141288,233.38736200511897,predicted,"RIF,INH,EMB",316
bl_prevtb,0.5097250101006042,0.11880903724450971,3.884708825539546e-05,0.11884917923570695,0.3447450931278166,0.0003378698466736122,1.4785562441975648,254209952.1590184,0.0003377557291971752,380.8868538585376,380.8862831705027,0.13925895569587518,1.9599639938719906,-0.16596295949396256,1.1854129796951711,1.6648333196461502,0.8470776097916316,3.272037827662343,predicted,"RIF,INH,EMB",316
diabetes,1.224219869688951,0.35208374050206165,3.132307971554839e-05,0.35211610768443435,0.5933937206311122,9.193035249676295e-05,2.0630819422674627,3432100473.4509335,9.192190208390218e-05,380.980520367919,380.98047807715795,0.03910484359843922,1.959963985231255,0.061189548189594545,2.3872501911883077,3.401511425269824,1.0631004038474983,10.883525144348367,predicted,"RIF,INH,EMB",316
intercept,-2.013118609096525,0.03594749053925254,2.1428916664591867e-05,0.03596963375313928,0.1896566206414616,0.0006159877519841295,-10.614544339594909,76522424.13163055,0.0006156085446606017,380.78098761689034,380.77909283322816,2.5504646704590134e-26,1.9599640155410485,-2.38483876086291,-1.6413984573301408,0.1335714672606974,0.09210382912401577,0.19370895907218572,predicted,"RIF,INH,EMB",316
total_adherence,-1.5807367779738435,1.0112061348623054,1.949773749516128e-05,1.0112262825243838,1.0055974753967831,1.992438671377009e-05,-1.5719378942853104,73054231924.72542,1.9923989740493615e-05,381.0079526916603,381.0079507045467,0.11596495518516009,1.9599639845725265,-3.5516716127285957,0.3901980567809087,0.20582339618158305,0.028676663291090386,1.4772733489144405,predicted,"RIF,INH,EMB",316
