Drug,Model,Num_Loci,Binned_MAE,Binned_MSE,MAE,MSE,Within_doubling,Spearman,Spearman_pval,Sensitivity,Specificity,Precision,Accuracy,Balanced_Acc,F1,CV,Addl_Data,Binned_MAE_exp,Binned_MSE_exp,Without_doubling
Bedaquiline,CNN,4,0.3757051867909495,0.5500901420218026,0.9394372682069064,1.4094978437566947,0.9227820372398684,0.3663640865187247,4.172628168416357e-59,0.0384615384615384,0.9988888888888888,0.3333333333333333,0.9852135815991238,0.5186752136752137,0.0689655172413793,0,– Lineage,1.297473602485695,1.4641771773495955,0.0772179627601316
Bedaquiline,CNN,4,0.4311389536484074,0.6599907366889148,0.9873869092742152,1.6140105685591375,0.916210295728368,0.2474270483095136,7.12029873400132e-27,0.0,1.0,,0.9857612267250822,0.5,0.0,1,– Lineage,1.3482975872099607,1.580072478304833,0.08378970427163202
Bedaquiline,CNN,4,0.3865055948615334,0.55550663350098,0.9351908600164136,1.4146652598497682,0.9227820372398684,0.3642520558969017,2.129135043321577e-58,0.0384615384615384,0.9988888888888888,0.3333333333333333,0.9852135815991238,0.5186752136752137,0.0689655172413793,2,– Lineage,1.3072232921916438,1.4696846541532609,0.0772179627601316
Bedaquiline,CNN,4,0.3819983318111943,0.5585402307726139,0.9435935289385572,1.4257863271242377,0.9222343921139102,0.3688153776675607,6.197739745380533e-60,0.0384615384615384,0.9983333333333332,0.25,0.9846659364731654,0.5183974358974359,0.0666666666666666,3,– Lineage,1.3031456425346377,1.4727782546405732,0.07776560788608977
Bedaquiline,CNN,4,0.4146177410796221,0.5819805768875423,0.9469920408620112,1.493339362961388,0.9216867469879518,0.2672121673436589,3.1639409895292856e-31,0.0,0.9983333333333332,0.0,0.984118291347207,0.4991666666666666,0.0,4,– Lineage,1.3329454508143528,1.4969028337409576,0.07831325301204817
Bedaquiline,CNN,4,0.3668331338887964,0.5216413899064607,0.9308451127401428,1.366946153482405,0.9211391018619934,0.3767679105941117,1.1362715132770948e-62,0.3076923076923077,0.9883333333333332,0.2758620689655172,0.9786418400876232,0.6480128205128205,0.2909090909090909,0,"– Lineage
Binary Augment",1.2895190926739946,1.435587622863894,0.07886089813800656
Bedaquiline,CNN,4,0.3873962714703741,0.5183101070722433,0.9097627616659296,1.35898975614015,0.895947426067908,0.3715348431593374,7.328199705168762e-61,0.4615384615384615,0.9866666666666668,0.3333333333333333,0.9791894852135816,0.7241025641025641,0.3870967741935484,1,"– Lineage
Binary Augment",1.3080305817822104,1.432276575740263,0.104052573932092
Bedaquiline,CNN,4,0.4499696713773558,0.5925037174021467,0.929675102947737,1.479937750215494,0.8762322015334063,0.3759152940079422,2.2520686271104435e-62,0.4615384615384615,0.9855555555555556,0.3157894736842105,0.9780941949616648,0.7235470085470086,0.3749999999999999,2,"– Lineage
Binary Augment",1.3660115398857458,1.5078612878771036,0.12376779846659369
Bedaquiline,CNN,4,0.3753203019294259,0.5442046923302227,0.9344402522964363,1.3969945601603273,0.9211391018619934,0.3734570169771407,1.6003397559314016e-61,0.5,0.9827777777777778,0.2954545454545454,0.9759036144578314,0.7413888888888889,0.3714285714285714,3,"– Lineage
Binary Augment",1.29712750623728,1.4582162586502474,0.07886089813800656
Bedaquiline,CNN,4,0.4261177199657835,0.6024199729779726,0.96473254047048,1.5249935568665376,0.9222343921139102,0.2943099732714521,8.221807226571018e-38,0.3846153846153846,0.9883333333333332,0.3225806451612903,0.97973713033954,0.6864743589743589,0.3508771929824561,4,"– Lineage
Binary Augment",1.3436130563955524,1.5182611591589736,0.07776560788608977
Bedaquiline,CNN,4,0.3713014901270228,0.5441980445243987,0.9382494313100996,1.3995339660330348,0.9184008762322016,0.3646003056024124,1.6287791155166894e-58,0.3076923076923077,0.9877777777777778,0.2666666666666666,0.9780941949616648,0.6477350427350428,0.2857142857142857,0,"– Lineage
AF = 25%
Binary Augment",1.2935192194512422,1.458209539339563,0.08159912376779843
Bedaquiline,CNN,4,0.3678543768483273,0.5190591205627105,0.921982272453146,1.3557604429404122,0.9238773274917852,0.3768355507957938,1.0761538185878534e-62,0.4230769230769231,0.9872222222222222,0.3235294117647059,0.9791894852135816,0.7051495726495727,0.3666666666666667,1,"– Lineage
AF = 25%
Binary Augment",1.2904322298718738,1.4330203732719557,0.0761226725082148
Bedaquiline,CNN,4,0.4151292830504176,0.5278044584268812,0.8886645944554434,1.3813892072721392,0.9238773274917852,0.3711962204230611,9.570655201413618e-61,0.4230769230769231,0.9883333333333332,0.34375,0.9802847754654984,0.7057051282051282,0.3793103448275862,2,"– Lineage
AF = 25%
Binary Augment",1.3334181622483483,1.4417334469771406,0.0761226725082148
Bedaquiline,CNN,4,0.3728618578125131,0.5503029631853648,0.9380101603422536,1.406724747884259,0.9200438116100766,0.3767820929651959,1.12339543724863e-62,0.5769230769230769,0.9827777777777778,0.3260869565217391,0.976998904709748,0.7798504273504273,0.4166666666666666,3,"– Lineage
AF = 25%
Binary Augment",1.2949190007100793,1.4643931834121924,0.07995618838992335
Bedaquiline,CNN,4,0.3907677783103834,0.5369513065062264,0.916628681307662,1.3859688091647115,0.9200438116100766,0.3530652521496087,9.75678980623704e-55,0.4615384615384615,0.9877777777777778,0.3529411764705882,0.9802847754654984,0.7246581196581197,0.4000000000000001,4,"– Lineage
AF = 25%
Binary Augment",1.311090959034714,1.4509032364729444,0.07995618838992335
Bedaquiline,CNN,4,0.3700513588001861,0.5668084771238089,0.924029796504903,1.4127951855634886,0.9063526834611172,0.4137672022448504,1.8969563779690888e-76,0.5384615384615384,0.9861111111111112,0.358974358974359,0.97973713033954,0.7622863247863247,0.4307692307692308,0,"+ Lineage
Binary Augment",1.292398838193044,1.481243144693901,0.09364731653888281
Bedaquiline,CNN,4,0.3761052889808335,0.5134861915199842,0.9083311896983056,1.337537070819841,0.924972617743702,0.3956690879160828,1.7258110138245956e-69,0.5384615384615384,0.9872222222222222,0.3783783783783784,0.9808324205914568,0.7628418803418804,0.4444444444444445,1,"+ Lineage
Binary Augment",1.2978334803570335,1.4274954939042444,0.07502738225629801
Bedaquiline,CNN,4,0.3638442161023936,0.522925915618002,0.9105094966996544,1.3407626888214208,0.9271631982475356,0.4308610019901501,1.9952448447548843e-83,0.5769230769230769,0.9838888888888888,0.3409090909090909,0.9780941949616648,0.7804059829059828,0.4285714285714285,2,"+ Lineage
Binary Augment",1.2868502842001728,1.4368663895768414,0.07283680175246443
Bedaquiline,CNN,4,0.3589596995573029,0.5472631400049733,0.9236726876396316,1.3740310186910825,0.91894852135816,0.4310876039128402,1.602363818590839e-83,0.4615384615384615,0.9866666666666668,0.3333333333333333,0.9791894852135816,0.7241025641025641,0.3870967741935484,3,"+ Lineage
Binary Augment",1.2825007767078878,1.4613108896779274,0.08105147864184004
Bedaquiline,CNN,4,0.3880587095335863,0.512479585047005,0.8744379158951059,1.34405179988581,0.91894852135816,0.3994178938212528,6.7727415919169925e-71,0.3846153846153846,0.9883333333333332,0.3225806451612903,0.97973713033954,0.6864743589743589,0.3508771929824561,4,"+ Lineage
Binary Augment",1.3086313242695498,1.4264998399444901,0.08105147864184004
Bedaquiline,CNN,4,0.3650746142255306,0.5223304979875729,0.9143987388931938,1.351901377157038,0.9096385542168676,0.4167624346037418,1.2143249091519546e-77,0.3461538461538461,0.9888888888888888,0.3103448275862069,0.97973713033954,0.6675213675213676,0.3272727272727272,0,"+ Lineage
AF = 25%
Binary Augment",1.2879482387187111,1.4362734998558369,0.09036144578313243
Bedaquiline,CNN,4,0.3774950988716653,0.5312185145839755,0.9205190197129776,1.364417138155629,0.9222343921139102,0.3991169016775637,8.797145655198423e-71,0.5,0.9866666666666668,0.3513513513513513,0.97973713033954,0.7433333333333334,0.4126984126984127,1,"+ Lineage
AF = 25%
Binary Augment",1.2990843413126822,1.4451492676557538,0.07776560788608977
Bedaquiline,CNN,4,0.3699371961766924,0.5098044085303804,0.9088323090704112,1.330954455270491,0.8882803943044907,0.425204886758392,4.505222793511886e-81,0.5,0.9888888888888888,0.3939393939393939,0.9819277108433736,0.7444444444444445,0.4406779661016949,2,"+ Lineage
AF = 25%
Binary Augment",1.2922965727798654,1.423857144964249,0.11171960569550932
Bedaquiline,CNN,4,0.3587930822997091,0.524814463986821,0.9174676094678444,1.346664089798665,0.9167579408543264,0.4210510260615314,2.2589213335129444e-79,0.4230769230769231,0.9861111111111112,0.3055555555555556,0.9780941949616648,0.7045940170940171,0.3548387096774194,3,"+ Lineage
AF = 25%
Binary Augment",1.2823526688837643,1.438748539634369,0.08324205914567362
Bedaquiline,CNN,4,0.430168785578377,0.6202349922401924,0.980377692287568,1.5631058703276934,0.920591456736035,0.3663342969364709,4.270020150028543e-59,0.0,0.9977777777777778,0.0,0.9835706462212488,0.4988888888888889,0.0,4,"+ Lineage
AF = 25%
Binary Augment",1.3473912033177897,1.5371255343745815,0.07940854326396496
Bedaquiline,CNN,4,0.3840374851056233,0.5397941074389737,0.909625139947116,1.384681231543763,0.9178532311062432,0.3989949718238988,9.779524109612376e-71,0.0769230769230769,0.9961111111111112,0.2222222222222222,0.9830230010952904,0.536517094017094,0.1142857142857143,0,+ Lineage,1.3049888543762036,1.453765030113226,0.08214676889375683
Bedaquiline,CNN,4,0.4194564313403977,0.5881845651323552,0.9541135194653892,1.502160496867233,0.920591456736035,0.3311882247577732,5.4068524337348574e-48,0.0,1.0,,0.9857612267250822,0.5,0.0,1,+ Lineage,1.3374235546481406,1.5033537910187798,0.07940854326396496
Bedaquiline,CNN,4,0.3918222672142451,0.5245976988501883,0.9013884656453636,1.3628408496869853,0.91894852135816,0.4149367622450169,6.5070582423716305e-77,0.0769230769230769,0.9988888888888888,0.5,0.9857612267250822,0.5379059829059829,0.1333333333333333,2,+ Lineage,1.3120496067108711,1.4385323836992523,0.08105147864184004
Bedaquiline,CNN,4,0.3578372189644787,0.5328207156327271,0.9250398948281184,1.3671511354734445,0.9222343921139102,0.4186899101196465,2.040398207708363e-78,0.0769230769230769,0.995,0.1818181818181818,0.9819277108433736,0.5359615384615385,0.1081081081081081,3,+ Lineage,1.2815033224246046,1.4467550857879439,0.07776560788608977
Bedaquiline,CNN,4,0.4170638107394462,0.5878606973879252,0.9581387143586728,1.5044343478804894,0.9194961664841182,0.3718304155081371,5.8033656844147214e-61,0.0,1.0,,0.9857612267250822,0.5,0.0,4,+ Lineage,1.3352073585239737,1.5030163439898296,0.08050383351588175
Bedaquiline,CNN,6,0.3618662227198521,0.5197801371037376,0.9136226654485236,1.351405061722743,0.9194961664841182,0.4078569904438011,3.963980676100479e-74,0.1923076923076923,0.9983333333333332,0.625,0.9868565169769988,0.5953205128205128,0.2941176470588235,0,"+ Lineage
+ Tier 2 Loci",1.2850871692236538,1.4337367336917337,0.08050383351588175
Bedaquiline,CNN,6,0.4249591573074573,0.6484362587150916,0.967603978507989,1.5814996961217798,0.9151150054764512,0.3088854579260773,1.156833265983776e-41,0.0,1.0,,0.9857612267250822,0.5,0.0,1,"+ Lineage
+ Tier 2 Loci",1.3425344950944937,1.5674682913260163,0.0848849945235488
Bedaquiline,CNN,6,0.3720031954007859,0.5224523646728335,0.9133878880517364,1.353739194405115,0.9184008762322016,0.4327587782981174,3.163457787322242e-84,0.1923076923076923,0.9983333333333332,0.625,0.9868565169769988,0.5953205128205128,0.2941176470588235,2,"+ Lineage
+ Tier 2 Loci",1.2941485208672963,1.4363948292279454,0.08159912376779843
Bedaquiline,CNN,6,0.3493435864760809,0.5102371683523068,0.915625431242485,1.329730877137797,0.9200438116100766,0.4321659888793174,5.63049801745427e-84,0.1923076923076923,0.9938888888888888,0.3125,0.982475355969332,0.5930982905982907,0.2380952380952381,3,"+ Lineage
+ Tier 2 Loci",1.2739808453789787,1.4242843181187306,0.07995618838992335
Bedaquiline,CNN,6,0.3813153476333749,0.5371106277584933,0.9097309213795536,1.3710757841256331,0.9167579408543264,0.3988913015525836,1.0700236684333712e-70,0.3076923076923077,0.9944444444444444,0.4444444444444444,0.9846659364731654,0.6510683760683761,0.3636363636363637,4,"+ Lineage
+ Tier 2 Loci",1.3025288682407878,1.45106347302905,0.08324205914567362
Bedaquiline,CNN,6,0.3658386091958028,0.5341544266510242,0.9315241699712066,1.3820049951595814,0.924972617743702,0.37154157367658,7.289392938291384e-61,0.3076923076923077,0.9966666666666668,0.5714285714285714,0.9868565169769988,0.6521794871794873,0.4,0,"– Lineage
+ Tier 2 Loci",1.2886304664485724,1.4480931685527414,0.07502738225629801
Bedaquiline,CNN,6,0.4275499751129,0.6362877830474308,0.981045006292403,1.5828873984616958,0.920591456736035,0.3070797314644458,3.568590424929754e-41,0.0,1.0,,0.9857612267250822,0.5,0.0,1,"– Lineage
+ Tier 2 Loci",1.3449476088913295,1.554324557104035,0.07940854326396496
Bedaquiline,CNN,6,0.4047966819934347,0.5627527354562644,0.9245029856474076,1.4241063700095091,0.8773274917853231,0.3703815033675913,1.8169071103103952e-60,0.0384615384615384,1.0,1.0,0.9863088718510404,0.5192307692307693,0.074074074074074,2,"– Lineage
+ Tier 2 Loci",1.3239023206164273,1.4770848832431762,0.1226725082146769
Bedaquiline,CNN,6,0.3679573207556907,0.5459420131157706,0.9317798949976572,1.392306199255636,0.9211391018619934,0.3778244543416878,4.853852397967962e-63,0.0769230769230769,0.995,0.1818181818181818,0.9819277108433736,0.5359615384615385,0.1081081081081081,3,"– Lineage
+ Tier 2 Loci",1.2905243123090986,1.4599733281170806,0.07886089813800656
Bedaquiline,CNN,6,0.4064679761263651,0.598173183419147,0.9688966103849296,1.527176099644185,0.9211391018619934,0.3072906764351347,3.1298430971444677e-41,0.0,1.0,,0.9857612267250822,0.5,0.0,4,"– Lineage
+ Tier 2 Loci",1.3254368876781724,1.513798500855263,0.07886089813800656
Bedaquiline,LinReg,4,0.3999189980314818,0.5091499173617579,0.87545013692217,1.3472344502747875,0.8953997809419496,0.3614472698227208,1.819525079655275e-57,0.0384615384615384,0.9944444444444444,0.0909090909090909,0.9808324205914568,0.5164529914529915,0.054054054054054,0,– Lineage,1.3194338273840003,1.4232113462683345,0.10460021905805039
Bedaquiline,LinReg,4,0.3946117529260246,0.5152276045075694,0.8968819133801499,1.3561912473837583,0.9227820372398684,0.3722791054153122,4.0707472380002526e-61,0.0769230769230769,0.9966666666666668,0.25,0.9835706462212488,0.5367948717948718,0.1176470588235294,1,– Lineage,1.3145889404602138,1.4292196005318687,0.0772179627601316
Bedaquiline,LinReg,4,0.3849287213604527,0.5039176721655462,0.8764823130142975,1.332626562971054,0.8981380065717415,0.361849920258354,1.3389668689305662e-57,0.0384615384615384,0.9977777777777778,0.2,0.984118291347207,0.5181196581196581,0.064516129032258,2,– Lineage,1.3057952706061664,1.4180591113929057,0.10186199342825852
Bedaquiline,LinReg,4,0.4012684122535057,0.5268760202401741,0.8918102882514478,1.3838958606640617,0.9194961664841182,0.3675521400433486,1.6592880180679364e-59,0.0,0.9983333333333332,0.0,0.984118291347207,0.4991666666666666,0.0,3,– Lineage,1.320668527478111,1.4408059261011281,0.08050383351588175
Bedaquiline,LinReg,4,0.4049522449122804,0.5325418615991714,0.8943547462071822,1.3799206997050375,0.9036144578313252,0.3679165702126253,1.2494962590883492e-59,0.0769230769230769,0.9961111111111112,0.2222222222222222,0.9830230010952904,0.536517094017094,0.1142857142857143,4,– Lineage,1.3240450820506997,1.446475474024462,0.09638554216867479
Bedaquiline,LinReg,4,0.4048365429285703,0.5106579407381653,0.8762693478927638,1.3581029664747093,0.8921139101861993,0.3699469394689949,2.555622361527197e-60,0.1538461538461538,0.9922222222222222,0.2222222222222222,0.9802847754654984,0.573034188034188,0.1818181818181818,0,"– Lineage
Binary Augment",1.3239388998740464,1.4246997814683584,0.10788608981380066
Bedaquiline,LinReg,4,0.3915609148273763,0.4909495487134316,0.8769895820600804,1.3185569429735355,0.8970427163198248,0.3667781512740602,3.027066666212126e-59,0.1923076923076923,0.9933333333333332,0.2941176470588235,0.9819277108433736,0.5928205128205128,0.2325581395348837,1,"– Lineage
Binary Augment",1.3118119430128883,1.4053695533393535,0.1029572836801752
Bedaquiline,LinReg,4,0.3912293343087865,0.5758781645951248,0.8764487572524658,1.409745832206354,0.8948521358159912,0.3752778423379706,3.7508058120185118e-62,0.2307692307692307,0.9922222222222222,0.3,0.9813800657174152,0.6114957264957265,0.2608695652173913,2,"– Lineage
Binary Augment",1.3115104785382474,1.4905845018200106,0.10514786418400879
Bedaquiline,LinReg,4,0.3972370897452024,0.5014904703143765,0.8694707842510665,1.3379464968177324,0.8943044906900328,0.3769508140110516,9.809170587583703e-63,0.1538461538461538,0.9916666666666668,0.2105263157894736,0.97973713033954,0.5727564102564102,0.1777777777777777,3,"– Lineage
Binary Augment",1.316983334800059,1.4156753630106418,0.10569550930996718
Bedaquiline,LinReg,4,0.399587259753778,0.5165447994855776,0.8876121095003061,1.3665660132929132,0.9194961664841182,0.3569765434652397,5.320412417864949e-56,0.0769230769230769,0.9955555555555556,0.2,0.982475355969332,0.5362393162393162,0.1111111111111111,4,"– Lineage
Binary Augment",1.3191304670944046,1.4305250881692129,0.08050383351588175
Bedaquiline,LinReg,4,0.4072633421351365,0.5171279843304699,0.8787768321268729,1.3669574128706845,0.8910186199342826,0.36994396676418,2.5615889119960954e-60,0.1153846153846153,0.9922222222222222,0.1764705882352941,0.97973713033954,0.5538034188034188,0.1395348837209302,0,"– Lineage
AF = 25%
Binary Augment",1.326167810060273,1.4311034704111458,0.10898138006571745
Bedaquiline,LinReg,4,0.3918637825234551,0.4911098125070463,0.8774463355320387,1.3190251490196716,0.8964950711938664,0.3667843590383582,3.012525205247405e-59,0.1923076923076923,0.9927777777777778,0.2777777777777778,0.9813800657174152,0.592542735042735,0.2272727272727273,1,"– Lineage
AF = 25%
Binary Augment",1.312087363081627,1.4055256794506346,0.1035049288061336
Bedaquiline,LinReg,4,0.3920767250809038,0.5790572352156262,0.877385842093594,1.4137265393102836,0.8948521358159912,0.3752759275333704,3.756551201031295e-62,0.2307692307692307,0.9922222222222222,0.3,0.9813800657174152,0.6114957264957265,0.2608695652173913,2,"– Lineage
AF = 25%
Binary Augment",1.3122810421693927,1.4938727214952465,0.10514786418400879
Bedaquiline,LinReg,4,0.39717654112134,0.5006016009299076,0.869538661877412,1.3369409207481529,0.8937568455640745,0.3769542097947421,9.782423579273468e-63,0.1538461538461538,0.9911111111111112,0.2,0.9791894852135816,0.5724786324786325,0.1739130434782608,3,"– Lineage
AF = 25%
Binary Augment",1.3169280633442109,1.4148034095577526,0.10624315443592547
Bedaquiline,LinReg,4,0.3995702483773583,0.5164349891865798,0.8875990079334031,1.366435072673961,0.9194961664841182,0.3569801161648663,5.306194284293312e-56,0.0769230769230769,0.9955555555555556,0.2,0.982475355969332,0.5362393162393162,0.1111111111111111,4,"– Lineage
AF = 25%
Binary Augment",1.319114912807472,1.4304162083262357,0.08050383351588175
Bedaquiline,LinReg,4,0.3930164291850519,0.4820149383896134,0.8504710158735057,1.3015724517015073,0.9008762322015336,0.4179410840713112,4.085611431787332e-78,0.1923076923076923,0.9938888888888888,0.3125,0.982475355969332,0.5930982905982907,0.2380952380952381,0,"+ Lineage
Binary Augment",1.3131360791269044,1.3966929944538262,0.09912376779846643
Bedaquiline,LinReg,4,0.3825824533425191,0.4774228823092488,0.8562733133780155,1.2901944305203463,0.9052573932092004,0.414240341439438,1.2311159911400132e-76,0.3076923076923077,0.995,0.4705882352941176,0.9852135815991238,0.6513461538461538,0.372093023255814,1,"+ Lineage
Binary Augment",1.3036733698260712,1.392254429199561,0.0947426067907996
Bedaquiline,LinReg,4,0.3930267003825665,0.4984390788100634,0.8448719924239984,1.300943974508523,0.8997809419496167,0.422732336986088,4.662416278281998e-80,0.3846153846153846,0.9933333333333332,0.4545454545454545,0.9846659364731654,0.688974358974359,0.4166666666666666,2,"+ Lineage
Binary Augment",1.3131454279689407,1.4126842841143996,0.10021905805038334
Bedaquiline,LinReg,4,0.3850987593142384,0.4819870552755593,0.8457991817279834,1.298500029234741,0.9052573932092004,0.4253906974750764,3.7766312487444e-81,0.2307692307692307,0.9955555555555556,0.4285714285714285,0.9846659364731654,0.6131623931623932,0.3,3,"+ Lineage
Binary Augment",1.3059491824411373,1.3966660006868672,0.0947426067907996
Bedaquiline,LinReg,4,0.3931513182924963,0.5003624954560207,0.8689722942488303,1.3338203260509265,0.9200438116100766,0.3839914478710441,3.180219669724425e-65,0.2307692307692307,0.9955555555555556,0.4285714285714285,0.9846659364731654,0.6131623931623932,0.3,4,"+ Lineage
Binary Augment",1.313258860469773,1.4145689461413031,0.07995618838992335
Bedaquiline,LinReg,4,0.3945709424230769,0.4853054734577811,0.8520255291115307,1.3063205129956177,0.9003285870755751,0.4179370903454993,4.1007493817885215e-78,0.1538461538461538,0.9938888888888888,0.2666666666666666,0.9819277108433736,0.5738675213675214,0.1951219512195122,0,"+ Lineage
AF = 25%
Binary Augment",1.3145517543082463,1.3998822425756106,0.09967141292442494
Bedaquiline,LinReg,4,0.382628723092885,0.4772612548315719,0.8562806851380567,1.2900363908475274,0.9052573932092004,0.4142410742227413,1.2302912743323751e-76,0.3076923076923077,0.995,0.4705882352941176,0.9852135815991238,0.6513461538461538,0.372093023255814,1,"+ Lineage
AF = 25%
Binary Augment",1.303715181579058,1.3920984614026792,0.0947426067907996
Bedaquiline,LinReg,4,0.3937499403104625,0.5009226061044694,0.8455566559964854,1.3040851865567835,0.8992332968236583,0.4227325262592252,4.661585782076005e-80,0.3846153846153846,0.9933333333333332,0.4545454545454545,0.9846659364731654,0.688974358974359,0.4166666666666666,2,"+ Lineage
AF = 25%
Binary Augment",1.3138038881910838,1.4151182437620806,0.10076670317634173
Bedaquiline,LinReg,4,0.3849951546566598,0.4815144987751659,0.8456581882990518,1.2978677661187863,0.9052573932092004,0.4253928657290069,3.768862601178844e-81,0.2307692307692307,0.9955555555555556,0.4285714285714285,0.9846659364731654,0.6131623931623932,0.3,3,"+ Lineage
AF = 25%
Binary Augment",1.3058554013190786,1.3962085959699215,0.0947426067907996
Bedaquiline,LinReg,4,0.3931392883695225,0.5002857732264336,0.868956371607904,1.3337273742231446,0.9200438116100766,0.3839915374519731,3.1799848971115807e-65,0.2307692307692307,0.9955555555555556,0.4285714285714285,0.9846659364731654,0.6131623931623932,0.3,4,"+ Lineage
AF = 25%
Binary Augment",1.3132479098969763,1.414493721651958,0.07995618838992335
Bedaquiline,LinReg,4,0.3859957737992923,0.4727215000005775,0.8484687760017748,1.2816098235552924,0.9079956188389924,0.4173392969147677,7.129094418812838e-78,0.0769230769230769,0.9955555555555556,0.2,0.982475355969332,0.5362393162393162,0.1111111111111111,0,+ Lineage,1.3067614258879503,1.3877248046939785,0.09200438116100762
Bedaquiline,LinReg,4,0.3938658876761292,0.516970788393048,0.8917271918294509,1.3577745664422949,0.9194961664841182,0.3915573750902034,5.735770933167604e-68,0.0,1.0,,0.9857612267250822,0.5,0.0,1,+ Lineage,1.3139094809997112,1.4309475459852363,0.08050383351588175
Bedaquiline,LinReg,4,0.3813813889715483,0.4800855781039108,0.8547670043827187,1.2907820359669009,0.9184008762322016,0.4204448968056323,3.981076519951561e-79,0.0769230769230769,0.9961111111111112,0.2222222222222222,0.9830230010952904,0.536517094017094,0.1142857142857143,2,+ Lineage,1.302588494645481,1.3948264025179198,0.08159912376779843
Bedaquiline,LinReg,4,0.3823157182836837,0.4857028131554936,0.8579471532225419,1.2995454151998205,0.9173055859802848,0.4223862571403188,6.4563838251478375e-80,0.0769230769230769,0.995,0.1818181818181818,0.9819277108433736,0.5359615384615385,0.1081081081081081,3,+ Lineage,1.3034323602992395,1.4002678440888958,0.08269441401971522
Bedaquiline,LinReg,4,0.3946110465203467,0.520917629792764,0.8797304806739259,1.3395857123544794,0.913472070098576,0.3963809913074488,9.361447807565316e-70,0.2307692307692307,0.9961111111111112,0.4615384615384615,0.9852135815991238,0.6134401709401709,0.3076923076923077,4,+ Lineage,1.3145882967809621,1.4348676089654273,0.086527929901424
Bedaquiline,LinReg,6,0.3764582918713188,0.4631406460664672,0.8506351750670349,1.260902089476199,0.9112814895947426,0.4358083899246907,1.600075952769233e-85,0.0769230769230769,0.9961111111111112,0.2222222222222222,0.9830230010952904,0.536517094017094,0.1142857142857143,0,"+ Lineage
+ Tier 2 Loci",1.2981510769460003,1.3785395380726078,0.08871851040525736
Bedaquiline,LinReg,6,0.3919756118870691,0.5086394177605775,0.8836544998475271,1.3400401957297623,0.9112814895947426,0.3861695505489367,5.247172283135688e-66,0.0769230769230769,0.9966666666666668,0.25,0.9835706462212488,0.5367948717948718,0.1176470588235294,1,"+ Lineage
+ Tier 2 Loci",1.312189072436434,1.4227078300891745,0.08871851040525736
Bedaquiline,LinReg,6,0.3766213771439544,0.473233439155187,0.8533510487789996,1.2761455003894655,0.9090909090909092,0.4274675809947154,5.2180342832346754e-82,0.0769230769230769,0.9961111111111112,0.2222222222222222,0.9830230010952904,0.536517094017094,0.1142857142857143,2,"+ Lineage
+ Tier 2 Loci",1.2982978309603894,1.3882173250853207,0.09090909090909083
Bedaquiline,LinReg,6,0.375309738693604,0.4783292320825663,0.8614644559440273,1.2847437055966002,0.9200438116100766,0.4277227733141434,4.0876137158936666e-82,0.0769230769230769,0.995,0.1818181818181818,0.9819277108433736,0.5359615384615385,0.1081081081081081,3,"+ Lineage
+ Tier 2 Loci",1.29711800886383,1.3931293652796566,0.07995618838992335
Bedaquiline,LinReg,6,0.3851320066091726,0.5071490123772209,0.8734222526054222,1.314148473868514,0.9140197152245344,0.4185594665359232,2.303020843400306e-78,0.1153846153846153,0.9966666666666668,0.3333333333333333,0.984118291347207,0.556025641025641,0.1714285714285714,4,"+ Lineage
+ Tier 2 Loci",1.3059792787378013,1.4212388318193432,0.0859802847754656
Bedaquiline,LinReg,6,0.387965554252063,0.4825303972456007,0.8689017319931863,1.3007840851260446,0.910186199342826,0.3949060155235614,3.319053373461046e-69,0.0384615384615384,0.9955555555555556,0.1111111111111111,0.9819277108433736,0.517008547008547,0.0571428571428571,0,"– Lineage
+ Tier 2 Loci",1.3085468282532053,1.3971921064496866,0.08981380065717404
Bedaquiline,LinReg,6,0.3996067222499941,0.5178173757207952,0.8925159162700469,1.3581046799532663,0.91894852135816,0.3607354575332114,3.1256603971321227e-57,0.0384615384615384,0.9966666666666668,0.1428571428571428,0.9830230010952904,0.5175641025641026,0.0606060606060606,1,"– Lineage
+ Tier 2 Loci",1.3191482627782953,1.431787486188364,0.08105147864184004
Bedaquiline,LinReg,6,0.3857467279393438,0.5098988322733436,0.8807747727539098,1.3480900226983916,0.9184008762322016,0.3781085343328468,3.859498331397528e-63,0.0384615384615384,0.9966666666666668,0.1428571428571428,0.9830230010952904,0.5175641025641026,0.0606060606060606,2,"– Lineage
+ Tier 2 Loci",1.3065358650968364,1.4239503388250931,0.08159912376779843
Bedaquiline,LinReg,6,0.3888485257351613,0.4961136130781335,0.8758569057393859,1.3209906592137846,0.9173055859802848,0.3905860072190182,1.3029046246595791e-67,0.0769230769230769,0.995,0.1818181818181818,0.9819277108433736,0.5359615384615385,0.1081081081081081,3,"– Lineage
+ Tier 2 Loci",1.3093479422414118,1.410409026646701,0.08269441401971522
Bedaquiline,LinReg,6,0.4037473614464843,0.5200507016875687,0.8801673383852767,1.350251689426566,0.9129244249726176,0.3830488417383362,6.906728078594199e-65,0.0769230769230769,0.9961111111111112,0.2222222222222222,0.9830230010952904,0.536517094017094,0.1142857142857143,4,"– Lineage
+ Tier 2 Loci",1.322939752100463,1.434005643439996,0.08707557502738239
Ethambutol,CNN,2,0.3254822023981014,0.4582326629821475,0.7016732729040119,0.8666696519302006,0.8973460190285428,0.7735466223406213,0.0,0.6739526411657559,0.9350828729281768,0.7974137931034483,0.8632949424136205,0.8045177570469664,0.7305034550839091,0,– Lineage,1.2530831956978037,1.3738577771829585,0.10265398097145717
Ethambutol,CNN,2,0.3445601138413405,0.466303855401049,0.7315271027383088,0.8900471453520001,0.8813219829744617,0.764367523844206,0.0,0.8378870673952641,0.8680939226519337,0.706605222734255,0.8597896845267902,0.8529904950235989,0.7666666666666666,1,– Lineage,1.2697637651084446,1.3815653979920872,0.11867801702553826
Ethambutol,CNN,2,0.3206949689698066,0.4490392984133738,0.7086060466239167,0.8575356140758187,0.9033550325488232,0.7724749442318057,0.0,0.7668488160291439,0.9088397790055248,0.7613019891500904,0.8698047070605909,0.8378442975173344,0.7640653357531761,2,– Lineage,1.2489320342890389,1.3651309029772012,0.09664496745117679
Ethambutol,CNN,2,0.3364578499391757,0.4917251154755219,0.7192850019035535,0.8997831739446922,0.900350525788683,0.7666251754597734,0.0,0.8415300546448088,0.8687845303867403,0.7085889570552147,0.8612919379068603,0.8551572925157745,0.7693588676103247,3,– Lineage,1.2626526806992107,1.4061252577026877,0.09964947421131698
Ethambutol,CNN,2,0.3387665300836928,0.5001585542361379,0.7344065526333676,0.9254691325028844,0.8968452679018528,0.7588585592196442,0.0,0.8397085610200364,0.8722375690607734,0.7136222910216719,0.8632949424136205,0.8559730650404049,0.7715481171548118,4,– Lineage,1.2646748647063109,1.4143689949952272,0.10315473209814718
Ethambutol,CNN,2,0.3510320213874161,0.4889384676836029,0.6952361155330176,0.9105346454937376,0.8938407611417125,0.769893113016711,0.0,0.7358834244080146,0.9157458563535912,0.7680608365019012,0.8662994491737607,0.8258146403808029,0.7516279069767443,0,+ Lineage,1.2754727011625924,1.4034118679108945,0.10615923885828749
Ethambutol,CNN,2,0.3210000596923357,0.4213802586741368,0.6911676019954897,0.822444396904234,0.9043565348022032,0.7862212467217711,0.0,0.825136612021858,0.8895027624309392,0.7389885807504079,0.871807711567351,0.8573196872263986,0.7796901893287436,1,+ Lineage,1.2491961773395848,1.3392081925683694,0.09564346519779676
Ethambutol,CNN,2,0.3326573943442018,0.4660593114425297,0.7065321942234206,0.8755975153782828,0.899849774661993,0.7740963450115531,0.0,0.692167577413479,0.9343922651933702,0.8,0.8678017025538307,0.8132799213034245,0.7421875,2,+ Lineage,1.2593308833919947,1.3813312356573577,0.10015022533800699
Ethambutol,CNN,2,0.3418848083437221,0.5077611672520645,0.7304236124026415,0.9302449137014376,0.9018527791687532,0.7688846638163435,0.0,0.848816029143898,0.8701657458563536,0.7125382262996942,0.8642964446670005,0.8594908875001258,0.7747298420615129,3,+ Lineage,1.2674113218265908,1.4218420104959726,0.09814722083124683
Ethambutol,CNN,2,0.3489494570115629,0.488785838241078,0.7184194964899447,0.9043127807590718,0.8923385077616425,0.7676708585439972,0.0,0.848816029143898,0.8653314917127072,0.7049924357034796,0.8607911867801703,0.8570737604283025,0.7702479338842975,4,+ Lineage,1.2736328544354307,1.4032634022721782,0.10766149223835753
Ethambutol,LinReg,2,0.3462756051720189,0.4474536572832785,0.6910644196401499,0.8567533160664208,0.8893340010015023,0.7764717647699797,0.0,0.8269581056466302,0.8832872928176796,0.7287319422150883,0.8678017025538307,0.8551226992321549,0.7747440273037542,0,– Lineage,1.2712745239724692,1.3636313354728626,0.11066599899849772
Ethambutol,LinReg,2,0.3490821614276481,0.4385775994838557,0.6872385344597937,0.84258602694261,0.8863294942413621,0.7732360033052174,0.0,0.7395264116575592,0.9095303867403316,0.7560521415270018,0.8627941912869304,0.8245283991989454,0.7476979742173112,1,– Lineage,1.2737500132757211,1.3552674657352006,0.11367050575863791
Ethambutol,LinReg,2,0.3664746184947453,0.454201855985812,0.7050720443505364,0.8737035168921722,0.8793189784677016,0.7710250315340783,0.0,0.7468123861566485,0.9171270718232044,0.7735849056603774,0.8703054581872809,0.8319697289899264,0.7599629286376275,2,– Lineage,1.2891986819190724,1.370024654798872,0.12068102153229843
Ethambutol,LinReg,2,0.3525092376093999,0.483982432468686,0.690184240678122,0.8837750031571887,0.8963445167751627,0.7735994525430447,0.0,0.7814207650273224,0.8943370165745856,0.7371134020618557,0.8632949424136205,0.837878890800954,0.7586206896551725,3,– Lineage,1.2767793625549373,1.3985990520552334,0.10365548322483731
Ethambutol,LinReg,2,0.3378783371729162,0.4458517949638697,0.6796983839605633,0.8389589146497965,0.8883324987481221,0.7781577565213502,0.0,0.761384335154827,0.9019337016574586,0.7464285714285714,0.8632949424136205,0.8316590184061428,0.7538322813345355,4,– Lineage,1.26389650925552,1.3621180999170517,0.11166750125187785
Ethambutol,LinReg,2,0.3423970270056067,0.433232884558237,0.680457437332348,0.8395829565644597,0.8983475212819229,0.7856624794866268,0.0,0.819672131147541,0.893646408839779,0.7450331125827815,0.8733099649474211,0.8566592699936599,0.7805724197745012,0,+ Lineage,1.2678613871363238,1.350255930265831,0.10165247871807714
Ethambutol,LinReg,2,0.3447456353211081,0.4240969148207515,0.6762561246290244,0.8247884591977168,0.8988482724086129,0.7815577533257196,0.0,0.7632058287795993,0.9040055248618784,0.7508960573476703,0.8652979469203805,0.8336056768207389,0.7570009033423669,1,+ Lineage,1.2699270592163043,1.341732354382568,0.10115172759138713
Ethambutol,LinReg,2,0.3564682870093782,0.4405454125084993,0.6975561912739118,0.857953420342835,0.8883324987481221,0.7784303004781299,0.0,0.7431693989071039,0.9219613259668508,0.783109404990403,0.8728092138207311,0.8325653624369773,0.7626168224299066,2,+ Lineage,1.2802879173916752,1.357117290220567,0.11166750125187785
Ethambutol,LinReg,2,0.3523793533621166,0.4755863688961192,0.6822437737182121,0.8715406091726959,0.8923385077616425,0.7790199238165881,0.0,0.7832422586520947,0.9019337016574586,0.7517482517482518,0.8693039559339009,0.8425879801547767,0.7671721677074042,3,+ Lineage,1.276664420687757,1.3904832529483357,0.10766149223835753
Ethambutol,LinReg,2,0.3381260212524524,0.4345839086674366,0.671208054099997,0.8245011425168571,0.8988482724086129,0.7866455686572303,0.0,0.7941712204007286,0.8970994475138122,0.7452991452991453,0.8688032048072108,0.8456353339572704,0.7689594356261023,4,+ Lineage,1.2641135155585745,1.351520981220777,0.10115172759138713
Ethionamide,CNN,4,0.390413763328957,0.6625917548199981,0.8618885884404801,1.246701549215001,0.857707509881423,0.5857571420663302,9.225344298962369e-187,0.6231454005934718,0.9614700652045052,0.7636363636363637,0.9051383399209486,0.7923077328989885,0.6862745098039216,0,– Lineage,1.3107692771227915,1.5829237421049558,0.14229249011857703
Ethionamide,CNN,4,0.3994533793201483,0.6676137373472494,0.8630038207716405,1.2448899976824908,0.8848814229249012,0.6031132675969825,8.688614532241974e-201,0.7032640949554896,0.93479549496147,0.6829971181556196,0.8962450592885376,0.8190297949584798,0.6929824561403509,1,– Lineage,1.319008058990272,1.588443458377239,0.11511857707509876
Ethionamide,CNN,4,0.4245324762229043,0.7549727236395242,0.8990953692518672,1.3790021037055635,0.8893280632411067,0.5632850391012882,8.140433803202872e-170,0.6913946587537092,0.937166567871962,0.6873156342182891,0.8962450592885376,0.8142806133128356,0.6893491124260355,2,– Lineage,1.3421374954806489,1.6875996853003512,0.11067193675889331
Ethionamide,CNN,4,0.404443776427463,0.6953919373188776,0.8748175006063322,1.2821978844579884,0.8977272727272727,0.5829211933778583,1.502580177582412e-184,0.6468842729970327,0.9555423829282752,0.7440273037542662,0.9041501976284584,0.8012133279626539,0.6920634920634922,3,– Lineage,1.323578513196662,1.6193242955755576,0.10227272727272729
Ethionamide,CNN,4,0.4154333049880754,0.7051192177141834,0.867588022323952,1.2852374262677362,0.8754940711462451,0.5836628307496443,3.9857975983643233e-185,0.6261127596439169,0.951985773562537,0.7226027397260274,0.8977272727272727,0.7890492666032269,0.670906200317965,4,– Lineage,1.3336991856656648,1.630279378064263,0.12450592885375489
Ethionamide,CNN,4,0.3592760921545078,0.6327990718408774,0.834289783248565,1.1924289519512978,0.8868577075098815,0.636122075679554,5.483260920437153e-230,0.6083086053412463,0.970954356846473,0.8070866141732284,0.9105731225296444,0.7896314810938596,0.6937394247038916,0,+ Lineage,1.2827820684832452,1.5505704453878195,0.11314229249011853
Ethionamide,CNN,4,0.3908620574572605,0.6834546550486447,0.8423284493299822,1.2442853589149954,0.8814229249011858,0.6243634456099763,3.501390908539865e-219,0.6824925816023739,0.9407231772377,0.696969696969697,0.8977272727272727,0.811607879420037,0.6896551724137931,1,+ Lineage,1.3111766407432857,1.6059808110853648,0.11857707509881421
Ethionamide,CNN,4,0.3845830734731806,0.6586482550191507,0.8429999888498787,1.2165168096644716,0.8774703557312253,0.6414895495071711,4.452266660015966e-235,0.6617210682492581,0.941908713692946,0.6947040498442367,0.8952569169960475,0.801814890971102,0.6778115501519757,2,+ Lineage,1.3054824593049124,1.5786028456738854,0.12252964426877466
Ethionamide,CNN,4,0.386836893795951,0.6729372879417365,0.8539991859248023,1.2539254283491996,0.8740118577075099,0.6426182083395507,3.674110953289408e-236,0.6676557863501483,0.951985773562537,0.7352941176470589,0.9046442687747036,0.8098207799563426,0.6998444790046656,3,+ Lineage,1.3075235160099044,1.5943156487678845,0.1259881422924901
Ethionamide,CNN,4,0.3812692809183718,0.6585801074960879,0.8164579804405215,1.200376217242459,0.8759881422924901,0.6585739359368782,5.558607128221273e-252,0.7091988130563798,0.931238885595732,0.6732394366197183,0.8942687747035574,0.8202188493260559,0.6907514450867052,4,+ Lineage,1.3024872778377683,1.5785282801350604,0.12401185770750989
Ethionamide,CNN,8,0.3717542470953505,0.6205781325370122,0.8347728470324204,1.1856437210553885,0.8814229249011858,0.6414268565997544,5.1124355456140775e-235,0.6468842729970327,0.9590989922940132,0.759581881533101,0.9071146245059288,0.8029916326455229,0.6987179487179488,0,"+ Lineage
+ Tier 2 Loci",1.2939252246912372,1.5374911781372838,0.11857707509881421
Ethionamide,CNN,8,0.3744942259226127,0.642321169213317,0.8485603094174712,1.219492819276148,0.8651185770750988,0.6327890509582298,7.070014131349152e-227,0.6943620178041543,0.940130409010077,0.6985074626865672,0.8992094861660079,0.8172462134071157,0.6964285714285713,1,"+ Lineage
+ Tier 2 Loci",1.296384993672154,1.560838391668628,0.13488142292490124
Ethionamide,CNN,8,0.3684050416709111,0.6394257542834823,0.8413722032305219,1.2010086284214172,0.8685770750988142,0.6558135260424113,3.556429010651839e-249,0.5845697329376854,0.966804979253112,0.7786561264822134,0.9031620553359684,0.7756873560953987,0.6677966101694915,2,"+ Lineage
+ Tier 2 Loci",1.2909248712453336,1.557709010399319,0.1314229249011858
Ethionamide,CNN,8,0.3948151496936716,0.6492397817090967,0.8529326629143913,1.236801976124852,0.8720355731225297,0.6118719522249394,3.364378023097693e-208,0.6409495548961425,0.960877296976882,0.7659574468085106,0.907608695652174,0.8009134259365123,0.6978998384491114,3,"+ Lineage
+ Tier 2 Loci",1.3147742893960177,1.5683415511545706,0.12796442687747034
Ethionamide,CNN,8,0.4744600906404136,0.755796528981088,0.8473439776532441,1.3309203294832852,0.8369565217391305,0.5801582584655095,2.0458591206845903e-182,0.5459940652818991,0.949614700652045,0.6840148698884758,0.8824110671936759,0.747804382966972,0.6072607260726073,4,"+ Lineage
+ Tier 2 Loci",1.3893981588224922,1.6885636108712365,0.1630434782608695
Ethionamide,LinReg,4,0.414224844951333,0.6112090908962275,0.7683678728830104,1.1174685435678993,0.8843873517786561,0.6162371708872671,5.56088408351025e-212,0.5816023738872403,0.967990515708358,0.784,0.9036561264822134,0.7747964447977992,0.667802385008518,0,– Lineage,1.3325824927488166,1.5275388692957557,0.11561264822134387
Ethionamide,LinReg,4,0.4232426534438854,0.654593429786506,0.7774375813789742,1.1612329742149374,0.8814229249011858,0.6103805420119148,6.389213772459402e-207,0.5756676557863502,0.96443390634262,0.7637795275590551,0.8997035573122529,0.7700507810644851,0.6565143824027072,1,– Lineage,1.3409381110970475,1.5741722684182375,0.11857707509881421
Ethionamide,LinReg,4,0.4235155996223436,0.6439370390832461,0.770251025809446,1.1482525505584436,0.8784584980237155,0.6083066726886324,3.7325966751909246e-205,0.5727002967359051,0.966212211025489,0.772,0.900691699604743,0.769456253880697,0.6575809199318569,2,– Lineage,1.3411918296912528,1.5625875656883568,0.12154150197628455
Ethionamide,LinReg,4,0.4182032877953175,0.6318018797476594,0.7653488275873707,1.1351012446172932,0.8843873517786561,0.6270043752597604,1.438368036778085e-221,0.5905044510385756,0.965026674570243,0.7713178294573644,0.9026679841897232,0.7777655628044093,0.66890756302521,3,– Lineage,1.3362623556648283,1.54949906003314,0.11561264822134387
Ethionamide,LinReg,4,0.4508085277717475,0.6726300179686295,0.8104032395118269,1.196092390255847,0.8611660079051383,0.5971048029367146,7.795523586333511e-196,0.5281899109792285,0.959691760521636,0.7235772357723578,0.8878458498023716,0.7439408357504322,0.6106346483704974,4,– Lineage,1.3668060395449435,1.5939761222930293,0.1388339920948617
Ethionamide,LinReg,4,0.3966113125944118,0.5874681914891882,0.7400893303109334,1.069941544754641,0.8873517786561265,0.6586502658533304,4.644631277825199e-252,0.5845697329376854,0.969768820391227,0.7943548387096774,0.9056324110671936,0.7771692766644562,0.6735042735042734,0,+ Lineage,1.316412209687616,1.5026074824353972,0.11264822134387353
Ethionamide,LinReg,4,0.4026337909543256,0.6324670161420504,0.750445231708737,1.1148232262592723,0.8858695652173914,0.6570237093838415,2.1109371454451864e-250,0.5519287833827893,0.970954356846473,0.7914893617021277,0.9011857707509882,0.7614415701146311,0.6503496503496503,1,+ Lineage,1.3219190109026675,1.5502136017791681,0.11413043478260865
Ethionamide,LinReg,4,0.4026479267525938,0.6163469028399344,0.7461352918510614,1.0967254843006644,0.883893280632411,0.6608599235540105,2.5035878848492038e-254,0.5519287833827893,0.972139893301719,0.7982832618025751,0.9021739130434784,0.7620343383422541,0.6526315789473685,2,+ Lineage,1.321931963378057,1.5329885302299275,0.11610671936758898
Ethionamide,LinReg,4,0.3976343957462995,0.6063137228763084,0.7403574368179405,1.0842060678705354,0.892292490118577,0.6687084236763468,1.5235092225903973e-262,0.5875370919881305,0.967397747480735,0.782608695652174,0.9041501976284584,0.7774674197344328,0.6711864406779662,3,+ Lineage,1.3173460708064344,1.522364392312742,0.10770750988142297
Ethionamide,LinReg,4,0.430669345760427,0.6437985548366385,0.7789364045803102,1.1421634893408912,0.8685770750988142,0.6519418634961897,2.7362705587961986e-245,0.5074183976261127,0.96443390634262,0.7402597402597403,0.8883399209486166,0.7359261519843664,0.602112676056338,4,+ Lineage,1.3478587778118625,1.5624375801611472,0.1314229249011858
Isoniazid,CNN,4,0.4381605518948804,1.5535574540285242,1.0246967965684597,2.489565348117917,0.884009942004971,0.8297876345420353,0.0,0.9380196523053664,0.9697525206232814,0.9740973312401884,0.9523612261806133,0.953886086464324,0.955718136311128,0,– Lineage,1.3548757479247382,2.9354007012753542,0.11599005799502904
Isoniazid,CNN,4,0.4494296192221218,1.674813334839642,1.034505374611778,2.5892874821838583,0.8823529411764706,0.8243512595967987,0.0,0.9365079365079364,0.9642529789184234,0.9694835680751174,0.9490472245236122,0.95038045771318,0.9527104959630912,1,– Lineage,1.3655002887927947,3.1927804162419315,0.11764705882352944
Isoniazid,CNN,4,0.5036828217657738,1.9951173949940928,1.0815898389395886,2.9061537146632723,0.8823529411764706,0.8128677357775931,0.0,0.9251700680272108,0.9715857011915674,0.9752988047808764,0.9461474730737366,0.9483778846093892,0.9495733126454616,2,– Lineage,1.4178282901626325,3.98648542644243,0.11764705882352944
Isoniazid,CNN,4,0.4311194026454333,1.4167292077787237,1.01614109555138,2.3251505210830383,0.8889809444904723,0.8212989543134787,0.0,0.9486016628873772,0.9651695692025664,0.9706109822119104,0.956089478044739,0.9568856160449718,0.959480122324159,3,– Lineage,1.3482793155788981,2.6697954419858445,0.11101905550952773
Isoniazid,CNN,4,0.5623065668697237,1.9535313906126044,1.1332375010877118,3.1091253205076645,0.8666114333057167,0.8063833300829315,0.0,0.924414210128496,0.9706691109074244,0.9745019920318724,0.9453189726594864,0.94754166051796,0.948797517455392,4,– Lineage,1.4766281498653056,3.8732144733358753,0.13338856669428334
Isoniazid,CNN,4,0.4387484433712368,1.486900538775666,0.9956932511420548,2.340817945545889,0.8869096934548467,0.8329394814575373,0.0,0.9312169312169312,0.9715857011915674,0.9754552652414884,0.9494614747307374,0.9514013162042492,0.9528228924980664,0,+ Lineage,1.3554279659557564,2.8028616586658837,0.11309030654515329
Isoniazid,CNN,4,0.43498057437792,1.5737860924942155,1.0090247987065886,2.4801702187313275,0.8819386909693455,0.826442436393993,0.0,0.9417989417989416,0.9633363886342804,0.968895800933126,0.9515327257663628,0.9525676652166112,0.9551552318896128,1,+ Lineage,1.3518926299211764,2.9768491020260077,0.11806130903065448
Isoniazid,CNN,4,0.4967530006979755,1.8782678578400367,1.055354939353003,2.745689708960852,0.8699254349627175,0.8116334749189067,0.0,0.9251700680272108,0.9697525206232814,0.973747016706444,0.9453189726594864,0.9474612943252462,0.9488372093023256,2,+ Lineage,1.411034243971452,3.676334036771437,0.13007456503728254
Isoniazid,CNN,4,0.4730178587970152,1.8069251998116456,1.0513341432786136,2.7018023495497667,0.876139188069594,0.8234582875606024,0.0,0.925925925925926,0.9715857011915674,0.9753184713375797,0.9465617232808616,0.9487558135587466,0.9499806126405584,3,+ Lineage,1.3880099007712279,3.4989576425751605,0.12386081193040599
Isoniazid,CNN,4,0.5242141292178201,2.0716184085807567,1.1405024482493245,3.1913465923828137,0.8707539353769677,0.8026521312118583,0.0,0.9229024943310656,0.9761686526122824,0.9791499599037692,0.9469759734879868,0.949535573471674,0.9501945525291828,4,+ Lineage,1.4381499716316628,4.203579646615433,0.12924606462303234
Isoniazid,LinReg,4,0.4945965694269945,1.4109439385766132,0.995502120913774,2.7579842561755843,0.8686826843413422,0.8154045180528395,0.0,0.9501133786848072,0.9679193400549956,0.9729102167182664,0.9581607290803644,0.9590163593699014,0.961376673040153,0,– Lineage,1.408926712343283,2.6591108844510374,0.13131731565865778
Isoniazid,LinReg,4,0.515140512534448,1.52485403871045,1.0095321275948803,2.7934578746833667,0.8579121789560895,0.8150291588284428,0.0,0.944822373393802,0.9651695692025664,0.970496894409938,0.9540182270091137,0.954995971298184,0.9574875526618154,1,– Lineage,1.429133324642301,2.8775760132848105,0.1420878210439105
Isoniazid,LinReg,4,0.5422088489664849,1.4916298220095778,1.003159454205043,2.5381161114078434,0.8579121789560895,0.8158936976615134,0.0,0.944822373393802,0.9670027497708524,0.9720062208398134,0.9548467274233636,0.9559125615823272,0.9582215408202376,2,– Lineage,1.4562003377762573,2.8120647656518556,0.1420878210439105
Isoniazid,LinReg,4,0.5424924513709953,1.4980662671000158,1.0120511548956002,2.746231047449436,0.8541839270919636,0.8158306642069806,0.0,0.9380196523053664,0.9697525206232814,0.9740973312401884,0.9523612261806133,0.953886086464324,0.955718136311128,3,– Lineage,1.4564866231656284,2.8246385494986033,0.14581607290803644
Isoniazid,LinReg,4,0.5288595762686142,1.6714585198439484,1.014072393175948,2.909697806651827,0.8574979287489644,0.814856809080937,0.0,0.9387755102040816,0.9624197983501376,0.9680436477007016,0.9494614747307374,0.9505976542771096,0.953184957789716,4,– Lineage,1.442788247223381,3.18536461236856,0.14250207125103564
Isoniazid,LinReg,4,0.4936062646149661,1.4007307263793014,1.0022262647259137,2.755522986451616,0.8674399337199669,0.8199730461629375,0.0,0.9486016628873772,0.9651695692025664,0.9706109822119104,0.956089478044739,0.9568856160449718,0.959480122324159,0,+ Lineage,1.4079599188778447,2.640352824080491,0.13256006628003314
Isoniazid,LinReg,4,0.5155515632288437,1.5129225535701418,1.0158000124514732,2.7835040098793997,0.8632974316487159,0.8204369932907022,0.0,0.9425547996976568,0.9633363886342804,0.9689199689199688,0.951946975973488,0.9529455941659688,0.9555555555555556,1,+ Lineage,1.4295405693641339,2.8538758062061484,0.13670256835128414
Isoniazid,LinReg,4,0.5420488298951598,1.4869809432948782,1.0096151362664627,2.533964461501131,0.8612261806130903,0.8224824082774692,0.0,0.9410430839002268,0.9651695692025664,0.970381917381138,0.951946975973488,0.9531063265513966,0.955487336914812,2,+ Lineage,1.4560388296981917,2.8030178725695776,0.1387738193869097
Isoniazid,LinReg,4,0.5438025347869775,1.492925525605919,1.0201652478638736,2.7301173722384,0.8541839270919636,0.8199210250519154,0.0,0.9372637944066516,0.9679193400549956,0.9725490196078432,0.9511184755592378,0.9525915672308236,0.9545804464973056,3,+ Lineage,1.4578098311491186,2.81459145285914,0.14581607290803644
Isoniazid,LinReg,4,0.5316958490716945,1.6794865769927632,1.0182962484720242,2.925384622027231,0.8570836785418393,0.8162415657079231,0.0,0.9357520786092216,0.9615032080659944,0.9671875,0.9473902236951118,0.948627643337608,0.9512101421436804,4,+ Lineage,1.4456274932656672,3.2031393815897005,0.1429163214581607
Levofloxacin,CNN,1,0.1892087017988405,0.3628678488654354,0.6979024080612849,0.8436908818573109,0.9134615384615384,0.5867857055247913,5.506881035147149e-145,0.9112627986348124,0.9826361483820047,0.9238754325259516,0.9692307692307692,0.9469494735084084,0.9175257731958762,0,– Lineage,1.1401381943679714,1.2859796820568772,0.08653846153846156
Levofloxacin,CNN,1,0.1913194513034411,0.3591729142262361,0.6963543882801679,0.8382602332430236,0.9275641025641026,0.5752374910179204,4.0143512533224676e-138,0.9146757679180888,0.9810576164167324,0.9178082191780822,0.9685897435897436,0.9478666921674106,0.9162393162393162,1,– Lineage,1.1418075058858743,1.2826903304098682,0.0724358974358974
Levofloxacin,CNN,1,0.1891966821658116,0.3635693476411868,0.7028170644740721,0.8481541868514594,0.910897435897436,0.5799098489087637,7.245234562812206e-141,0.9112627986348124,0.978689818468824,0.9081632653061223,0.966025641025641,0.944976308551818,0.909710391822828,2,– Lineage,1.140128695488982,1.2866051313065061,0.08910256410256401
Levofloxacin,CNN,1,0.1888560465181248,0.3612785934970206,0.6996802685190497,0.8483130373404023,0.926923076923077,0.5907596756150163,2.0644774083175572e-147,0.9112627986348124,0.9834254143646408,0.9270833333333334,0.9698717948717948,0.9473441064997266,0.919104991394148,3,– Lineage,1.1398595307519641,1.2845638424070918,0.07307692307692304
Levofloxacin,CNN,1,0.1907405109206885,0.3623707441474793,0.6997240657953046,0.8491630205635888,0.9115384615384616,0.5682919696153023,3.991280080119732e-134,0.9112627986348124,0.9826361483820047,0.9238754325259516,0.9692307692307692,0.9469494735084084,0.9175257731958762,4,– Lineage,1.1413494008538783,1.2855366525692287,0.08846153846153837
Levofloxacin,CNN,1,0.1885870240762497,0.3669243058173199,0.6984345913123944,0.848159195132581,0.925,0.5831120901263118,8.993285724897275e-143,0.9215017064846416,0.9834254143646408,0.9278350515463918,0.9717948717948718,0.9524635604246412,0.9246575342465754,0,"– Lineage
AF = 25%",1.1396469985141675,1.2896005871369123,0.07499999999999996
Levofloxacin,CNN,1,0.1900253704082843,0.3577700662071134,0.6949992171888005,0.83552306083354,0.9243589743589744,0.5890496022260421,2.3064053406730147e-146,0.9215017064846416,0.9818468823993686,0.9215017064846416,0.9705128205128204,0.9516742944420052,0.9215017064846416,1,"– Lineage
AF = 25%",1.1407837768618312,1.2814436740051944,0.0756410256410256
Levofloxacin,CNN,1,0.1875786177947785,0.3552699089396667,0.696033626849025,0.8336615294312291,0.9256410256410256,0.5787915271925731,3.3171302715753365e-140,0.924914675767918,0.9818468823993686,0.9217687074829932,0.971153846153846,0.9533807790836432,0.9233390119250426,2,"– Lineage
AF = 25%",1.138850693256981,1.2792248847520877,0.07435897435897443
Levofloxacin,CNN,1,0.1883619266767582,0.3553481662926468,0.6977881107096031,0.8387362581918264,0.925,0.5860301116163708,1.5790534123135135e-144,0.924914675767918,0.9834254143646408,0.928082191780822,0.9724358974358974,0.9541700450662796,0.9264957264957264,3,"– Lineage
AF = 25%",1.1394691982468037,1.2792942767342472,0.07499999999999996
Levofloxacin,CNN,1,0.1874946357577324,0.3611642727452981,0.6959939893036257,0.8433428327152643,0.9256410256410256,0.5770368110254679,3.5671122191971766e-139,0.9215017064846416,0.9818468823993686,0.9215017064846416,0.9705128205128204,0.9516742944420052,0.9215017064846416,4,"– Lineage
AF = 25%",1.138784400509953,1.2844620561794264,0.07435897435897443
Levofloxacin,CNN,1,0.1864317926019479,0.3453563939961608,0.6847949553830447,0.8157335179518637,0.9224358974358976,0.6415962791093003,1.1132857248517924e-181,0.9180887372013652,0.9834254143646408,0.9275862068965516,0.971153846153846,0.9507570757830032,0.9228130360205832,0,+ Lineage,1.1379457593245594,1.2704647911324358,0.0775641025641024
Levofloxacin,CNN,1,0.183677293334806,0.3311667129262553,0.6810212587060936,0.8017925941112891,0.9282051282051282,0.6472910890944431,6.246032794192454e-186,0.9180887372013652,0.9802683504340964,0.9149659863945578,0.9685897435897436,0.9491785438177308,0.9165247018739352,1,+ Lineage,1.135775182526288,1.2580303371388073,0.07179487179487176
Levofloxacin,CNN,1,0.1850710824098583,0.3342626090686034,0.680942536885861,0.8090522862574633,0.9275641025641026,0.6592251402669926,3.84286328401288e-195,0.9010238907849828,0.978689818468824,0.9072164948453608,0.964102564102564,0.9398568546269036,0.9041095890410958,2,+ Lineage,1.1368729862384077,1.26073285778429,0.0724358974358974
Levofloxacin,CNN,1,0.1833517893375162,0.3233243110292052,0.6765587583669456,0.7920921695090599,0.9301282051282052,0.6488103327366245,4.4265944482168313e-187,0.9146757679180888,0.97947908445146,0.91156462585034,0.9673076923076924,0.9470774261847744,0.9131175468483816,3,+ Lineage,1.1355189553622604,1.2512103146693994,0.06987179487179485
Levofloxacin,CNN,1,0.1848092780809135,0.3557165469766931,0.6959292118640318,0.8406697233244919,0.9185897435897435,0.6264310847966157,8.662971607327087e-171,0.9146757679180888,0.9802683504340964,0.9146757679180888,0.967948717948718,0.9474720591760926,0.9146757679180886,4,+ Lineage,1.1366666978292799,1.2796209760433168,0.08141025641025645
Levofloxacin,CNN,1,0.1830248607599632,0.3274863179503483,0.6803106057411556,0.7966595633592396,0.9243589743589744,0.6475653852258103,3.87744203447688e-186,0.9215017064846416,0.9834254143646408,0.9278350515463918,0.9717948717948718,0.9524635604246412,0.9246575342465754,0,"+ Lineage
AF = 25%",1.1352616649946046,1.2548251221315485,0.0756410256410256
Levofloxacin,CNN,1,0.1803026598892582,0.3285664739515995,0.6789290350384771,0.8026240304741018,0.928846153846154,0.6508771655596822,1.1791489536794416e-188,0.9215017064846416,0.9826361483820047,0.9246575342465754,0.971153846153846,0.9520689274333232,0.9230769230769232,1,"+ Lineage
AF = 25%",1.133121575500544,1.2557649703848437,0.07115384615384601
Levofloxacin,CNN,1,0.1840279549971654,0.3205397424001757,0.682752257217922,0.7923697422323764,0.9192307692307692,0.6486151438409935,6.224844878047007e-187,0.9283276450511946,0.9779005524861878,0.9066666666666666,0.9685897435897436,0.9531140987686912,0.9173693086003372,2,"+ Lineage
AF = 25%",1.1360512777566225,1.248797662851767,0.08076923076923082
Levofloxacin,CNN,1,0.1842144716473776,0.3284335146095268,0.6779050193531745,0.798325309792778,0.9301282051282052,0.6606320345352091,2.956949511201382e-196,0.9283276450511946,0.9818468823993686,0.9220338983050848,0.9717948717948718,0.9550872637252816,0.9251700680272108,3,"+ Lineage
AF = 25%",1.1361981599253972,1.2556492439243283,0.06987179487179485
Levofloxacin,CNN,1,0.1825335411261817,0.3449652521245743,0.6857457454256173,0.8194046711645986,0.9307692307692308,0.6362447741801773,9.115012607313367e-178,0.9180887372013652,0.9826361483820047,0.9243986254295532,0.9705128205128204,0.950362442791685,0.9212328767123288,4,"+ Lineage
AF = 25%",1.1348751097190979,1.2701203908230343,0.0692307692307692
Levofloxacin,LinReg,1,0.2455738015225545,0.3669772182981334,0.66228651333536,0.8273101204939313,0.907051282051282,0.6019320957313975,2.0414377474765832e-154,0.89419795221843,0.9834254143646408,0.9257950530035336,0.9666666666666668,0.9388116832915354,0.9097222222222224,0,– Lineage,1.1855642103410495,1.2896478855719393,0.09294871794871795
Levofloxacin,LinReg,1,0.2391646592322287,0.3710155772399054,0.6590932654916356,0.8329332059096957,0.9115384615384616,0.6084575922280998,1.226492546749409e-158,0.8976109215017065,0.9826361483820047,0.9228070175438596,0.9666666666666668,0.9401235349418556,0.9100346020761246,1,– Lineage,1.1803090479589604,1.2932628955853276,0.08846153846153837
Levofloxacin,LinReg,1,0.2416205254446964,0.3929609733635386,0.6621208927598947,0.8594202744842315,0.9102564102564102,0.6100055774871732,1.182508557341341e-159,0.9010238907849828,0.97947908445146,0.9103448275862068,0.9647435897435898,0.9402514876182216,0.9056603773584904,2,– Lineage,1.1823199716872477,1.3130856043984307,0.08974358974358976
Levofloxacin,LinReg,1,0.2717204692758703,0.3822735496407702,0.6527353207537794,0.8448211466034972,0.921153846153846,0.603680633945777,1.5431632116825145e-155,0.9044368600682594,0.9818468823993686,0.9201388888888888,0.9673076923076924,0.943141871233814,0.9122203098106714,3,– Lineage,1.2072466576213077,1.303394262732574,0.07884615384615401
Levofloxacin,LinReg,1,0.2422559724658767,0.3799247240753306,0.6613018892363254,0.846849394920388,0.9192307692307692,0.6004490312471267,1.8019888922779456e-153,0.9044368600682594,0.9826361483820047,0.9233449477351916,0.967948717948718,0.943536504225132,0.9137931034482758,4,– Lineage,1.1828408490491487,1.3012739567155145,0.08076923076923082
Levofloxacin,LinReg,1,0.2448417118773922,0.3673554381983226,0.6612645313672728,0.8268814629465352,0.908974358974359,0.602627117400586,7.327860244633933e-155,0.9215017064846416,0.9834254143646408,0.9278350515463918,0.9717948717948718,0.9524635604246412,0.9246575342465754,0,"– Lineage
AF = 25%",1.1849627532911438,1.289986026636946,0.09102564102564104
Levofloxacin,LinReg,1,0.2392711133712605,0.3666690436207945,0.6590902173881752,0.8284319274323902,0.9096153846153846,0.6094433147905176,2.769730732189226e-159,0.9146757679180888,0.9826361483820047,0.9241379310344828,0.9698717948717948,0.9486559581500468,0.9193825042881646,1,"– Lineage
AF = 25%",1.1803961442722872,1.2893724327808396,0.0903846153846154
Levofloxacin,LinReg,1,0.2391015011377649,0.3738143366679527,0.6597414185401576,0.8371290728925228,0.9115384615384616,0.6152701364841872,3.7626383421524875e-163,0.9146757679180888,0.97947908445146,0.91156462585034,0.9673076923076924,0.9470774261847744,0.9131175468483816,2,"– Lineage
AF = 25%",1.1802573776914922,1.2957741989099771,0.08846153846153837
Levofloxacin,LinReg,1,0.2724700851592925,0.3818245609326422,0.6539988418018478,0.8454065137472256,0.9217948717948716,0.6070543480490602,1.0108823379885924e-157,0.9215017064846416,0.9818468823993686,0.9215017064846416,0.9705128205128204,0.9516742944420052,0.9215017064846416,3,"– Lineage
AF = 25%",1.2078740988987184,1.3029886896654768,0.07820512820512837
Levofloxacin,LinReg,1,0.2430750298625675,0.3837149134013314,0.6629644047582917,0.852503712168062,0.9198717948717948,0.6013503785792853,4.8030271588155874e-154,0.9215017064846416,0.9826361483820047,0.9246575342465754,0.971153846153846,0.9520689274333232,0.9230769230769232,4,"– Lineage
AF = 25%",1.1835125707799041,1.3046971049696392,0.08012820512820518
Levofloxacin,LinReg,1,0.2415100921365042,0.3325692409207904,0.6227237329822304,0.768552699851395,0.932051282051282,0.6430082655945527,1.002414236316754e-182,0.8976109215017065,0.9834254143646408,0.926056338028169,0.9673076923076924,0.9405181679331738,0.9116117850953206,0,+ Lineage,1.1822294726524574,1.2592539364740176,0.06794871794871804
Levofloxacin,LinReg,1,0.2689467747536959,0.3770391788996619,0.6434928210013102,0.8315449942156532,0.916025641025641,0.6408503774122957,3.95107858728468e-181,0.8737201365187713,0.9834254143646408,0.924187725631769,0.9628205128205128,0.928572775441706,0.8982456140350878,1,+ Lineage,1.2049278608562546,1.2986738700046263,0.08397435897435901
Levofloxacin,LinReg,1,0.2435806002407852,0.3336255418160759,0.6160904544843319,0.7678038649822236,0.9294871794871796,0.6561037698135136,1.0824331005016648e-192,0.8873720136518771,0.9826361483820047,0.9219858156028368,0.9647435897435898,0.9350040810169408,0.9043478260869564,2,+ Lineage,1.1839273873103724,1.2601762645414987,0.07051282051282037
Levofloxacin,LinReg,1,0.2451192807098436,0.3419334011854794,0.6138416445556023,0.7805002700622006,0.9102564102564102,0.6595463580773715,2.1423180737423483e-195,0.9078498293515358,0.9810576164167324,0.9172413793103448,0.9673076923076924,0.944453722884134,0.9125214408233274,3,+ Lineage,1.18519075738141,1.267454011482587,0.08974358974358976
Levofloxacin,LinReg,1,0.2390856687268508,0.3585935297082333,0.6130576785774309,0.7987515029500905,0.935897435897436,0.648040576648999,1.6956201341388793e-186,0.9044368600682594,0.9810576164167324,0.916955017301038,0.9666666666666668,0.942747238242496,0.9106529209621992,4,+ Lineage,1.1802444253926867,1.2821753070061046,0.06410256410256399
Levofloxacin,LinReg,1,0.2404655654184754,0.3317887424746772,0.6215461619784419,0.7668148246151243,0.9326923076923076,0.643720115002097,2.963691691237901e-183,0.9146757679180888,0.9834254143646408,0.9273356401384084,0.9705128205128204,0.9490505911413648,0.9209621993127148,0,"+ Lineage
AF = 25%",1.1813738355883305,1.258572863966766,0.0673076923076924
Levofloxacin,LinReg,1,0.2682833386421165,0.3749014988263722,0.6430390280540539,0.8288410029042863,0.9166666666666666,0.6408519058688413,3.9408507091117625e-181,0.8805460750853242,0.9834254143646408,0.9247311827956988,0.964102564102564,0.9319857447249826,0.9020979020979022,1,"+ Lineage
AF = 25%",1.2043738914750903,1.2967510149015578,0.08333333333333337
Levofloxacin,LinReg,1,0.2407749801160005,0.326473633490673,0.6136291510403216,0.7577044661710148,0.9307692307692308,0.6562234367001015,8.730152771374363e-193,0.9112627986348124,0.9826361483820047,0.9238754325259516,0.9692307692307692,0.9469494735084084,0.9175257731958762,2,"+ Lineage
AF = 25%",1.1816272319184729,1.253944620031496,0.0692307692307692
Levofloxacin,LinReg,1,0.2452531714746187,0.3408535308819773,0.6143624599901673,0.7798546072103908,0.9115384615384616,0.6626892959099441,6.780089091680282e-198,0.924914675767918,0.9810576164167324,0.91864406779661,0.9705128205128204,0.9529861460923252,0.9217687074829932,3,"+ Lineage
AF = 25%",1.1853007553062322,1.2665056656436224,0.08846153846153837
Levofloxacin,LinReg,1,0.2390584339351328,0.3611661196251028,0.6135365181771637,0.8020829611532448,0.9371794871794872,0.6498964533726135,6.610050854936093e-188,0.924914675767918,0.9810576164167324,0.91864406779661,0.9705128205128204,0.9529861460923252,0.9217687074829932,4,"+ Lineage
AF = 25%",1.1802221452802633,1.2844637004968205,0.06282051282051282
Moxifloxacin,CNN,1,0.5344232430674931,1.0285234525607814,1.010520558680429,1.905528537249545,0.8010610079575596,0.537364683109223,1.6083782412667324e-141,0.830945558739255,0.966796875,0.8504398826979472,0.9416445623342176,0.8988712168696276,0.8405797101449276,0,– Lineage,1.4483630159382435,2.0399353808128318,0.19893899204244037
Moxifloxacin,CNN,1,0.5954103392919956,1.0673330018385234,1.030124449366184,2.015150954493983,0.7994694960212202,0.5276161555524637,1.3795267161248747e-135,0.8424068767908309,0.9615885416666666,0.8328611898016998,0.9395225464190982,0.9019977092287488,0.8376068376068376,1,– Lineage,1.510902263621241,2.095555893094812,0.2005305039787798
Moxifloxacin,CNN,1,0.5608890409824072,0.987611795690789,0.9586703273278648,1.8569880015796865,0.8212201591511936,0.537711199267424,9.814916969059928e-142,0.8452722063037249,0.9615885416666666,0.8333333333333334,0.940053050397878,0.9034303739851958,0.8392603129445234,2,– Lineage,1.4751779954078332,1.9828998256003687,0.17877984084880638
Moxifloxacin,CNN,1,0.5254964576880101,0.9902788847066012,0.9807244139073276,1.8385895302950288,0.8201591511936339,0.5472139540185053,1.0250172663986673e-147,0.8653295128939829,0.9609375,0.8342541436464088,0.943236074270557,0.9131335064469914,0.849507735583685,3,– Lineage,1.4394288285186447,1.9865689737287173,0.17984084880636608
Moxifloxacin,CNN,1,0.5926821123016184,1.0910726635677852,1.043709704098381,2.0315167025646144,0.8053050397877984,0.5119069148740559,2.0077388844662663e-126,0.8022922636103151,0.962890625,0.8308605341246291,0.93315649867374,0.8825914443051576,0.8163265306122448,4,– Lineage,1.5080477523668663,2.130323701133906,0.19469496021220156
Moxifloxacin,CNN,1,0.541386084085654,0.9674613503580384,0.9844063457445748,1.8226543501927788,0.8228116710875332,0.537424057372792,1.477923299764801e-141,0.839541547277937,0.9602864583333334,0.827683615819209,0.9379310344827586,0.8999140028056352,0.8335704125177809,0,"– Lineage
AF = 25%",1.4553701076244514,1.9553967368545853,0.17718832891246683
Moxifloxacin,CNN,1,0.535755229786055,0.9434276383624448,0.9843476527256548,1.8032525202652845,0.8244031830238727,0.5427283670589308,7.209788010073007e-145,0.8653295128939829,0.9609375,0.8342541436464088,0.943236074270557,0.9131335064469914,0.849507735583685,1,"– Lineage
AF = 25%",1.4497008531802102,1.9230918081087454,0.17559681697612728
Moxifloxacin,CNN,1,0.561777273936938,0.9750389366174664,0.9649191009649192,1.848340301334264,0.8164456233421751,0.5443797869905742,6.5269712682838005e-146,0.6876790830945558,0.9765625,0.8695652173913043,0.9230769230769232,0.8321207915472779,0.768,2,"– Lineage
AF = 25%",1.4760865069890976,1.9656942481165383,0.18355437665782492
Moxifloxacin,CNN,1,0.5308200420232914,0.9736973608489096,0.9750097289432909,1.8246252315084448,0.8222811671087533,0.5403032392998733,2.3954715571357855e-143,0.8653295128939829,0.9602864583333334,0.8319559228650137,0.9427055702917772,0.9128079856136582,0.8483146067415731,3,"– Lineage
AF = 25%",1.4447501723549372,1.9638671800724234,0.17771883289124668
Moxifloxacin,CNN,1,0.5961179345710851,1.11348783110056,1.0327853536925748,2.0483509189452174,0.8047745358090186,0.5234181015397266,4.322055847987308e-133,0.8022922636103151,0.962890625,0.8308605341246291,0.93315649867374,0.8825914443051576,0.8163265306122448,4,"– Lineage
AF = 25%",1.511643494098058,2.1636810276882,0.1952254641909814
Moxifloxacin,CNN,1,0.4353284145140045,0.8571804286360879,0.9361213893633692,1.6197378569679957,0.8684350132625994,0.6282026417469685,1.7096071096087435e-207,0.8595988538681948,0.9654947916666666,0.8498583569405099,0.9458885941644564,0.9125468227674308,0.8547008547008548,0,+ Lineage,1.352218616492394,1.811494503894286,0.13156498673740058
Moxifloxacin,CNN,1,0.4324846505091773,0.8308872777846884,0.9389004181176768,1.5948886328552012,0.8546419098143236,0.6324479520909113,3.9721320349957005e-211,0.8681948424068768,0.9641927083333334,0.8463687150837989,0.946419098143236,0.916193775370105,0.8571428571428572,1,+ Lineage,1.349555820064051,1.7787790001540142,0.14535809018567636
Moxifloxacin,CNN,1,0.4724595493900769,0.9050218872421304,0.9074927435030576,1.6591174651233187,0.8620689655172413,0.6269069973549408,2.1414596666568967e-206,0.833810888252149,0.9654947916666666,0.8459302325581395,0.9411140583554376,0.8996528399594078,0.8398268398268399,2,+ Lineage,1.3874728579209665,1.8725729036071386,0.13793103448275867
Moxifloxacin,CNN,1,0.4369050770772462,0.8725303630738204,0.9319311526279628,1.6337854904451763,0.8445623342175066,0.6333534444333888,6.555029958014364e-212,0.8681948424068768,0.9641927083333334,0.8463687150837989,0.946419098143236,0.916193775370105,0.8571428571428572,3,+ Lineage,1.3536972088613917,1.8308712768484898,0.1554376657824934
Moxifloxacin,CNN,1,0.4551016616840634,0.8728555298331413,0.9291020534056388,1.6372875124534254,0.8408488063660478,0.6243848531428711,2.837263388167982e-204,0.8538681948424068,0.9654947916666666,0.8490028490028491,0.9448275862068966,0.9096814932545368,0.8514285714285714,4,+ Lineage,1.3708794026629099,1.8312839805448309,0.15915119363395225
Moxifloxacin,CNN,1,0.4342975390452715,0.8467132026021732,0.9386955142357628,1.6110237874685462,0.8673740053050398,0.6352208706010757,1.5653875733314247e-213,0.8653295128939829,0.962890625,0.841225626740947,0.9448275862068966,0.9141100689469914,0.8531073446327684,0,"+ Lineage
AF = 25%",1.3512527359354942,1.7983990799555982,0.13262599469496017
Moxifloxacin,CNN,1,0.4323578197411113,0.8409083232651458,0.9499239546700124,1.6168811060960746,0.8419098143236075,0.6322062249338986,6.418925016218582e-211,0.8653295128939829,0.9635416666666666,0.8435754189944135,0.9453580901856764,0.9144355897803248,0.8543140028288544,1,"+ Lineage
AF = 25%",1.3494371826023523,1.79117751534763,0.15809018567639255
Moxifloxacin,CNN,1,0.4726507715236318,0.9054112786895132,0.910989244896956,1.662483548310724,0.8636604774535809,0.6234016185071696,1.8834004194472768e-203,0.7765042979942693,0.9720052083333334,0.8630573248407644,0.9358090185676392,0.8742547531638014,0.817496229260935,2,"+ Lineage
AF = 25%",1.3876567728139493,1.87307838970375,0.13633952254641912
Moxifloxacin,CNN,1,0.4352730437418766,0.8694465717691583,0.9306954163809924,1.631787832685362,0.8440318302387267,0.6346861391822204,4.5730619688391846e-213,0.8624641833810889,0.962890625,0.840782122905028,0.9442970822281168,0.9126774041905444,0.8514851485148516,3,"+ Lineage
AF = 25%",1.3521667192099098,1.8269619302356026,0.15596816976127326
Moxifloxacin,CNN,1,0.4427644384176826,0.8640702832237149,0.927891417684498,1.6244676795446031,0.8408488063660478,0.6310297050486949,6.596559434471535e-210,0.8653295128939829,0.96484375,0.848314606741573,0.946419098143236,0.9150866314469914,0.8567375886524823,4,"+ Lineage
AF = 25%",1.3592062941515017,1.8201663183498051,0.15915119363395225
Moxifloxacin,LinReg,1,0.5510136903317878,0.9250168369901596,0.94774060272063,1.799109381270655,0.8201591511936339,0.5459526524095561,6.541829115540269e-147,0.8567335243553008,0.9622395833333334,0.8375350140056023,0.9427055702917772,0.9094865538443172,0.8470254957507082,0,– Lineage,1.4651147776273432,1.8987064006480598,0.17984084880636608
Moxifloxacin,LinReg,1,0.543257560717594,0.9107560318057788,0.9643117745611504,1.7569940868521956,0.8217506631299735,0.5561879676676689,1.5243066816251965e-153,0.8452722063037249,0.9635416666666666,0.8404558404558404,0.9416445623342176,0.9044069364851958,0.8428571428571429,1,– Lineage,1.4572592515059533,1.8800304539573474,0.17824933687002653
Moxifloxacin,LinReg,1,0.5573497242587925,0.9325441559806736,0.9511463110347942,1.8087089389252609,0.8185676392572945,0.5462261863293502,4.379455733323174e-147,0.8567335243553008,0.9622395833333334,0.8375350140056023,0.9427055702917772,0.9094865538443172,0.8470254957507082,2,– Lineage,1.4715634248774812,1.9086388661043376,0.18143236074270552
Moxifloxacin,LinReg,1,0.5491570509989656,0.9308098101037476,0.9595934281313572,1.7829269327990904,0.8228116710875332,0.5537945372875129,5.685212912821072e-152,0.8567335243553008,0.962890625,0.8398876404494382,0.943236074270557,0.9098120746776504,0.8482269503546098,3,– Lineage,1.463230498512456,1.9063457612295753,0.17718832891246683
Moxifloxacin,LinReg,1,0.5485486216941041,0.9366485547514724,0.970966413180077,1.7887367534100251,0.8217506631299735,0.5546623734261841,1.535850911502317e-152,0.8481375358166189,0.962890625,0.8385269121813032,0.9416445623342176,0.9055140804083096,0.8433048433048433,4,– Lineage,1.462613538872005,1.9140765842527796,0.17824933687002653
Moxifloxacin,LinReg,1,0.5543078610178462,0.9716815946726372,0.9561669614430796,1.8778779507721253,0.8217506631299735,0.5479257549279009,3.588710739601505e-148,0.8624641833810889,0.9609375,0.8337950138504155,0.9427055702917772,0.9117008416905444,0.847887323943662,0,"– Lineage
AF = 25%",1.4684639625273264,1.9611251364518414,0.17824933687002653
Moxifloxacin,LinReg,1,0.5460997450941032,0.9416893367605308,0.9703700674283472,1.806053298018598,0.8228116710875332,0.555675483222767,3.316487191069445e-153,0.8567335243553008,0.9609375,0.8328690807799443,0.9416445623342176,0.9088355121776504,0.8446327683615819,1,"– Lineage
AF = 25%",1.4601329578821796,1.920776072386206,0.17718832891246683
Moxifloxacin,LinReg,1,0.5601586844021798,0.9739131126738464,0.9585966043032064,1.874899299142387,0.8206896551724138,0.5456547012202462,1.012400014031433e-146,0.8681948424068768,0.9602864583333334,0.8324175824175825,0.943236074270557,0.914240650370105,0.8499298737727912,2,"– Lineage
AF = 25%",1.4744313835072147,1.9641608939897042,0.17931034482758623
Moxifloxacin,LinReg,1,0.5524784963887956,0.9749490852884372,0.9681737782695778,1.8562330939149123,0.8249336870026526,0.553414650088462,1.0070027522761051e-151,0.8681948424068768,0.9615885416666666,0.8370165745856354,0.9442970822281168,0.9148916920367718,0.8523206751054851,3,"– Lineage
AF = 25%",1.4666031024699373,1.9655718281069068,0.17506631299734743
Moxifloxacin,LinReg,1,0.5508967066704068,0.9741594754808016,0.978331899030705,1.8512207134254264,0.823342175066313,0.5547728162489136,1.2998497265101021e-152,0.8538681948424068,0.9615885416666666,0.834733893557423,0.9416445623342176,0.9077283682545368,0.8441926345609064,4,"– Lineage
AF = 25%",1.4649959808356185,1.9644963339102859,0.17665782493368698
Moxifloxacin,LinReg,1,0.4759680373630278,0.8267024235710221,0.9206073109680504,1.6082913593681607,0.8519893899204244,0.6214804556951861,7.459157025211822e-202,0.8452722063037249,0.9654947916666666,0.8477011494252874,0.943236074270557,0.9053834989851958,0.8464849354375896,0,+ Lineage,1.390851157323152,1.773626736761032,0.1480106100795756
Moxifloxacin,LinReg,1,0.465821469695065,0.8194077802408046,0.9188483347089847,1.5802245545846445,0.8588859416445623,0.6302210860156653,3.2525815446471174e-209,0.839541547277937,0.966796875,0.8517441860465116,0.943236074270557,0.9031692111389684,0.8455988455988456,1,+ Lineage,1.3811035290764129,1.764681450163587,0.14111405835543767
Moxifloxacin,LinReg,1,0.4807968507425545,0.8245377052202106,0.9106656341923048,1.6109849259089022,0.8472148541114058,0.6275046407364965,6.682929761739847e-207,0.8452722063037249,0.9654947916666666,0.8477011494252874,0.943236074270557,0.9053834989851958,0.8464849354375896,2,+ Lineage,1.3955142446669488,1.770967461429123,0.15278514588859415
Moxifloxacin,LinReg,1,0.4759579279715377,0.8400269162867579,0.9135816127895358,1.6052684608812506,0.8546419098143236,0.6318594620030757,1.2768744412071606e-210,0.8424068767908309,0.9654947916666666,0.8472622478386167,0.9427055702917772,0.9039508342287488,0.8448275862068966,3,+ Lineage,1.3908414112512575,1.790083539040399,0.14535809018567636
Moxifloxacin,LinReg,1,0.4674402425912357,0.8434869681861572,0.9276286118730668,1.61511701918178,0.8546419098143236,0.6215189878105866,6.930327210062977e-202,0.8452722063037249,0.9661458333333334,0.8501440922190202,0.9437665782493369,0.9057090198185292,0.8477011494252874,4,+ Lineage,1.382654063072016,1.7943818939016871,0.14535809018567636
Moxifloxacin,LinReg,1,0.479016975377728,0.8660716626957258,0.9286479825398504,1.6754968233613077,0.8525198938992042,0.6228089105723535,5.875740823503598e-203,0.8624641833810889,0.96484375,0.847887323943662,0.9458885941644564,0.9136539666905444,0.8551136363636365,0,"+ Lineage
AF = 25%",1.393793638573531,1.8226930972871451,0.14748010610079576
Moxifloxacin,LinReg,1,0.4684985744395883,0.8469007779984153,0.9247284420188944,1.6246190384531645,0.8594164456233422,0.6306964376656478,1.273930968000546e-209,0.8510028653295129,0.9654947916666666,0.8485714285714285,0.9442970822281168,0.9082488284980896,0.8497854077253219,1,"+ Lineage
AF = 25%",1.38366872219685,1.7986329182520802,0.14058355437665782
Moxifloxacin,LinReg,1,0.4835066440762073,0.8604469821354002,0.917887588066988,1.66993916497732,0.8477453580901857,0.6287003274961382,6.453796616800052e-208,0.8595988538681948,0.96484375,0.847457627118644,0.9453580901856764,0.9122213019340976,0.8534850640113797,2,"+ Lineage
AF = 25%",1.3981378821889914,1.8156007409252555,0.1522546419098143
Moxifloxacin,LinReg,1,0.4790919552368087,0.8805421983755374,0.9218898535025712,1.6736580741403793,0.8546419098143236,0.6331573059394784,9.689080110650983e-212,0.8595988538681948,0.96484375,0.847457627118644,0.9453580901856764,0.9122213019340976,0.8534850640113797,3,"+ Lineage
AF = 25%",1.3938660788075385,1.841067087109733,0.14535809018567636
Moxifloxacin,LinReg,1,0.471211069777069,0.8806611766672701,0.9365723881749982,1.6788341781652607,0.8546419098143236,0.6233365943936062,2.134042427692682e-203,0.8510028653295129,0.9654947916666666,0.8485714285714285,0.9442970822281168,0.9082488284980896,0.8497854077253219,4,"+ Lineage
AF = 25%",1.386272685864909,1.8412189251928863,0.14535809018567636
Pyrazinamide,CNN,4,1.034767726495173,13.671151912769757,2.17112518540363,48.44823827050031,0.7365853658536585,0.6704421299331147,4.038270727473098e-28,0.5660377358490566,0.9494949494949496,0.9230769230769232,0.751219512195122,0.757766342672003,0.7017543859649122,0,"– Lineage
– AA Properties",2.0487837658881354,13044.480894627526,0.2634146341463415
Pyrazinamide,CNN,4,0.8603339625628693,4.452046890235713,1.61590784150382,10.953761219917126,0.7658536585365854,0.6994789256518738,1.9145027937420808e-31,0.6981132075471698,0.9292929292929292,0.9135802469135802,0.8097560975609757,0.8137030684200495,0.7914438502673796,1,"– Lineage
– AA Properties",1.815458513790289,21.887676240513947,0.23414634146341462
Pyrazinamide,CNN,4,0.7982334017029958,4.737885464671791,1.584281987385826,13.743622775343155,0.775609756097561,0.6993399558883377,1.990285934675981e-31,0.7452830188679245,0.9292929292929292,0.9186046511627908,0.8341463414634146,0.8372879740804269,0.8229166666666665,2,"– Lineage
– AA Properties",1.7389704310728262,26.68367490562977,0.224390243902439
Pyrazinamide,CNN,4,0.8833806639877883,10.826570403497971,1.9764141897727965,39.03459662406055,0.7609756097560976,0.7499694962786818,2.7218450137449347e-38,0.6981132075471698,0.9393939393939394,0.925,0.8146341463414634,0.8187535734705547,0.7956989247311829,3,"– Lineage
– AA Properties",1.844692905221647,1816.0275873508888,0.23902439024390243
Pyrazinamide,CNN,4,1.4877277522849215,9.598363700746257,2.3721548354127573,24.93214330412597,0.5121951219512195,0.4062078761990993,1.5125059951557416e-09,0.3584905660377358,0.9797979797979798,0.95,0.6585365853658537,0.6691442729178578,0.5205479452054794,4,"– Lineage
– AA Properties",2.804469226308515,775.1671915826952,0.4878048780487805
Pyrazinamide,CNN,4,0.6394556753953831,2.053131584760653,1.1858817897923346,3.313746468316162,0.7902439024390244,0.715306719477428,1.9776289281676027e-33,0.7169811320754716,0.9292929292929292,0.9156626506024096,0.8195121951219512,0.8231370306842005,0.8042328042328042,0,– Lineage,1.5577413172054104,4.1500582458779105,0.20975609756097557
Pyrazinamide,CNN,4,0.7120718324577202,2.263774342207462,1.249455891973091,3.554831669506762,0.7902439024390244,0.7020452177731437,9.310355669320536e-32,0.7075471698113207,0.9292929292929292,0.9146341463414634,0.8146341463414634,0.818420049552125,0.7978723404255319,1,– Lineage,1.638154958187119,4.802462478523705,0.20975609756097557
Pyrazinamide,CNN,4,0.7073512027215589,2.9393812503295926,1.380786045407737,6.461834610657858,0.7951219512195122,0.7054148605839715,3.5706580031999007e-32,0.7641509433962265,0.9393939393939394,0.9310344827586208,0.848780487804878,0.8517724413950829,0.839378238341969,2,– Lineage,1.632803525739277,7.670822351512604,0.20487804878048776
Pyrazinamide,CNN,4,0.6522274496159983,1.9952079289237428,1.1321734348635717,2.861941955744029,0.7951219512195122,0.7291629917186457,2.77457092991564e-35,0.6981132075471698,0.9292929292929292,0.9135802469135802,0.8097560975609757,0.8137030684200495,0.7914438502673796,3,– Lineage,1.5715927849313502,3.986735599559671,0.20487804878048776
Pyrazinamide,CNN,4,0.7019755501374364,2.2452284332273926,1.2178455467559073,3.39827583587322,0.7902439024390244,0.6845306002341923,1.1006832327666157e-29,0.7452830188679245,0.9191919191919192,0.9080459770114944,0.8292682926829268,0.8322374690299219,0.8186528497409327,4,– Lineage,1.6267308272485863,4.741121723345906,0.20975609756097557
Pyrazinamide,CNN,4,1.0800699473655475,13.085633747036006,2.2352073095393914,47.03482895028586,0.7365853658536585,0.6450131135505731,1.6707204350116365e-25,0.6509433962264151,0.9191919191919192,0.8961038961038961,0.7804878048780488,0.7850676577091671,0.7540983606557377,0,"+ Lineage
– AA Properties",2.114138580150688,8692.971787079587,0.2634146341463415
Pyrazinamide,CNN,4,1.1731508141731743,27.768474230523776,2.760871994404711,108.70492106324866,0.7073170731707317,0.6355859366535397,1.3525811661937519e-24,0.7169811320754716,0.9191919191919192,0.9047619047619048,0.8146341463414634,0.8180865256336954,0.8,1,"+ Lineage
– AA Properties",2.2550365454149084,228635507.08368278,0.29268292682926833
Pyrazinamide,CNN,4,0.9893261006962536,5.52910328957267,1.8460486931534283,14.476241713656966,0.7219512195121951,0.6613258791265388,3.7462502652089555e-27,0.6509433962264151,0.9191919191919192,0.8961038961038961,0.7804878048780488,0.7850676577091671,0.7540983606557377,2,"+ Lineage
– AA Properties",1.9852574378697698,46.17702389953094,0.2780487804878049
Pyrazinamide,CNN,4,0.7174105368749679,3.147503618520302,1.361386549521508,7.316799921496616,0.7853658536585366,0.7230925361627676,1.8571291954198523e-34,0.7641509433962265,0.9090909090909092,0.9,0.8341463414634146,0.8366209262435678,0.826530612244898,3,"+ Lineage
– AA Properties",1.644228193672868,8.861209422590294,0.21463414634146338
Pyrazinamide,CNN,4,0.7541443399362612,2.701965344681072,1.3419420978360943,4.672563009645897,0.775609756097561,0.6923474236126893,1.3642521133884076e-30,0.7169811320754716,0.9090909090909092,0.8941176470588236,0.8097560975609757,0.8130360205831904,0.7958115183246074,4,"+ Lineage
– AA Properties",1.6866309574959553,6.5068772799409835,0.224390243902439
Pyrazinamide,CNN,4,0.7301578075938111,2.55952252754299,1.366821901659616,5.1389103725851095,0.7853658536585366,0.7185065656412929,7.553339598703376e-34,0.7264150943396226,0.9292929292929292,0.9166666666666666,0.824390243902439,0.8278540118162759,0.8105263157894737,0,+ Lineage,1.6588205299457441,5.895125503273016,0.21463414634146338
Pyrazinamide,CNN,4,0.7725303516918822,2.225324115205245,1.321406283414866,3.37283276867539,0.7902439024390244,0.6575385727475579,9.239337688318043e-27,0.7547169811320755,0.9191919191919192,0.9090909090909092,0.8341463414634146,0.8369544501619974,0.8247422680412373,1,+ Lineage,1.7082632910796594,4.676159420073989,0.20975609756097557
Pyrazinamide,CNN,4,0.8093859537081729,3.56990147787026,1.6048881150377998,8.603706945172599,0.7560975609756098,0.6826141099265928,1.818272642427653e-29,0.7547169811320755,0.9393939393939394,0.9302325581395348,0.8439024390243902,0.8470554602630075,0.8333333333333334,2,+ Lineage,1.752465391745713,11.875377563811607,0.24390243902439024
Pyrazinamide,CNN,4,0.6763578164863444,2.102928946987677,1.2011303098486066,3.1468690927003813,0.8048780487804879,0.6757130379440477,1.0740293163056322e-28,0.7547169811320755,0.9090909090909092,0.898876404494382,0.8292682926829268,0.8319039451114922,0.8205128205128206,3,+ Lineage,1.5981001437303468,4.295806311971255,0.19512195121951215
Pyrazinamide,CNN,4,0.7967429014800251,3.440754789474012,1.446892850085178,6.759658268832719,0.7463414634146341,0.6721959732090195,2.606908181856938e-28,0.7452830188679245,0.9292929292929292,0.9186046511627908,0.8341463414634146,0.8372879740804269,0.8229166666666665,4,+ Lineage,1.737174765813247,10.85851409328747,0.25365853658536586
Pyrazinamide,CNN,8,0.812978646337853,2.279549547115696,1.417344396470115,3.991558183370573,0.697560975609756,0.6937957101752191,9.198356574859148e-31,0.6132075471698113,0.9393939393939394,0.9154929577464788,0.7707317073170732,0.7763007432818754,0.7344632768361582,0,"+ Lineage
+ Tier 2 Loci",1.7568349329651165,4.8552633413059425,0.30243902439024395
Pyrazinamide,CNN,8,0.7924102969716235,1.9535446743177096,1.2653501795451745,3.001531057844784,0.7170731707317073,0.675911682527401,1.0211885625225287e-28,0.7547169811320755,0.8282828282828283,0.8247422680412371,0.7902439024390244,0.7914999047074519,0.7881773399014779,1,"+ Lineage
+ Tier 2 Loci",1.731965625427711,3.8732501363653324,0.2829268292682927
Pyrazinamide,CNN,8,0.8929083021311746,2.436808106469393,1.484582338925219,3.9711139769362034,0.7219512195121951,0.6774508549743624,6.89850444261575e-29,0.6226415094339622,0.9292929292929292,0.9041095890410958,0.7707317073170732,0.7759672193634457,0.7374301675977654,2,"+ Lineage
+ Tier 2 Loci",1.8569156750807858,5.414424893168205,0.2780487804878049
Pyrazinamide,CNN,8,0.7130976861778232,2.2857592001545317,1.219607483711283,3.49884018437278,0.7804878048780488,0.7039282341429637,5.458830003208898e-32,0.7452830188679245,0.9191919191919192,0.9080459770114944,0.8292682926829268,0.8322374690299219,0.8186528497409327,3,"+ Lineage
+ Tier 2 Loci",1.6393202113619998,4.876206422061991,0.2195121951219512
Pyrazinamide,CNN,8,0.7105645496962526,2.1292400670925944,1.216415245544219,3.086877597455936,0.775609756097561,0.6893776348978844,3.0393209689421718e-30,0.7547169811320755,0.9090909090909092,0.898876404494382,0.8292682926829268,0.8319039451114922,0.8205128205128206,4,"+ Lineage
+ Tier 2 Loci",1.636444358749165,4.37486975569902,0.224390243902439
Pyrazinamide,CNN,8,1.2304824813619628,2.9048617825864493,1.6786416710497805,4.215159949255559,0.448780487804878,0.5302084987336488,2.941108272756829e-16,0.3773584905660377,0.98989898989899,0.975609756097561,0.6731707317073171,0.6836287402325139,0.54421768707483,0,"– Lineage
+ Tier 2 Loci",2.346454493434226,7.489460417269492,0.551219512195122
Pyrazinamide,CNN,8,0.8087797020690811,2.3084674566481675,1.341451056917656,3.431751827696067,0.7365853658536585,0.6532447514264355,2.53127791071079e-26,0.7075471698113207,0.9191919191919192,0.9036144578313252,0.8097560975609757,0.81336954450162,0.7936507936507936,1,"– Lineage
+ Tier 2 Loci",1.7517291226186427,4.953565939246963,0.2634146341463415
Pyrazinamide,CNN,8,0.7628572162712237,2.718042630461655,1.3709190271228122,5.115187711221777,0.7853658536585366,0.7104003020272325,8.433920746551377e-33,0.6981132075471698,0.9191919191919192,0.902439024390244,0.8048780487804879,0.8086525633695445,0.7872340425531914,2,"– Lineage
+ Tier 2 Loci",1.6968478578327266,6.579794974401523,0.21463414634146338
Pyrazinamide,CNN,8,0.6867876658626753,2.156660717969708,1.1779822150331822,3.0497407149739777,0.775609756097561,0.7133564895868543,3.5326351932155076e-33,0.7169811320754716,0.9393939393939394,0.926829268292683,0.824390243902439,0.8281875357347055,0.8085106382978724,3,"– Lineage
+ Tier 2 Loci",1.6096953447640097,4.458816161180673,0.224390243902439
Pyrazinamide,CNN,8,0.7444437950770401,2.7617260187157737,1.317163519334671,4.902958134887473,0.8048780487804879,0.6829116868172396,1.6823629986313838e-29,0.7358490566037735,0.9191919191919192,0.9069767441860463,0.824390243902439,0.8275204878978464,0.8124999999999999,4,"– Lineage
+ Tier 2 Loci",1.6753282523728577,6.782071615913801,0.19512195121951215
Pyrazinamide,LinReg,4,0.8533603203029164,2.497067404519094,1.422614061575777,10.161937833944432,0.7414634146341463,0.5698860088304858,4.752436870009236e-19,0.6886792452830188,0.9191919191919192,0.9012345679012346,0.8,0.803935582237469,0.7807486631016043,0,"– Lineage
– AA Properties",1.8067041973699798,5.645367126095502,0.25853658536585367
Pyrazinamide,LinReg,4,0.929778858973508,2.6027783607152197,1.4849369490233113,8.332685904301474,0.7170731707317073,0.5912323757101331,1.0300696332710191e-20,0.660377358490566,0.9292929292929292,0.9090909090909092,0.7902439024390244,0.7948351438917476,0.7650273224043715,1,"– Lineage
– AA Properties",1.9049839715175718,6.0745534621498924,0.2829268292682927
Pyrazinamide,LinReg,4,0.9366106607080732,2.1991463752499114,1.507754185429627,8.78380979057562,0.7121951219512195,0.6306542775814311,3.9255776917197944e-24,0.6037735849056604,0.9393939393939394,0.9142857142857144,0.7658536585365854,0.7715837621497998,0.7272727272727272,2,"– Lineage
– AA Properties",1.9140263094916303,4.592075541895185,0.2878048780487805
Pyrazinamide,LinReg,4,0.8180218284529973,2.0958452994779364,1.3968012766219653,10.03107926944103,0.751219512195122,0.6591407805562741,6.316538635571305e-27,0.7075471698113207,0.9191919191919192,0.9036144578313252,0.8097560975609757,0.81336954450162,0.7936507936507936,3,"– Lineage
– AA Properties",1.7629869901886388,4.274765556170062,0.24878048780487805
Pyrazinamide,LinReg,4,0.8775794420382881,2.5682703974690813,1.4866540081875663,13.555995966358894,0.7268292682926829,0.6113453548571265,2.129452259420137e-22,0.6981132075471698,0.9191919191919192,0.902439024390244,0.8048780487804879,0.8086525633695445,0.7872340425531914,4,"– Lineage
– AA Properties",1.837290103084374,5.930979550330838,0.2731707317073171
Pyrazinamide,LinReg,4,0.934150784630391,3.6482209786530393,1.4242748967700456,5.974692934069477,0.7414634146341463,0.5998278969545714,2.0296736016212365e-21,0.6886792452830188,0.9191919191919192,0.9012345679012346,0.8,0.803935582237469,0.7807486631016043,0,– Lineage,1.9107655677912008,12.537875279632924,0.25853658536585367
Pyrazinamide,LinReg,4,0.93298834394527,2.922885776403177,1.3973657247698796,4.504801004024722,0.7219512195121951,0.5905508966260445,1.169229939029009e-20,0.6792452830188679,0.9292929292929292,0.9113924050632912,0.8,0.8042691061558986,0.7783783783783783,1,– Lineage,1.9092266028852625,7.583615273892991,0.2780487804878049
Pyrazinamide,LinReg,4,0.8858730048346113,2.5173696281051767,1.368685634402059,4.7318753855435,0.7219512195121951,0.6460063565228656,1.334591475685642e-25,0.660377358490566,0.9393939393939394,0.9210526315789472,0.7951219512195122,0.7998856489422528,0.769230769230769,2,– Lineage,1.847882475401551,5.725372770939075,0.2780487804878049
Pyrazinamide,LinReg,4,0.7893396548607492,2.1919715851251924,1.2663592777369292,4.477767007286885,0.7609756097560976,0.6720386296891038,2.711632036247691e-28,0.7169811320754716,0.9191919191919192,0.9047619047619048,0.8146341463414634,0.8180865256336954,0.8,3,– Lineage,1.7282832180233196,4.569294991088611,0.23902439024390243
Pyrazinamide,LinReg,4,0.8749919122462553,2.664290263962248,1.3509932804266618,4.986390679899709,0.7268292682926829,0.6525475802526746,2.976724752568086e-26,0.6886792452830188,0.9191919191919192,0.9012345679012346,0.8,0.803935582237469,0.7807486631016043,4,– Lineage,1.8339978049820336,6.339153769249228,0.2731707317073171
Pyrazinamide,LinReg,4,0.8845278629279544,2.576954151220713,1.4349576141895464,10.500375854581367,0.7414634146341463,0.5973435129136156,3.2620889162140545e-21,0.6886792452830188,0.9090909090909092,0.8902439024390244,0.7951219512195122,0.798885077186964,0.7765957446808511,0,"+ Lineage
– AA Properties",1.8461603472646462,5.966786479564226,0.25853658536585367
Pyrazinamide,LinReg,4,0.9727897053686478,2.732120644779718,1.5041098661628982,8.415762140519641,0.7073170731707317,0.6014802444262114,1.4769851469978562e-21,0.660377358490566,0.9191919191919192,0.8974358974358975,0.7853658536585366,0.7897846388412426,0.7608695652173912,1,"+ Lineage
– AA Properties",1.9626320235418189,6.644315797672887,0.29268292682926833
Pyrazinamide,LinReg,4,0.9581702667139722,2.304055595322376,1.52045550989389,8.858627364518954,0.7073170731707317,0.602180021017176,1.2902385208257693e-21,0.6037735849056604,0.9393939393939394,0.9142857142857144,0.7658536585365854,0.7715837621497998,0.7272727272727272,2,"+ Lineage
– AA Properties",1.9428442718257142,4.938440730380118,0.29268292682926833
Pyrazinamide,LinReg,4,0.8785919907943925,2.2391389273278417,1.4391560644102208,10.16386262184319,0.7365853658536585,0.6430677978361103,2.5877905985964477e-25,0.7075471698113207,0.9090909090909092,0.8928571428571429,0.8048780487804879,0.8083190394511148,0.7894736842105262,3,"+ Lineage
– AA Properties",1.8385800491547417,4.721151984632361,0.2634146341463415
Pyrazinamide,LinReg,4,0.9361522521888896,2.68483221306936,1.5383810140914038,13.996713245378386,0.7121951219512195,0.6053384454364465,6.980707738872348e-22,0.6886792452830188,0.9090909090909092,0.8902439024390244,0.7951219512195122,0.798885077186964,0.7765957446808511,4,"+ Lineage
– AA Properties",1.9134182346313031,6.430060059798485,0.2878048780487805
Pyrazinamide,LinReg,4,0.9226560624150926,3.4285007476018654,1.4020398122083628,5.857891616933517,0.7463414634146341,0.6008167328234643,1.6784448432926456e-21,0.6698113207547169,0.9191919191919192,0.8987341772151899,0.7902439024390244,0.7945016199733181,0.7675675675675675,0,+ Lineage,1.895601966076141,10.766674043853497,0.25365853658536586
Pyrazinamide,LinReg,4,0.9424629650050812,2.458081611986978,1.3818594899365626,3.755182889869448,0.7024390243902439,0.6271016989686583,8.358479879094854e-24,0.660377358490566,0.9292929292929292,0.9090909090909092,0.7902439024390244,0.7948351438917476,0.7650273224043715,1,+ Lineage,1.9218063421703342,5.4948557640745195,0.29756097560975614
Pyrazinamide,LinReg,4,0.9178221412464326,2.6114115702934253,1.3965058836701227,4.8188427373977145,0.7219512195121951,0.6154977352039328,9.233295009069832e-23,0.6509433962264151,0.9393939393939394,0.92,0.7902439024390244,0.7951686678101773,0.7624309392265193,2,+ Lineage,1.8892611551884615,6.1110130856066505,0.2780487804878049
Pyrazinamide,LinReg,4,0.8315174377875063,1.983604346080665,1.280135647522601,3.660669500348606,0.7463414634146341,0.6958296989336787,5.267184928227101e-31,0.6886792452830188,0.9292929292929292,0.9125,0.8048780487804879,0.808986087287974,0.7849462365591396,3,+ Lineage,1.7795561291992863,3.9547989274244775,0.25365853658536586
Pyrazinamide,LinReg,4,0.9125482883282602,2.699823843845852,1.3893609248110934,5.342484809569049,0.7219512195121951,0.6267423737355698,9.017588462771469e-24,0.6886792452830188,0.9090909090909092,0.8902439024390244,0.7951219512195122,0.798885077186964,0.7765957446808511,4,+ Lineage,1.8823674625238278,6.497225797230352,0.2780487804878049
Rifampicin,CNN,1,0.4178339898356519,1.2506762911894052,1.3788644934161176,3.3004753038090944,0.893755420641804,0.794792186713508,0.0,0.9624125874125874,0.9836488812392428,0.9830357142857142,0.9731136166522116,0.973030734325915,0.9726148409893992,0,– Lineage,1.3359203458893107,2.3795294190160776,0.10624457935819598
Rifampicin,CNN,1,0.4417923173218495,1.3451086611144676,1.5352973485451824,3.841858382921736,0.885949696444059,0.7919072147638057,0.0,0.9632867132867132,0.9802065404475044,0.9795555555555556,0.971812662619254,0.9717466268671088,0.9713530189510796,1,– Lineage,1.3582907381891618,2.5404933031151806,0.11405030355594103
Rifampicin,CNN,1,0.4381780935914327,1.296802318306399,1.4062479328379254,3.317182351534681,0.8794449262792715,0.7937579978086985,0.0,0.9597902097902098,0.982788296041308,0.9821109123434704,0.971379011274935,0.971289252915759,0.9708222811671088,2,– Lineage,1.3548922219286361,2.4568372958170643,0.12055507372072849
Rifampicin,CNN,1,0.4557865109851242,1.3680795313306104,1.5565296635251624,4.039362519739346,0.8785776235906332,0.7820870944135924,0.0,0.9659090909090908,0.9784853700516352,0.9778761061946902,0.9722463139635732,0.972197230480363,0.9718557607739664,3,– Lineage,1.3715303154650555,2.5812672742897025,0.12142237640936682
Rifampicin,CNN,1,0.447240796646611,1.3398774187778908,1.494670792972069,3.7363489457070647,0.8772766695576756,0.8002739404275194,0.0,0.9606643356643356,0.9836488812392428,0.983005366726297,0.9722463139635732,0.9721566084517892,0.9717064544650752,4,– Lineage,1.3634301550336168,2.5312981024313848,0.12272333044232442
Rifampicin,CNN,1,0.4199240422455462,1.2917366382822806,1.518558179053345,3.943665538365046,0.8863833477883781,0.7929566812618183,0.0,0.9676573426573428,0.9784853700516352,0.9779151943462896,0.9731136166522116,0.9730713563544888,0.9727592267135324,0,+ Lineage,1.3378571148840182,2.448225824220024,0.11361665221162187
Rifampicin,CNN,1,0.4310662195076419,1.3187213509757127,1.602180563970205,4.341342690561426,0.8846487424111015,0.7901707679445673,0.0,0.965034965034965,0.9776247848537004,0.976991150442478,0.971379011274935,0.9713298749443328,0.970976253298153,1,+ Lineage,1.3482296138741476,2.4944493074209464,0.11535125758889853
Rifampicin,CNN,1,0.4545228732899204,1.394716349818116,1.4996104896617837,3.7894296528535536,0.854726799653079,0.7930297610105201,0.0,0.9597902097902098,0.9836488812392428,0.9829901521933752,0.971812662619254,0.9717195455147264,0.97125165855816,2,+ Lineage,1.3703295359712822,2.629368505963544,0.14527320034692104
Rifampicin,CNN,1,0.4609711211463408,1.324543325694423,1.509476301594961,3.739875288589377,0.8673026886383348,0.7874673621281093,0.0,0.9676573426573428,0.9759036144578314,0.9753303964757708,0.971812662619254,0.971780478557587,0.971478718736288,3,+ Lineage,1.3764680481465825,2.5045359596664087,0.13269731136166518
Rifampicin,CNN,1,0.4696796929000485,1.3663156524163231,1.4114264000828447,3.4088300065617565,0.8725065047701648,0.8005057701890549,0.0,0.9615384615384616,0.982788296041308,0.9821428571428572,0.9722463139635732,0.9721633787898848,0.9717314487632508,4,+ Lineage,1.384801980293205,2.5781132739056356,0.12749349522983522
Rifampicin,LinReg,1,0.5794350655251306,1.6016194984121204,1.2140226576367672,2.7367373237819725,0.8078924544666088,0.7905008048653264,0.0,0.9632867132867132,0.9802065404475044,0.9795555555555556,0.971812662619254,0.9717466268671088,0.9713530189510796,0,– Lineage,1.4942640060655001,3.0348379812829074,0.19210754553339116
Rifampicin,LinReg,1,0.5859696112939593,1.6380692479067327,1.1995795862257044,2.715073968981006,0.8018213356461406,0.7953721653374412,0.0,0.9606643356643356,0.9793459552495696,0.9786286731967944,0.9700780572419776,0.9700051454569528,0.9695632995147772,1,– Lineage,1.501047479348559,3.112490099021514,0.19817866435385945
Rifampicin,LinReg,1,0.60545245609291,1.6791999322050446,1.1932197002624636,2.7503726434090967,0.8122289679098005,0.7984898403484741,0.0,0.9615384615384616,0.9793459552495696,0.9786476868327402,0.9705117085862968,0.9704422083940156,0.9700176366843032,2,– Lineage,1.5214558353743088,3.202503022570968,0.18777103209019952
Rifampicin,LinReg,1,0.6508011400589191,2.0177826636236738,1.1818628495748411,2.959064192311479,0.8209019947961839,0.7829557229304924,0.0,0.9606643356643356,0.9784853700516352,0.9777580071174378,0.9696444058976584,0.9695748528579854,0.969135802469136,3,– Lineage,1.5700398093883101,4.049609125641188,0.17909800520381614
Rifampicin,LinReg,1,0.653849736509741,1.8719434384216769,1.154757225561718,2.8169926955976794,0.8048568950563747,0.7932270463828277,0.0,0.9632867132867132,0.9802065404475044,0.9795555555555556,0.971812662619254,0.9717466268671088,0.9713530189510796,4,– Lineage,1.5733610092058656,3.660253167648412,0.1951431049436253
Rifampicin,LinReg,1,0.5878912443154506,1.5921490576333577,1.2068421320657876,2.717353908005796,0.8117953165654813,0.7945258128983126,0.0,0.9624125874125874,0.9793459552495696,0.9786666666666668,0.9709453599306158,0.9708792713310784,0.9704715733803438,0,+ Lineage,1.5030481684683898,3.014981307511965,0.18820468343451868
Rifampicin,LinReg,1,0.5998708989934396,1.6415316542159757,1.1880040357864918,2.699816220922075,0.7974848222029488,0.7998033957287324,0.0,0.9606643356643356,0.9784853700516352,0.9777580071174378,0.9696444058976584,0.9695748528579854,0.969135802469136,1,+ Lineage,1.5155809371682445,3.11996891278162,0.2025151777970512
Rifampicin,LinReg,1,0.6146484881799373,1.672726925634058,1.187364757119291,2.73826053535902,0.8039895923677364,0.80102804377277,0.0,0.9624125874125874,0.9784853700516352,0.977797513321492,0.9705117085862968,0.9704489787321112,0.9700440528634362,2,+ Lineage,1.5311848793227698,3.188166390595328,0.19601040763226363
Rifampicin,LinReg,1,0.6627554730329672,2.0031360933287554,1.1761011461090096,2.9444881014923894,0.8113616652211622,0.7828548674369408,0.0,0.9606643356643356,0.9776247848537004,0.9768888888888888,0.9692107545533392,0.969144560259018,0.9687086822388716,3,+ Lineage,1.5831033837783568,4.008704554435707,0.18863833477883785
Rifampicin,LinReg,1,0.6589667220035503,1.857887729183528,1.1534881716624212,2.8071446677897733,0.7940156114483955,0.7958123051377545,0.0,0.9632867132867132,0.9793459552495696,0.9786856127886324,0.971379011274935,0.9713163342681416,0.9709251101321588,4,+ Lineage,1.5789513520216705,3.6247656621048887,0.2059843885516045
