coordinate,average,chain,residue
2,-0.000514639773162104,A,A_2
3,-0.0001094886643277971,A,A_3
4,0.0060442760426299815,A,A_4
5,0.005824949489685805,A,A_5
6,0.015768302701904997,A,A_6
7,-0.00961697754666534,A,A_7
8,-0.0031122126916527226,A,A_8
9,0.015132715393129275,A,A_9
10,0.03058259906301531,A,A_10
11,0.01027077069397227,A,A_11
12,0.02200496821405669,A,A_12
13,0.031272133108799935,A,A_13
14,0.03420346228836321,A,A_14
15,0.06690048286759492,A,A_15
16,0.1453115876870261,A,A_16
17,0.2021015198886197,A,A_17
18,0.22843372904100195,A,A_18
19,0.2559166937125717,A,A_19
20,0.36632409915455855,A,A_20
21,0.6518489405332825,A,A_21
22,0.4360334639242393,A,A_22
23,0.34063596626222054,A,A_23
24,0.2621300271216882,A,A_24
25,0.14242827121804622,A,A_25
26,0.18521826636934727,A,A_26
27,0.04264923655046377,A,A_27
28,0.07686653892447638,A,A_28
29,0.014919575254430259,A,A_29
30,0.028511173569595205,A,A_30
31,0.0009385169787211147,A,A_31
32,0.009886000314587256,A,A_32
33,0.01621599635495184,A,A_33
34,-0.001668288352629905,A,A_34
35,0.0024205615904619292,A,A_35
36,-0.003297292950038901,A,A_36
37,-0.003836568186385085,A,A_37
38,0.00500092307468118,A,A_38
39,0.009411398623439695,A,A_39
40,0.00215366065531893,A,A_40
41,0.0005431212456620984,A,A_41
42,-0.006458524691532232,A,A_42
43,-0.0046533491601112665,A,A_43
44,-0.00076647709576995,A,A_44
45,0.005995462794339222,A,A_45
46,-0.011017989245886053,A,A_46
47,0.0034731451387520784,A,A_47
48,-0.0016579035312664038,A,A_48
49,-0.002843591225482422,A,A_49
50,0.01729875967288549,A,A_50
51,0.009493644542772803,A,A_51
52,0.006142782966728843,A,A_52
53,0.06270552861110931,A,A_53
54,0.06476573105976391,A,A_54
55,0.07271651262670849,A,A_55
56,0.03280219002447099,A,A_56
57,0.022774455521317256,A,A_57
58,0.048792517618995945,A,A_58
59,0.040662650633514125,A,A_59
60,0.008794703116543427,A,A_60
61,0.006537923855547309,A,A_61
62,-0.00940411971510519,A,A_62
63,-0.010595707205647436,A,A_63
64,0.023621552844249948,A,A_64
65,0.022939347638395405,A,A_65
66,-0.014189601243178973,A,A_66
67,-0.0013959603489069562,A,A_67
68,0.10947820031025315,A,A_68
69,0.12073409951108494,A,A_69
70,0.17326166647563088,A,A_70
71,0.03990782039636466,A,A_71
72,0.04232510622078227,A,A_72
73,0.06798030895979275,A,A_73
74,0.126123236395394,A,A_74
75,0.08424775611693452,A,A_75
76,0.0366536119681981,A,A_76
77,0.04575175144107522,A,A_77
78,0.0640683680845491,A,A_78
79,0.1256928246108436,A,A_79
80,0.05514502275513989,A,A_80
81,0.0994982368669222,A,A_81
82,0.15278474170437956,A,A_82
83,0.15163279816848751,A,A_83
84,0.19089242089957487,A,A_84
85,0.15795671695435076,A,A_85
86,0.23840170973025424,A,A_86
87,0.3132713747612658,A,A_87
88,3.4827069282575387,A,A_88
89,3.016283522927183,A,A_89
90,2.4828980896339283,A,A_90
91,1.812430951305651,A,A_91
92,0.47957112009268815,A,A_92
93,0.5089555524439764,A,A_93
94,4.155671850898256,A,A_94
95,0.33514371468908705,A,A_95
96,0.3067612446710369,A,A_96
97,0.15166983977684118,A,A_97
98,0.5336217122726586,A,A_98
99,0.0881396615863401,A,A_99
100,0.12584710833476664,A,A_100
101,0.14368978873339444,A,A_101
102,0.04588416088164135,A,A_102
103,0.09487788396794532,A,A_103
104,-0.002680502284055418,A,A_104
105,-0.046252583287107095,A,A_105
106,0.044752590043176756,A,A_106
107,-0.005003695198259024,A,A_107
108,-0.025956920969412614,A,A_108
109,-0.0018320635414249126,A,A_109
110,-0.006180450536963703,A,A_110
111,7.370974283971721e-05,A,A_111
112,-0.009629758454058931,A,A_112
113,-0.0019438752001150444,A,A_113
114,0.006812824583521292,A,A_114
115,0.0021056884678736683,A,A_115
116,0.012811573399797086,A,A_116
117,-0.00935372268716072,A,A_117
118,-0.014081626339379915,A,A_118
119,-0.005701531015870857,A,A_119
120,-0.006172979501025494,A,A_120
121,0.0007633672920382778,A,A_121
122,-0.014394247693579755,A,A_122
123,0.0016648952462045574,A,A_123
124,0.00960384132093538,A,A_124
125,0.011577063602307218,A,A_125
126,0.016089769226009187,A,A_126
127,0.011769610826034928,A,A_127
128,0.055199337442082,A,A_128
129,0.013142475569588464,A,A_129
130,0.012044036089334442,A,A_130
131,0.0016041818409906416,A,A_131
132,0.015270698291847594,A,A_132
133,0.014322066822442163,A,A_133
134,0.0035143051222082046,A,A_134
135,0.00015424736845704256,A,A_135
136,0.007488765471176456,A,A_136
137,0.003170689226817087,A,A_137
138,0.01016907005984611,A,A_138
139,0.002737554320134555,A,A_139
140,-0.00046242178150458156,A,A_140
141,0.008161234976124658,A,A_141
142,0.004079721192350352,A,A_142
143,0.01371563285341126,A,A_143
144,0.004471694321269903,A,A_144
145,0.0008888502323594782,A,A_145
146,0.003244480888595093,A,A_146
147,0.006277421290364664,A,A_147
148,0.011722202216579275,A,A_148
149,0.003117621239498672,A,A_149
150,0.003613475435123301,A,A_150
151,0.014835446560263263,A,A_151
152,0.003136919443806784,A,A_152
153,0.0026676486676883867,A,A_153
154,0.011590670845601905,A,A_154
155,0.01726587604350539,A,A_155
156,0.010510338510402869,A,A_156
157,0.0032941946998764292,A,A_157
158,0.013311597815326448,A,A_158
159,0.012083981336424396,A,A_159
160,0.001706678437713579,A,A_160
161,-0.00016037492377168785,A,A_161
162,0.004471299210340336,A,A_162
163,0.0020514106967854597,A,A_163
164,0.0017097674991197725,A,A_164
165,0.0015756813534196716,A,A_165
166,-0.0020028165997898984,A,A_166
167,-0.0001754632303401798,A,A_167
168,-0.0005621521636786003,A,A_168
169,-0.015886426704525117,A,A_169
170,-0.0008516184020549028,A,A_170
171,-0.007360875308125542,A,A_171
172,-0.019931236134868677,A,A_172
173,-0.00452606825600545,A,A_173
174,-0.009791974308036988,A,A_174
175,-0.022984017150145114,A,A_175
176,-0.006558300734966635,A,A_176
177,-0.01710320626241552,A,A_177
178,-0.007012834313808654,A,A_178
179,-0.01676203713712516,A,A_179
180,-0.019716058974319117,A,A_180
181,-0.0035114089627196667,A,A_181
182,-0.022851414599031835,A,A_182
183,-0.008423561905967141,A,A_183
184,-0.023707044325837028,A,A_184
185,-0.005038477687550221,A,A_185
186,-0.010204125581655708,A,A_186
187,-0.004468508375884632,A,A_187
188,-0.010155891933638533,A,A_188
189,-0.017676743935653317,A,A_189
190,-0.015406990476934805,A,A_190
191,-0.019244989127072887,A,A_191
192,-0.009601298045683552,A,A_192
193,-0.026908719247320873,A,A_193
194,-0.012208050007615677,A,A_194
195,-0.0034566494116455592,A,A_195
196,-0.016881771934911454,A,A_196
197,-0.0008049398158778966,A,A_197
198,0.023834424930903934,A,A_198
199,0.001954438448122519,A,A_199
200,0.0077593468401423475,A,A_200
201,0.0016203978524500155,A,A_201
202,-0.0024994630177992026,A,A_202
203,-0.006217692248874099,A,A_203
204,-0.013287470699310286,A,A_204
205,-0.011108214675457391,A,A_205
206,0.0049198019403470464,A,A_206
207,-0.0005281725776033722,A,A_207
208,-0.010558246611380204,A,A_208
209,-0.032877248060094316,A,A_209
210,-0.010708349120701458,A,A_210
211,-0.012240095511633083,A,A_211
212,-0.02036714581934496,A,A_212
213,0.004396059490541285,A,A_213
214,-0.020560804197945877,A,A_214
215,-0.004000797800978245,A,A_215
216,-0.00403755700825282,A,A_216
217,-0.006594619703952762,A,A_217
218,0.005890716187341571,A,A_218
219,-0.0020314479905105807,A,A_219
220,0.0006203597396133703,A,A_220
221,-0.014763805029353965,A,A_221
222,0.005354237367426715,A,A_222
223,0.0009928211485815417,A,A_223
224,0.009402186204670579,A,A_224
225,0.015954785120309085,A,A_225
226,-0.0004545601645972387,A,A_226
227,-0.0019220269685026837,A,A_227
228,0.006692337911666291,A,A_228
229,0.0024523070822114554,A,A_229
230,-0.002029712809331162,A,A_230
231,0.00015824032880360235,A,A_231
232,-0.0299788288077331,A,A_232
233,-0.009031836177858275,A,A_233
234,-0.050845909606192806,A,A_234
235,-0.026852591170003725,A,A_235
236,-0.06760811471766134,A,A_236
237,-0.023947999977771833,A,A_237
238,0.012423819700898986,A,A_238
239,-0.022393986226374767,A,A_239
240,-0.010440174004187619,A,A_240
241,-0.00736084886617535,A,A_241
242,0.018863329278789222,A,A_242
243,0.0065327010222861505,A,A_243
244,-0.03436516655989984,A,A_244
245,-0.02068145837768136,A,A_245
246,0.002585146544952064,A,A_246
247,-0.04655496106873541,A,A_247
248,0.027021776749889797,A,A_248
249,0.07856436746120123,A,A_249
250,0.06378852859817508,A,A_250
251,0.007541671371240004,A,A_251
252,0.6911354955436455,A,A_252
253,0.007504059928292646,A,A_253
254,-0.07891395724636412,A,A_254
255,0.047392214386864036,A,A_255
256,0.006070975062486304,A,A_256
257,0.023555393881066304,A,A_257
258,0.030906897942356383,A,A_258
259,0.00910956175487373,A,A_259
260,0.017455646958448544,A,A_260
261,0.026513513964693564,A,A_261
262,0.04133102555802414,A,A_262
263,0.01455938033369516,A,A_263
264,0.0359982516543609,A,A_264
265,-0.02736345829653217,A,A_265
266,0.03401213338848006,A,A_266
267,0.02270960191640176,A,A_267
268,0.0036249347101030894,A,A_268
269,0.0030978607088675537,A,A_269
270,0.0420225808508008,A,A_270
271,0.025208560995782597,A,A_271
272,0.007270851612326097,A,A_272
273,-0.00846033926970729,A,A_273
274,0.0019547172598392104,A,A_274
275,0.008846375416652202,A,A_275
276,0.027917603363704163,A,A_276
277,0.01189120869137408,A,A_277
278,-0.014402151708711917,A,A_278
279,0.0009609775222293306,A,A_279
280,0.06776679011404721,A,A_280
281,-0.06890465574264505,A,A_281
282,-0.026097987518430666,A,A_282
283,0.057025585332397884,A,A_283
284,0.04305329215124685,A,A_284
285,-0.015166872968666928,A,A_285
286,-0.00881567070205509,A,A_286
287,0.03819921798605716,A,A_287
288,0.4821155208460729,A,A_288
289,0.04949355296760943,A,A_289
290,0.024528570649723348,A,A_290
291,0.12011700635345961,A,A_291
292,0.21086651377319912,A,A_292
293,-0.07906127692450042,A,A_293
294,-0.07386079985592285,A,A_294
295,0.05259550558875494,A,A_295
296,0.005969283136800415,A,A_296
297,-0.03551905506724685,A,A_297
298,0.0548525222360839,A,A_298
299,0.025425427254475618,A,A_299
300,0.027608514230724968,A,A_300
301,0.03286964622632771,A,A_301
302,0.08612109044838372,A,A_302
303,0.38091671068118405,A,A_303
304,0.06577061567190014,A,A_304
305,0.07548069596734713,A,A_305
306,0.07614573119435343,A,A_306
307,0.06921767639060751,A,A_307
308,0.08191471667102665,A,A_308
309,0.37645340750365675,A,A_309
310,0.04883316928998275,A,A_310
311,0.03427428193810806,A,A_311
312,0.016606461503022692,A,A_312
313,0.04290050811140123,A,A_313
314,0.024547336359646555,A,A_314
315,0.028201352869995578,A,A_315
316,0.023968434809648914,A,A_316
317,-0.004626664807185931,A,A_317
318,0.02267793786038285,A,A_318
319,0.12216224426216839,A,A_319
320,0.027019238672018987,A,A_320
321,0.0031655105673131386,A,A_321
322,-0.0023610802495557005,A,A_322
323,0.003219490091378101,A,A_323
324,-0.004364613090528591,A,A_324
325,-9.334622326532413e-05,A,A_325
326,-0.001100671673891411,A,A_326
327,-0.01238585971231929,A,A_327
328,0.008275470482404368,A,A_328
329,0.008447737404581393,A,A_329
330,0.007839260076564696,A,A_330
331,0.005600555620305068,A,A_331
332,0.008044354125846764,A,A_332
333,0.01319827426733822,A,A_333
334,0.0012644594260608182,A,A_334
335,0.0029495982267969127,A,A_335
336,0.0072941080685595405,A,A_336
337,0.0014904522469504032,A,A_337
338,0.0005104597780431633,A,A_338
339,0.0001604623810893024,A,A_339
340,0.005788307347885155,A,A_340
341,0.011230209809926853,A,A_341
342,0.005620122877552081,A,A_342
343,0.015392099541464383,A,A_343
344,0.029300533970384696,A,A_344
345,0.025163754323654763,A,A_345
346,0.027073697028001067,A,A_346
347,0.08384564771568141,A,A_347
348,0.033665301267466675,A,A_348
349,0.15467143329410568,A,A_349
350,0.06528463618716213,A,A_350
351,0.06740890978713725,A,A_351
352,0.016944573920784838,A,A_352
353,0.009121430876921742,A,A_353
354,0.008786769346499542,A,A_354
355,-0.0016655289673917608,A,A_355
356,0.0030142902255816907,A,A_356
357,-0.0016458820250977498,A,A_357
358,0.0031199637027735628,A,A_358
359,0.0034152075533303477,A,A_359
360,0.0033507495505714336,A,A_360
361,0.005482400822628457,A,A_361
362,0.00018837678717981637,A,A_362
363,0.013947918080342903,A,A_363
364,-0.003703124388188387,A,A_364
365,-0.008799556887002768,A,A_365
366,-0.005715160873165134,A,A_366
367,-0.02878564566712995,A,A_367
368,-0.007559645568670091,A,A_368
369,-0.007092221071414012,A,A_369
370,-0.009100711625086945,A,A_370
371,-0.037616639251263,A,A_371
372,-0.01343100594387219,A,A_372
373,-0.0111662868494048,A,A_373
374,-0.009409323669306205,A,A_374
375,-0.004286766526573825,A,A_375
376,-0.02484457465857065,A,A_376
377,-0.016581292011766963,A,A_377
378,-0.004105556851503908,A,A_378
379,0.02428491110009696,A,A_379
380,0.04803491401239675,A,A_380
381,0.022306335968248197,A,A_381
382,-0.01339269746335047,A,A_382
383,0.026027894032918407,A,A_383
384,0.009695041405280774,A,A_384
385,0.011139832041693021,A,A_385
386,0.030918565320046287,A,A_386
387,0.03672363121858914,A,A_387
388,0.06697139334192644,A,A_388
389,0.05261064548084749,A,A_389
390,0.03958971043512847,A,A_390
391,0.0774033437439137,A,A_391
392,0.21013899629496482,A,A_392
393,0.0755020531374599,A,A_393
394,0.029130091953923423,A,A_394
395,0.018083935444282585,A,A_395
396,0.027856777575419312,A,A_396
397,0.025745582320014657,A,A_397
398,0.009780086757470458,A,A_398
399,0.049978114820535144,A,A_399
400,0.002860804835402162,A,A_400
401,0.003970740759929046,A,A_401
402,-0.0017119931548385185,A,A_402
403,0.021386041896358746,A,A_403
404,0.008448738522018502,A,A_404
405,0.012234102712563295,A,A_405
406,-0.019333221577954276,A,A_406
407,0.003014730714709112,A,A_407
408,0.014683486682473578,A,A_408
409,-0.002767350920575195,A,A_409
410,0.004716860144814451,A,A_410
411,0.004821264553491181,A,A_411
412,-0.0017417849839441767,A,A_412
413,0.0025680955098975992,A,A_413
414,0.007165287869555399,A,A_414
415,0.007911416866119634,A,A_415
416,0.00778027220472724,A,A_416
417,0.012346990586761997,A,A_417
418,0.004799654573702024,A,A_418
419,0.013142871408992993,A,A_419
420,0.0002891189825338284,A,A_420
421,0.002325868709028666,A,A_421
422,0.003221747132486055,A,A_422
423,0.017455998565516006,A,A_423
424,0.004760200503332163,A,A_424
425,0.005731163604457009,A,A_425
426,0.034201261043151285,A,A_426
427,0.0046684915943156985,A,A_427
428,-0.020914161924854718,A,A_428
429,-0.016831209983582715,A,A_429
430,0.008714892932572467,A,A_430
431,0.0035772072446837943,A,A_431
432,0.004323066619915811,A,A_432
433,0.009312832968961406,A,A_433
434,-0.016287454721613578,A,A_434
435,0.009084160070906332,A,A_435
436,0.01578694533219122,A,A_436
437,0.02166765956211569,A,A_437
438,0.007940602117211152,A,A_438
439,0.012484733827630847,A,A_439
440,0.01290379944110169,A,A_440
441,0.012687313160139366,A,A_441
442,0.019349778369394305,A,A_442
443,0.030203850569576408,A,A_443
444,0.07517795263886064,A,A_444
445,0.05446264290778181,A,A_445
446,0.016148651421460186,A,A_446
447,0.05177872105757126,A,A_447
448,0.04946809783402129,A,A_448
449,0.010634135816803461,A,A_449
450,0.014035453667723373,A,A_450
451,-0.01696483659997992,A,A_451
452,-0.021115969597147205,A,A_452
453,-0.043361761652384485,A,A_453
454,-0.006884231999704474,A,A_454
455,-0.0362067462321465,A,A_455
456,-0.13938595965324346,A,A_456
457,-0.01854421740781104,A,A_457
458,-0.025169960723040626,A,A_458
459,-0.016960910567972855,A,A_459
460,-0.009206145039333813,A,A_460
461,-0.038739742309875855,A,A_461
462,-0.016403988257676323,A,A_462
463,-0.09989050784822054,A,A_463
464,-0.04608395650587992,A,A_464
465,-0.029979793327364026,A,A_465
466,-0.04975050696521262,A,A_466
467,-0.03523334313658718,A,A_467
468,-0.06249537501963762,A,A_468
469,-0.0364124900112333,A,A_469
470,-0.05620897538249177,A,A_470
471,-0.008102281189922443,A,A_471
472,-0.09423841574433464,A,A_472
473,-0.018795337809643584,A,A_473
474,-0.00968922507227823,A,A_474
475,-0.0017428896462587439,A,A_475
476,0.0017977939746707688,A,A_476
477,0.008626699673187119,A,A_477
478,0.002320527236045699,A,A_478
479,-0.005633023297142235,A,A_479
480,0.0054240384645215176,A,A_480
481,-0.006984925886499181,A,A_481
482,-0.000928249999612645,A,A_482
483,-0.0019178484283565653,A,A_483
484,0.0062829016129196105,A,A_484
485,-0.0031318540666614852,A,A_485
486,-0.00016086508690236142,A,A_486
487,0.0034878256647157407,A,A_487
488,0.010907967699935977,A,A_488
489,0.011459323693068546,A,A_489
490,0.005000270361391462,A,A_490
491,0.012490968638164254,A,A_491
492,0.011589614820000257,A,A_492
493,0.014329845382109005,A,A_493
494,0.01948739305582684,A,A_494
495,0.019535767332314966,A,A_495
496,0.004914291797959351,A,A_496
497,0.020297173619870646,A,A_497
498,0.003992107085601676,A,A_498
499,0.0028134501224787497,A,A_499
500,0.00854432101805175,A,A_500
501,0.005053012637505118,A,A_501
502,-0.009586923532283043,A,A_502
503,-0.01974486425235976,A,A_503
504,-0.008954040286971013,A,A_504
505,-0.000490623122872878,A,A_505
506,-0.04029181556684125,A,A_506
507,-0.0480243299371963,A,A_507
508,-0.013683372898154168,A,A_508
509,-0.05787485861239867,A,A_509
510,-0.027628977940803885,A,A_510
511,-0.02437662993612602,A,A_511
512,-0.012468755424486869,A,A_512
513,-0.043844584562707324,A,A_513
514,-0.0418240000222187,A,A_514
515,-0.13018992519848402,A,A_515
516,-0.00895322628532213,A,A_516
517,-0.059428527923432097,A,A_517
518,-0.04288076663939592,A,A_518
519,-0.04439803297179134,A,A_519
520,-0.0033369198998764536,A,A_520
521,-0.022010731883355894,A,A_521
522,-0.05161478941100912,A,A_522
523,-0.006320145140741826,A,A_523
524,-0.01788032980712892,A,A_524
525,0.0009265163067208202,A,A_525
526,0.00818015997907337,A,A_526
527,-0.005964320739330316,A,A_527
528,0.029291362976553728,A,A_528
529,0.0004213827370678527,A,A_529
530,0.006727223438383971,A,A_530
531,0.00286516048950424,A,A_531
532,0.007331052479892088,A,A_532
533,0.007153992674000682,A,A_533
534,0.005249613445508814,A,A_534
535,0.00642647438777495,A,A_535
536,0.013558784060268813,A,A_536
537,0.005380558507307381,A,A_537
538,-0.002370849214389512,A,A_538
539,0.0014302681083996672,A,A_539
540,0.004048011316255593,A,A_540
541,0.001768918747415748,A,A_541
542,0.006487389773589403,A,A_542
543,-0.004022716156719207,A,A_543
544,0.008517222310579218,A,A_544
545,0.0014014860899651948,A,A_545
546,0.02132996809566357,A,A_546
547,0.0007333116474323056,A,A_547
548,-0.014593257469869652,A,A_548
549,0.008114586313775441,A,A_549
550,0.006058226790650093,A,A_550
551,-0.010797816992302424,A,A_551
552,-0.014230296492415717,A,A_552
553,-0.009163630348056076,A,A_553
554,0.007740858569357593,A,A_554
555,-0.007689801170595252,A,A_555
556,0.015244095523235955,A,A_556
557,0.010012248619603753,A,A_557
558,0.020394286666433937,A,A_558
559,0.009723831037155566,A,A_559
560,0.008478980039386063,A,A_560
561,0.0037159554553681186,A,A_561
562,0.013814297256515921,A,A_562
563,0.007258627774534909,A,A_563
564,0.0002947454724600461,A,A_564
565,0.017457432143913203,A,A_565
566,0.003084567849338633,A,A_566
567,-0.0036766131679646366,A,A_567
568,0.0004934911342375236,A,A_568
569,0.002373255465136847,A,A_569
570,-0.002263145913200249,A,A_570
571,-0.0038631445241689498,A,A_571
572,-0.0030483258311654812,A,A_572
573,-0.0008740303506144542,A,A_573
574,-0.02018407102333512,A,A_574
575,0.005301464121277241,A,A_575
576,-0.004270208546833546,A,A_576
577,-0.003337333295136644,A,A_577
578,-0.024980856538112245,A,A_578
579,-0.003599184762573527,A,A_579
580,-0.004379636976522193,A,A_580
581,-0.010593678761706957,A,A_581
582,0.006175225658280414,A,A_582
583,-6.924766134819264e-05,A,A_583
584,-0.00289416519602831,A,A_584
585,-0.0003057649824624026,A,A_585
586,0.006623324518539569,A,A_586
587,-0.004725508473846709,A,A_587
588,-0.002815379862560257,A,A_588
589,0.01110543082362076,A,A_589
590,-0.004056539091838516,A,A_590
591,-0.022602941691384357,A,A_591
592,-0.010179261073307884,A,A_592
593,0.004765265333576109,A,A_593
594,-0.008486070953859429,A,A_594
595,-0.0019171435283900917,A,A_595
596,-0.03782941881141098,A,A_596
597,-0.02025268821440569,A,A_597
598,-0.00805058331016541,A,A_598
599,-0.039005966980610436,A,A_599
600,-0.02736009631706627,A,A_600
601,-0.013026183718944364,A,A_601
602,-0.006274592791499563,A,A_602
603,-0.016781368146731562,A,A_603
604,-0.024109005785868026,A,A_604
605,-0.0324490356934618,A,A_605
606,-0.04151248404987737,A,A_606
607,-0.07136238563930924,A,A_607
608,-0.021776698255671845,A,A_608
609,-0.033204725643557524,A,A_609
610,-0.04428695123221615,A,A_610
611,-0.023625017543650442,A,A_611
612,-0.03846274222329995,A,A_612
613,-0.03995917167534171,A,A_613
614,-0.021551491508034044,A,A_614
615,-0.1265221556978263,A,A_615
616,-0.03597676430881383,A,A_616
617,-0.025903550237432113,A,A_617
618,-0.021883493153291887,A,A_618
619,-0.034790966817844424,A,A_619
620,-0.03383040598108705,A,A_620
621,-0.008197564356636574,A,A_621
622,-0.002046254981951544,A,A_622
623,-0.0037136841309981647,A,A_623
624,-0.02414711495232255,A,A_624
625,-0.017650003494154076,A,A_625
626,-0.008630716468182599,A,A_626
627,-0.010814657725940131,A,A_627
628,-0.0027627394380320427,A,A_628
629,-0.013580592197031371,A,A_629
630,-0.025934053988038,A,A_630
631,-0.008945710273365538,A,A_631
632,-0.01656074182569665,A,A_632
633,-0.00020003227527459354,A,A_633
634,-0.008313071925612238,A,A_634
635,-0.002700337986497278,A,A_635
636,0.00012652652006664046,A,A_636
637,-0.005257034077580824,A,A_637
638,-0.0023014765531426387,A,A_638
639,0.005856692183589912,A,A_639
640,0.002271942097192858,A,A_640
641,0.01622575658143918,A,A_641
642,0.007554899479067491,A,A_642
643,0.006293288716309148,A,A_643
644,0.00888215718484977,A,A_644
645,0.0009804278040034646,A,A_645
646,0.01734508794322388,A,A_646
647,0.04033014538563016,A,A_647
648,0.0009446459214439352,A,A_648
649,0.002080379818867341,A,A_649
650,-0.006983810841707623,A,A_650
651,0.003938260390042909,A,A_651
652,0.00563251209014176,A,A_652
653,0.004255322386281592,A,A_653
654,0.01881725976418212,A,A_654
655,0.004851180403269805,A,A_655
656,0.000968274163223853,A,A_656
657,0.0034593182746015323,A,A_657
658,0.005292534076333046,A,A_658
659,0.009824234556311545,A,A_659
660,0.009010450026079522,A,A_660
661,0.01527894801088345,A,A_661
662,0.00560792859018107,A,A_662
663,0.005841819539942202,A,A_663
664,0.008095722227132358,A,A_664
665,0.008355137368836774,A,A_665
666,0.009518431426594259,A,A_666
667,0.01563798677168613,A,A_667
668,0.04282840587050722,A,A_668
669,0.017140574142847618,A,A_669
670,0.025849582654471907,A,A_670
671,-0.020108136800883514,A,A_671
672,-0.008813085317437162,A,A_672
673,-0.017470117956145514,A,A_673
674,-0.02114078808423067,A,A_674
675,-0.003146678900550705,A,A_675
676,-0.007339900717700998,A,A_676
677,-0.0019157830927543865,A,A_677
678,0.005081126724383005,A,A_678
679,-0.004207084516949212,A,A_679
680,0.0032151682724018186,A,A_680
681,0.0048118924049869284,A,A_681
682,0.011555780635295613,A,A_682
683,0.00706510974221487,A,A_683
684,0.007857864256141827,A,A_684
685,-0.002593283702669,A,A_685
686,0.0018681428075157547,A,A_686
687,0.008011055254642133,A,A_687
688,0.004639816115043564,A,A_688
689,0.011662881233651645,A,A_689
690,-0.00027431141264264245,A,A_690
691,0.005113555773441627,A,A_691
692,0.0013617065414982814,A,A_692
693,0.0007387463548131515,A,A_693
694,0.002789912554710766,A,A_694
695,-0.009473746485526085,A,A_695
696,-0.0054733582550438725,A,A_696
697,-0.0014424073798986663,A,A_697
698,0.01454814288783731,A,A_698
699,-0.00013161141293959242,A,A_699
700,8.711644586599496e-05,A,A_700
701,0.006787098322403501,A,A_701
702,-0.013342965169470677,A,A_702
703,0.0006669267480044205,A,A_703
704,-0.015794416959270592,A,A_704
705,0.0010649385066017502,A,A_705
706,0.0020357175426948225,A,A_706
707,-0.0005286401516600978,A,A_707
708,0.010541831499588733,A,A_708
709,-0.005447677131894903,A,A_709
710,-0.006964358203805099,A,A_710
711,0.006014855331057857,A,A_711
712,-0.002758861026076614,A,A_712
713,-0.018620337893231777,A,A_713
714,-0.027536152966394042,A,A_714
715,0.0006153267614331093,A,A_715
716,-0.011022503948645434,A,A_716
717,-0.011928574086093846,A,A_717
718,-0.009716139264608882,A,A_718
719,-0.010799982998450803,A,A_719
720,-0.011061300067084763,A,A_720
721,-0.0006479520856490278,A,A_721
722,-0.0023894023304556005,A,A_722
723,-0.0007841495361187701,A,A_723
724,-0.002368054096009363,A,A_724
725,-0.009827985578963335,A,A_725
726,-0.008791689464244416,A,A_726
727,-0.0067315807723212,A,A_727
728,-0.00872563909722075,A,A_728
729,-0.01591121747687744,A,A_729
730,-0.0014642863537757613,A,A_730
731,0.00168091940211767,A,A_731
732,0.0020973770176869705,A,A_732
733,0.0001998057327501259,A,A_733
734,0.0011789342166897013,A,A_734
735,0.0017196738166842614,A,A_735
736,-0.004535046778823933,A,A_736
737,0.0015491513023293824,A,A_737
738,-0.05604670660591285,A,A_738
739,-0.05539987936335826,A,A_739
740,-0.04440567424902027,A,A_740
741,-0.12310620382042393,A,A_741
742,-0.02732372729384931,A,A_742
743,-0.022154847593515672,A,A_743
744,-0.047747044900318995,A,A_744
745,-0.02109638780270785,A,A_745
746,-0.0032651946995975976,A,A_746
747,0.0037875484770054433,A,A_747
748,0.003300179042033627,A,A_748
749,-0.045393950458465476,A,A_749
750,-0.06259867800194154,A,A_750
751,0.007497926588509302,A,A_751
752,-0.019663461327597692,A,A_752
753,0.010798769218373774,A,A_753
754,-0.0011417097950152935,A,A_754
755,-0.0007513874228733001,A,A_755
756,-0.0033998130845652,A,A_756
757,0.0060002615746674376,A,A_757
758,-0.006616526758584296,A,A_758
759,-0.004703469730501985,A,A_759
760,-0.003876922361122261,A,A_760
761,-0.0012743453960147003,A,A_761
762,-0.00410764452249965,A,A_762
763,-0.0039794135170992465,A,A_763
764,-0.002364348966871574,A,A_764
765,-0.004282971233542447,A,A_765
766,-0.0035482673073216884,A,A_766
767,-0.005175146722689908,A,A_767
768,-0.001234667334891123,A,A_768
769,-0.002092428331279753,A,A_769
770,0.0031596579757475676,A,A_770
771,0.0040211634877592274,A,A_771
772,0.006308875320488426,A,A_772
773,0.0028080353106236158,A,A_773
774,0.006317212131364253,A,A_774
775,0.003367293282453933,A,A_775
776,0.010280518806448116,A,A_776
777,-0.002008803661327566,A,A_777
778,-0.00011808693211304863,A,A_778
779,-0.0013849319885779734,A,A_779
780,0.0016260938079860731,A,A_780
781,0.01842737350255539,A,A_781
782,0.0131210435493731,A,A_782
783,0.0025109584535635476,A,A_783
784,0.006049469661085496,A,A_784
785,0.03629101695770635,A,A_785
786,-0.003369066790141423,A,A_786
787,-0.015139745149671688,A,A_787
788,0.008672278655221157,A,A_788
789,-0.016841360474349823,A,A_789
790,-0.012661052943521793,A,A_790
791,0.012629162505908011,A,A_791
792,0.039820909173984044,A,A_792
793,0.003956159662917072,A,A_793
794,0.0177010291316242,A,A_794
795,-0.0253923448271548,A,A_795
796,0.019764592830843513,A,A_796
797,0.019580502351133705,A,A_797
798,0.0009674077642199507,A,A_798
799,0.01760312667200842,A,A_799
800,-0.008383801311185808,A,A_800
801,0.002977350835713795,A,A_801
802,0.028848787026921677,A,A_802
803,0.011209740363244543,A,A_803
804,0.000288948789921034,A,A_804
805,-0.0036455313194783206,A,A_805
806,-0.0035841152458762474,A,A_806
807,6.368830361835426e-05,A,A_807
808,-0.009367462144352624,A,A_808
809,-0.0006649448309135231,A,A_809
810,0.003247421672899127,A,A_810
811,-0.0015528653817471186,A,A_811
812,0.0008306060876411272,A,A_812
813,-0.0007345470421868253,A,A_813
814,-0.0016238917184152365,A,A_814
815,0.00041093473553300593,A,A_815
816,0.0011737241598480815,A,A_816
817,0.002999805777677695,A,A_817
818,0.0004185274839412013,A,A_818
819,-0.0005160004781251291,A,A_819
820,0.0016681852925759723,A,A_820
821,-0.0001837178373681607,A,A_821
822,-0.002063117464181434,A,A_822
823,-0.0076738961408650015,A,A_823
824,-0.0017876240149533019,A,A_824
825,0.00080424281601171,A,A_825
826,-0.006317405932943918,A,A_826
827,-0.007961651264108282,A,A_827
828,0.01525721818867298,A,A_828
829,0.041585927449722754,A,A_829
830,0.09817495786439676,A,A_830
831,-0.004907171064534807,A,A_831
832,0.01317512959327504,A,A_832
833,-0.0003995577567479628,A,A_833
834,-0.0009261648194064593,A,A_834
835,0.003970857180141542,A,A_835
836,5.4580207703685884e-05,A,A_836
837,-3.313305212471152e-05,A,A_837
838,4.8524984058564586e-05,A,A_838
