feature,coef,pval,gene,pos,nuc,WHO_Cat12
embCAB_4246930_C,-0.0349277029583524,0.3,embCAB,4246930,C,0
embCAB_4246935_G,-0.0146909521503912,0.5,embCAB,4246935,G,0
embCAB_4239881_T,-0.0038632347170539,0.5,embCAB,4239881,T,0
embCAB_4246940_T,0.0602382710483706,0.3,embCAB,4246940,T,0
embCAB_4246964_C,0.0570426267719224,0.2,embCAB,4246964,C,0
embCAB_4246969_C,-0.0228470418395935,0.6,embCAB,4246969,C,0
embCAB_4246904_A,-0.0595389241430239,0.0,embCAB,4246904,A,0
embCAB_4246979_T,0.0186079954246776,0.5,embCAB,4246979,T,0
embCAB_4246916_A,-0.0552615081467272,0.2,embCAB,4246916,A,0
embCAB_4246746_G,0.0891621554939743,0.2,embCAB,4246746,G,0
embCAB_4246903_C,0.0008504196253107,0.3,embCAB,4246903,C,0
embCAB_4246864_T,-0.0573453430635346,0.0,embCAB,4246864,T,0
embCAB_4246608_C,-0.0552615081467272,0.1,embCAB,4246608,C,0
embCAB_4246628_C,-0.0040913743509022,0.7,embCAB,4246628,C,0
embCAB_4246652_T,-0.0051014490717859,0.5,embCAB,4246652,T,0
embCAB_4246660_T,-0.0081706774337438,0.6,embCAB,4246660,T,0
embCAB_4246662_C,-0.0403565152728665,0.2,embCAB,4246662,C,0
embCAB_4246665_C,-0.0194137886683866,0.7,embCAB,4246665,C,0
embCAB_4246706_A,0.0346362954077904,0.2,embCAB,4246706,A,0
embCAB_4246714_T,-0.0281768597799341,0.4,embCAB,4246714,T,0
embCAB_4246731_T,-0.0140884298899668,0.4,embCAB,4246731,T,0
embCAB_4246742_A,-0.0369472661961323,0.3,embCAB,4246742,A,0
embCAB_4246747_T,0.0081829321069042,0.5,embCAB,4246747,T,0
embCAB_4246762_A,-0.0140884298899671,0.6,embCAB,4246762,A,0
embCAB_4246811_A,-0.0552615081467274,0.4,embCAB,4246811,A,0
embCAB_4246819_G,-0.0609520754965715,0.1,embCAB,4246819,G,0
embCAB_4246832_G,-0.0081706774337437,0.6,embCAB,4246832,G,0
embCAB_4246853_C,0.0185604860788301,0.4,embCAB,4246853,C,0
embCAB_4246859_A,0.0303288526911005,0.2,embCAB,4246859,A,0
embCAB_4246980_A,-0.0552615081467275,0.0,embCAB,4246980,A,0
embCAB_4247121_T,-0.0839982979176759,0.3,embCAB,4247121,T,0
embCAB_4246984_T,0.0255876617537242,0.6,embCAB,4246984,T,0
embCAB_4247397_T,-0.0427398368614766,0.6,embCAB,4247397,T,0
embCAB_4247407_A,-0.0166130456361525,0.3,embCAB,4247407,A,0
embCAB_4247412_G,0.0952335185468974,0.0,embCAB,4247412,G,0
embCAB_4247420_C,0.1128384162418286,0.0,embCAB,4247420,C,0
embCAB_4247422_G,0.0543168913897316,0.3,embCAB,4247422,G,0
embCAB_indel33_C,0.0480943961496297,0.1,embCAB,indel33,C,0
embCAB_indel34_T,0.0480943961496297,0.1,embCAB,indel34,T,0
embCAB_indel35_G,0.0480943961496297,0.1,embCAB,indel35,G,0
embCAB_indel36_T,0.0999101377380517,0.0,embCAB,indel36,T,0
embCAB_indel37_G,0.0999101377380516,0.0,embCAB,indel37,G,0
embCAB_indel38_G,0.0999101377380517,0.0,embCAB,indel38,G,0
embCAB_4247430_C,0.115302315849344,0.2,embCAB,4247430,C,0
embCAB_4247451_T,-0.0406814535791455,0.1,embCAB,4247451,T,0
embCAB_4247457_G,0.0875022542072333,0.0,embCAB,4247457,G,0
embCAB_4247459_G,0.0166711345763515,0.4,embCAB,4247459,G,0
embCAB_4247480_C,0.0079168231274291,0.4,embCAB,4247480,C,0
embCAB_4247402_G,0.2880102651905444,0.0,embCAB,4247402,G,0
embCAB_4247395_T,-0.0279405768641998,0.3,embCAB,4247395,T,0
embCAB_4247013_G,-0.0604768580590675,0.3,embCAB,4247013,G,0
embCAB_4247360_A,0.0304220681330963,0.4,embCAB,4247360,A,0
embCAB_4247027_T,0.034408155773942,0.2,embCAB,4247027,T,0
embCAB_4247050_T,0.0180195590104895,0.2,embCAB,4247050,T,0
embCAB_4247076_C,-0.0086877845217648,0.3,embCAB,4247076,C,0
embCAB_4247084_T,-0.0023249274339966,0.4,embCAB,4247084,T,0
embCAB_4247097_A,-0.0399614095532267,0.3,embCAB,4247097,A,0
embCAB_4247101_A,-0.0387314529258467,0.2,embCAB,4247101,A,0
embCAB_4246600_C,0.0303288526911005,0.1,embCAB,4246600,C,0
embCAB_4247134_A,-0.0074271873386396,0.4,embCAB,4247134,A,0
embCAB_4247173_A,-0.0409298713640949,0.0,embCAB,4247173,A,0
embCAB_4247187_A,-0.0102813777023466,0.5,embCAB,4247187,A,0
embCAB_4247228_T,0.0241174743398325,0.4,embCAB,4247228,T,0
embCAB_4247232_G,-0.0194137886683866,0.6,embCAB,4247232,G,0
embCAB_4247249_C,0.0632465644000278,0.1,embCAB,4247249,C,0
embCAB_4247312_A,0.0225160762305851,0.3,embCAB,4247312,A,0
embCAB_4247313_C,0.0257096657002176,0.4,embCAB,4247313,C,0
embCAB_4246601_A,-0.0138580268422702,0.4,embCAB,4246601,A,0
embCAB_4246554_A,-0.0462465896259558,0.3,embCAB,4246554,A,0
embCAB_4246585_G,-0.04261763185008,0.3,embCAB,4246585,G,0
embCAB_4245825_A,-0.0552615081467272,0.0,embCAB,4245825,A,0
embCAB_4245626_A,0.0315354920509464,0.3,embCAB,4245626,A,0
embCAB_4245655_C,0.1851861063714879,0.0,embCAB,4245655,C,0
embCAB_4245656_T,0.0026957710662787,0.6,embCAB,4245656,T,0
embCAB_4245670_G,0.0186079954246774,0.5,embCAB,4245670,G,0
embCAB_4245674_G,-0.0223310733724568,0.3,embCAB,4245674,G,0
embCAB_4245680_C,-0.0016246294311539,0.7,embCAB,4245680,C,0
embCAB_4245762_A,-0.0038632347170539,0.5,embCAB,4245762,A,0
embCAB_4245770_T,-0.0125481468819679,0.4,embCAB,4245770,T,0
embCAB_4245788_A,0.0303288526911004,0.5,embCAB,4245788,A,0
embCAB_4245818_T,-0.0081706774337439,0.5,embCAB,4245818,T,0
embCAB_4245831_T,-0.0140884298899669,0.1,embCAB,4245831,T,0
embCAB_4245934_T,0.0063518072452262,0.6,embCAB,4245934,T,0
embCAB_indel30_T,-0.0241394991489201,0.5,embCAB,indel30,T,0
embCAB_indel31_G,-0.0241394991489201,0.5,embCAB,indel31,G,0
embCAB_indel32_G,-0.0241394991489201,0.5,embCAB,indel32,G,0
embCAB_4245852_A,0.0303288526911005,0.1,embCAB,4245852,A,0
embCAB_4245876_A,-0.0051014490717859,0.5,embCAB,4245876,A,0
embCAB_4245883_A,0.0266258294299901,0.2,embCAB,4245883,A,0
embCAB_4245890_T,-0.0013129470426514,0.7,embCAB,4245890,T,0
embCAB_4245899_T,0.0144101874925214,0.6,embCAB,4245899,T,0
embCAB_4245906_G,0.0218864844886918,0.4,embCAB,4245906,G,0
embCAB_4245912_G,0.0361102412464177,0.2,embCAB,4245912,G,0
embCAB_4245621_C,0.010813287691381,0.3,embCAB,4245621,C,0
embCAB_4245578_A,0.0194471114987422,0.5,embCAB,4245578,A,0
embCAB_4245572_T,-0.000509766433331,0.8,embCAB,4245572,T,0
embCAB_4245526_A,-0.0720423321232346,0.1,embCAB,4245526,A,0
embCAB_4245216_A,-0.037975926008976,0.3,embCAB,4245216,A,0
embCAB_4245218_T,0.0084046621117505,0.5,embCAB,4245218,T,0
embCAB_4245227_T,0.1065900999419519,0.0,embCAB,4245227,T,0
embCAB_4245245_A,-0.0111033343102331,0.3,embCAB,4245245,A,0
embCAB_4245255_A,-0.0140884298899667,0.4,embCAB,4245255,A,0
embCAB_4245258_A,-0.094211461962325,0.0,embCAB,4245258,A,0
embCAB_4245259_C,-0.0031864036300827,0.5,embCAB,4245259,C,0
embCAB_4245314_C,-0.0031493380560821,0.6,embCAB,4245314,C,0
embCAB_4245316_C,-0.0199756937318482,0.3,embCAB,4245316,C,0
embCAB_4245344_A,0.0218864844886918,0.4,embCAB,4245344,A,0
embCAB_4245346_C,0.0336365065674451,0.4,embCAB,4245346,C,0
embCAB_4245392_A,-0.0276482044035113,0.5,embCAB,4245392,A,0
embCAB_4245407_C,0.0130198581017902,0.4,embCAB,4245407,C,0
embCAB_4245417_A,-0.0032254111798288,0.6,embCAB,4245417,A,0
embCAB_4245434_A,0.0371865830821929,0.7,embCAB,4245434,A,0
embCAB_4245452_C,0.0218864844886917,0.3,embCAB,4245452,C,0
embCAB_4239887_G,0.0273753703827364,0.2,embCAB,4239887,G,0
embCAB_4245487_T,-0.0694825563303544,0.1,embCAB,4245487,T,0
embCAB_4245507_A,0.0092927878277197,0.3,embCAB,4245507,A,0
embCAB_4245512_C,-0.0210821019586547,0.2,embCAB,4245512,C,0
embCAB_4245524_C,-0.0013129470426514,0.5,embCAB,4245524,C,0
embCAB_4245924_A,0.0273753703827364,0.2,embCAB,4245924,A,0
embCAB_4245938_T,0.0273753703827365,0.3,embCAB,4245938,T,0
embCAB_4246569_A,-0.0425116972276285,0.2,embCAB,4246569,A,0
embCAB_4246453_C,-0.0166130456361526,0.5,embCAB,4246453,C,0
embCAB_4246305_G,-0.0031493380560822,0.3,embCAB,4246305,G,0
embCAB_4246322_A,-0.0767256773111317,0.0,embCAB,4246322,A,0
embCAB_4246325_A,0.0273961958146115,0.4,embCAB,4246325,A,0
embCAB_4246331_T,-0.0013129470426515,0.7,embCAB,4246331,T,0
embCAB_4246340_A,0.0109830585276174,0.5,embCAB,4246340,A,0
embCAB_4246390_G,0.0026957710662786,0.7,embCAB,4246390,G,0
embCAB_4246417_T,0.0253299962090252,0.3,embCAB,4246417,T,0
embCAB_4246424_A,0.0018094170431572,0.2,embCAB,4246424,A,0
embCAB_4246446_A,-0.0399614095532265,0.7,embCAB,4246446,A,0
embCAB_4246449_A,-0.0681236519460843,0.0,embCAB,4246449,A,0
embCAB_4246456_T,-0.0427398368614767,0.4,embCAB,4246456,T,0
embCAB_4245945_G,0.0494653215979565,0.4,embCAB,4245945,G,0
embCAB_4246477_T,-0.0087622055356568,0.5,embCAB,4246477,T,0
embCAB_4246480_A,-0.0081706774337437,0.7,embCAB,4246480,A,0
embCAB_4246508_A,0.0222384839006454,0.4,embCAB,4246508,A,0
embCAB_4246512_A,-0.0468191399443184,0.5,embCAB,4246512,A,0
embCAB_4246521_G,-0.0087622055356568,0.5,embCAB,4246521,G,0
embCAB_4246522_T,-0.0552615081467271,0.0,embCAB,4246522,T,0
embCAB_4246551_G,0.0263102062288937,0.1,embCAB,4246551,G,0
embCAB_4247503_A,0.0556085199461231,0.1,embCAB,4247503,A,0
embCAB_4246559_C,8.868968555762285e-05,0.7,embCAB,4246559,C,0
embCAB_4246567_T,-0.0008150021049621,0.5,embCAB,4246567,T,0
embCAB_4246303_A,0.0379044133290513,0.1,embCAB,4246303,A,0
embCAB_4246281_G,0.0007739393345453,0.5,embCAB,4246281,G,0
embCAB_4246275_A,-0.0002371141343556,0.4,embCAB,4246275,A,0
embCAB_4246267_T,0.0257199025476616,0.6,embCAB,4246267,T,0
embCAB_4245962_A,0.0087857201729456,0.6,embCAB,4245962,A,0
embCAB_4245963_A,0.0045658118248702,0.3,embCAB,4245963,A,0
embCAB_4245969_T,0.0278983204106554,0.5,embCAB,4245969,T,0
embCAB_4245972_G,0.0129622712059114,0.4,embCAB,4245972,G,0
embCAB_4245978_G,-0.0064474023100308,0.4,embCAB,4245978,G,0
embCAB_4245994_T,0.0161120105584762,0.6,embCAB,4245994,T,0
embCAB_4246039_T,-0.0081706774337437,0.7,embCAB,4246039,T,0
embCAB_4246046_A,-0.0468191399443188,0.1,embCAB,4246046,A,0
embCAB_4246070_A,-0.0087622055356568,0.5,embCAB,4246070,A,0
embCAB_4246085_T,-0.0072959738556204,0.7,embCAB,4246085,T,0
embCAB_4246088_G,0.0535076466866589,0.3,embCAB,4246088,G,0
embCAB_4246097_T,0.0196817839292738,0.3,embCAB,4246097,T,0
embCAB_4246137_T,-0.0166130456361528,0.4,embCAB,4246137,T,0
embCAB_4246142_A,-0.0101840267698585,0.5,embCAB,4246142,A,0
embCAB_4246146_A,-0.0031864036300823,0.3,embCAB,4246146,A,0
embCAB_4246182_A,0.0371865830821932,0.2,embCAB,4246182,A,0
embCAB_4246185_C,0.0044720561888629,0.5,embCAB,4246185,C,0
embCAB_4246193_T,-0.0031927813699499,0.7,embCAB,4246193,T,0
embCAB_4246202_A,0.0348922192840915,0.4,embCAB,4246202,A,0
embCAB_4246230_A,-0.0040913743509023,0.4,embCAB,4246230,A,0
embCAB_4246243_C,-0.0694575847427419,0.1,embCAB,4246243,C,0
embCAB_4247502_C,0.1959330500479787,0.0,embCAB,4247502,C,0
embCAB_indel40_A,0.0661372060813732,0.0,embCAB,indel40,A,0
embCAB_4247507_C,0.0278219418687864,0.3,embCAB,4247507,C,0
embCAB_4249012_A,-0.073150791113025,0.0,embCAB,4249012,A,0
embCAB_4248925_A,-0.0038879072982414,0.4,embCAB,4248925,A,0
embCAB_4248932_G,-0.0026659994687426,0.5,embCAB,4248932,G,0
embCAB_4248933_C,-0.0395426052639324,0.3,embCAB,4248933,C,0
embCAB_4248944_G,-0.0468191399443188,0.3,embCAB,4248944,G,0
embCAB_4248955_T,-0.0552615081467276,0.0,embCAB,4248955,T,0
embCAB_4248976_A,-0.0129582750980975,0.5,embCAB,4248976,A,0
embCAB_4248984_T,-0.0138580268422714,0.3,embCAB,4248984,T,0
embCAB_4248994_C,-0.0468191399443184,0.2,embCAB,4248994,C,0
embCAB_4249000_G,0.0470745036531153,0.1,embCAB,4249000,G,0
embCAB_4249018_C,0.0254580743649638,0.4,embCAB,4249018,C,0
embCAB_4248895_T,-0.0182244315734477,0.5,embCAB,4248895,T,0
embCAB_4249051_A,-0.0194137886683866,0.4,embCAB,4249051,A,0
embCAB_4249063_T,0.0155168275338964,0.5,embCAB,4249063,T,0
embCAB_4249065_A,-0.0036073108407529,0.5,embCAB,4249065,A,0
embCAB_4249069_T,-0.0552615081467272,0.2,embCAB,4249069,T,0
embCAB_4249071_C,-0.0342049311537312,0.1,embCAB,4249071,C,0
embCAB_4249093_A,-0.0468636456066042,0.2,embCAB,4249093,A,0
embCAB_4249119_G,-0.0408323773618571,0.3,embCAB,4249119,G,0
embCAB_4249182_G,0.0303288526911005,0.3,embCAB,4249182,G,0
embCAB_4249192_T,0.0344081557739419,0.1,embCAB,4249192,T,0
embCAB_4248920_A,0.0218864844886918,0.3,embCAB,4248920,A,0
embCAB_4248860_A,-0.0329271112044622,0.6,embCAB,4248860,A,0
embCAB_4249258_T,-0.0240955511550422,0.3,embCAB,4249258,T,0
embCAB_4248562_T,-0.0063210885759502,0.6,embCAB,4248562,T,0
embCAB_4248437_G,0.1014461101878364,0.0,embCAB,4248437,G,0
embCAB_4248440_G,0.0305573049477955,0.4,embCAB,4248440,G,0
embCAB_4248441_T,0.0166711345763515,0.2,embCAB,4248441,T,0
embCAB_4248444_T,0.1138901562015511,0.0,embCAB,4248444,T,0
embCAB_4248492_G,-0.0552615081467271,0.3,embCAB,4248492,G,0
embCAB_4248520_G,0.0320266639103614,0.3,embCAB,4248520,G,0
embCAB_4248543_A,-0.0005951167957933,0.2,embCAB,4248543,A,0
embCAB_4248548_A,-0.0678345227662581,0.1,embCAB,4248548,A,0
embCAB_4248551_A,0.0142615437892315,0.3,embCAB,4248551,A,0
embCAB_4248639_C,0.0346362954077906,0.4,embCAB,4248639,C,0
embCAB_4248830_C,-0.023453608375786,0.3,embCAB,4248830,C,0
embCAB_4248655_A,-0.0464177565891681,0.1,embCAB,4248655,A,0
embCAB_4248672_T,-0.0081706774337438,0.6,embCAB,4248672,T,0
embCAB_4248705_T,-0.065990344527903,0.2,embCAB,4248705,T,0
embCAB_4248706_A,-0.0007740886338153,0.8,embCAB,4248706,A,0
embCAB_4248715_T,-0.0298138424600808,0.3,embCAB,4248715,T,0
embCAB_4248736_T,-0.0641149410033167,0.2,embCAB,4248736,T,0
embCAB_4248742_G,-0.0031493380560821,0.7,embCAB,4248742,G,0
embCAB_4248800_G,-0.0166130456361528,0.2,embCAB,4248800,G,0
embCAB_4248808_T,0.0185604860788302,0.8,embCAB,4248808,T,0
embCAB_4249252_T,-0.0099674243869746,0.4,embCAB,4249252,T,0
embCAB_4249285_A,0.028275382588972,0.3,embCAB,4249285,A,0
embCAB_4247513_C,0.2519950708637917,0.0,embCAB,4247513,C,0
embCAB_4249737_T,0.0379044133290514,0.4,embCAB,4249737,T,0
embCAB_4249672_A,0.0371865830821931,0.4,embCAB,4249672,A,0
embCAB_4249673_C,-0.0485988853918933,0.4,embCAB,4249673,C,0
embCAB_4249678_A,0.1684774011138848,0.0,embCAB,4249678,A,0
embCAB_4249680_C,0.0125218432752855,0.6,embCAB,4249680,C,0
embCAB_4249681_G,0.0218864844886917,0.5,embCAB,4249681,G,0
embCAB_4249686_T,-0.0548089383950084,0.1,embCAB,4249686,T,0
embCAB_4249690_A,0.0294943382140278,0.3,embCAB,4249690,A,0
embCAB_4249731_A,0.0714409428869119,0.0,embCAB,4249731,A,0
embCAB_4249732_G,-0.0978007122712459,0.1,embCAB,4249732,G,0
embCAB_4249754_A,-0.0335579678522186,0.6,embCAB,4249754,A,0
embCAB_4249640_C,-0.0085094816133491,0.2,embCAB,4249640,C,0
embCAB_4249756_A,-0.0276482044035113,0.5,embCAB,4249756,A,0
embCAB_4249757_G,0.043935252108101,0.0,embCAB,4249757,G,0
embCAB_4249772_A,-0.0045885941098024,0.5,embCAB,4249772,A,0
embCAB_4249778_C,-0.0089296678001682,0.6,embCAB,4249778,C,0
embCAB_4249785_A,-0.0140884298899671,0.4,embCAB,4249785,A,0
embCAB_4249822_A,-0.0370853937617118,0.5,embCAB,4249822,A,0
embCAB_4249845_T,-0.0187226710723747,0.1,embCAB,4249845,T,0
embCAB_4249858_T,0.0538757163833931,0.2,embCAB,4249858,T,0
embCAB_4249866_A,-0.0140884298899667,0.4,embCAB,4249866,A,0
embCAB_4249647_A,-0.0377358349442076,0.4,embCAB,4249647,A,0
embCAB_4249636_T,0.0540630036855513,0.3,embCAB,4249636,T,0
embCAB_4249327_C,-0.0276482044035113,0.5,embCAB,4249327,C,0
embCAB_4249480_A,-0.0213143218682821,0.2,embCAB,4249480,A,0
embCAB_4249341_T,0.0031206818595415,0.5,embCAB,4249341,T,0
embCAB_4249354_C,-0.0934214154578933,0.2,embCAB,4249354,C,0
embCAB_4249384_A,-0.0185112246743112,0.4,embCAB,4249384,A,0
embCAB_4249386_C,0.0165787108837775,0.3,embCAB,4249386,C,0
embCAB_4249408_A,-0.0134745336170883,0.4,embCAB,4249408,A,0
embCAB_4249422_G,0.0291792908345073,0.5,embCAB,4249422,G,0
embCAB_4249423_G,0.036181153596288,0.5,embCAB,4249423,G,0
embCAB_4249424_G,0.0010752935273995,0.6,embCAB,4249424,G,0
embCAB_4249449_C,-0.0013948901880463,0.5,embCAB,4249449,C,0
embCAB_4249507_A,-0.0060149468568332,0.5,embCAB,4249507,A,0
embCAB_4249616_A,0.0550229211360306,0.5,embCAB,4249616,A,0
embCAB_4249512_G,0.2029586977508028,0.0,embCAB,4249512,G,0
embCAB_4249518_G,0.2560866415966206,0.0,embCAB,4249518,G,0
embCAB_4249532_A,0.0543168913897316,0.3,embCAB,4249532,A,0
embCAB_4249538_C,0.1268540047773389,0.0,embCAB,4249538,C,0
embCAB_4249544_G,-0.055261508146727,0.1,embCAB,4249544,G,0
embCAB_4249564_A,-0.0068985686807607,0.5,embCAB,4249564,A,0
embCAB_4249583_A,0.2249957442206964,0.0,embCAB,4249583,A,0
embCAB_4249594_A,-0.1022012613597418,0.0,embCAB,4249594,A,0
embCAB_4249609_G,-0.1076052834770723,0.0,embCAB,4249609,G,0
embCAB_4248427_C,-0.0089296678001683,0.4,embCAB,4248427,C,0
embCAB_4248418_C,0.0268976572221818,0.5,embCAB,4248418,C,0
embCAB_4248409_C,-0.0019660624485394,0.9,embCAB,4248409,C,0
embCAB_4247847_G,0.4395286162586473,0.0,embCAB,4247847,G,0
embCAB_4247763_C,0.0273753703827366,0.3,embCAB,4247763,C,0
embCAB_4247781_C,-0.0498478845170523,0.1,embCAB,4247781,C,0
embCAB_4247788_T,0.0078944957180266,0.6,embCAB,4247788,T,0
embCAB_4247803_A,-0.0057101711987285,0.5,embCAB,4247803,A,0
embCAB_4247808_T,0.0602382710483706,0.2,embCAB,4247808,T,0
embCAB_4247828_A,-0.0105298446908922,0.2,embCAB,4247828,A,0
embCAB_4247829_T,0.0768950924377051,0.3,embCAB,4247829,T,0
embCAB_4247830_G,-0.0197554443147443,0.3,embCAB,4247830,G,0
embCAB_4247843_A,0.0406189482461496,0.1,embCAB,4247843,A,0
embCAB_4247851_T,0.084093021164939,0.0,embCAB,4247851,T,0
embCAB_4247723_T,0.087502254207233,0.0,embCAB,4247723,T,0
embCAB_4247861_C,0.1634395288730166,0.0,embCAB,4247861,C,0
embCAB_4247862_G,0.0807418319249517,0.0,embCAB,4247862,G,0
embCAB_4247872_T,0.0131604011101323,0.4,embCAB,4247872,T,0
embCAB_4247873_A,0.0630593663513294,0.1,embCAB,4247873,A,0
embCAB_4247880_C,0.0520399817584989,0.4,embCAB,4247880,C,0
embCAB_4247882_A,0.0257199025476615,0.2,embCAB,4247882,A,0
embCAB_4247884_A,-0.0112529965867272,0.3,embCAB,4247884,A,0
embCAB_4247902_C,0.036181153596288,0.2,embCAB,4247902,C,0
embCAB_4247905_C,-0.000595116795793,0.6,embCAB,4247905,C,0
embCAB_4247738_C,0.0271456022782499,0.2,embCAB,4247738,C,0
embCAB_4247717_G,0.1987076758178608,0.0,embCAB,4247717,G,0
embCAB_4248407_C,-0.0034696251342896,0.7,embCAB,4248407,C,0
embCAB_4247578_A,-0.0263796787547395,0.1,embCAB,4247578,A,0
embCAB_4247515_T,-0.0342267825714345,0.2,embCAB,4247515,T,0
embCAB_4247521_A,0.0268100458370923,0.5,embCAB,4247521,A,0
embCAB_4247525_A,-0.0468191399443187,0.6,embCAB,4247525,A,0
embCAB_4247548_T,-0.0361365986963958,0.2,embCAB,4247548,T,0
embCAB_4247566_T,-0.0338886396344878,0.4,embCAB,4247566,T,0
embCAB_4247570_T,-0.021897278695962,0.4,embCAB,4247570,T,0
embCAB_indel39_G,0.0661372060813732,0.0,embCAB,indel39,G,0
embCAB_4245209_C,0.0317331903594471,0.5,embCAB,4245209,C,0
embCAB_indel41_C,0.0661372060813732,0.0,embCAB,indel41,C,0
embCAB_4247595_C,-0.005661819046555,0.6,embCAB,4247595,C,0
embCAB_4247709_C,0.0844473420254984,0.3,embCAB,4247709,C,0
embCAB_4247622_G,-0.0468191399443182,0.6,embCAB,4247622,G,0
embCAB_4247629_T,-0.0476295903939168,0.4,embCAB,4247629,T,0
embCAB_4247634_A,-0.0125481468819679,0.5,embCAB,4247634,A,0
embCAB_4247646_C,-0.0408658591207362,0.1,embCAB,4247646,C,0
embCAB_4247648_A,-0.0020840782221018,0.5,embCAB,4247648,A,0
embCAB_4247701_A,0.1593791401314367,0.0,embCAB,4247701,A,0
embCAB_4247702_A,-0.0339604762026846,0.3,embCAB,4247702,A,0
embCAB_4247705_G,-0.0877253295773459,0.1,embCAB,4247705,G,0
embCAB_4247706_G,0.0459346504068281,0.2,embCAB,4247706,G,0
embCAB_4247914_A,-0.0013129470426514,0.5,embCAB,4247914,A,0
embCAB_4247919_A,-0.000504679360877,0.5,embCAB,4247919,A,0
embCAB_4247979_C,0.0373735833889308,0.1,embCAB,4247979,C,0
embCAB_indel46_T,-0.0043094539440869,0.8,embCAB,indel46,T,0
embCAB_4248214_T,0.0062575955943112,0.5,embCAB,4248214,T,0
embCAB_4248224_A,0.0257199025476616,0.3,embCAB,4248224,A,0
embCAB_4248226_A,-0.0379374437160019,0.2,embCAB,4248226,A,0
embCAB_4248251_A,-0.0082780336196592,0.6,embCAB,4248251,A,0
embCAB_4248276_T,0.0210083669909793,0.4,embCAB,4248276,T,0
embCAB_4248315_G,0.072657647389583,0.1,embCAB,4248315,G,0
embCAB_4248316_T,-0.0468636456066044,0.2,embCAB,4248316,T,0
embCAB_4248343_A,-0.0218283955484931,0.6,embCAB,4248343,A,0
embCAB_indel45_T,-0.0043094539440869,0.8,embCAB,indel45,T,0
embCAB_indel47_G,-0.0043094539440869,0.8,embCAB,indel47,G,0
embCAB_4247990_A,0.1119383799823322,0.0,embCAB,4247990,A,0
embCAB_indel48_G,-0.0043094539440869,0.8,embCAB,indel48,G,0
embCAB_indel49_T,-0.0043094539440869,0.8,embCAB,indel49,T,0
embCAB_indel50_A,-0.0043094539440869,0.8,embCAB,indel50,A,0
embCAB_4248353_A,0.0078806013455035,0.4,embCAB,4248353,A,0
embCAB_4248365_A,-0.0160818202913257,0.4,embCAB,4248365,A,0
embCAB_4248371_T,0.0433486617469482,0.2,embCAB,4248371,T,0
embCAB_4248389_G,-0.0044572478894745,0.5,embCAB,4248389,G,0
embCAB_4248399_C,0.0787178310283903,0.0,embCAB,4248399,C,0
embCAB_4248403_A,-0.0081706774337437,0.3,embCAB,4248403,A,0
embCAB_4248200_C,0.0447685971406048,0.3,embCAB,4248200,C,0
embCAB_4248195_G,0.0203263986071893,0.5,embCAB,4248195,G,0
embCAB_4248190_C,-0.0677772792689763,0.1,embCAB,4248190,C,0
embCAB_4248172_A,-0.0140884298899667,0.2,embCAB,4248172,A,0
embCAB_4247996_A,0.0353131264947617,0.3,embCAB,4247996,A,0
embCAB_4248006_A,-0.008170677433744,0.6,embCAB,4248006,A,0
embCAB_4248024_G,0.0730905538521303,0.1,embCAB,4248024,G,0
embCAB_4248026_A,0.0299781697748321,0.0,embCAB,4248026,A,0
embCAB_4248027_T,0.0574375280161367,0.1,embCAB,4248027,T,0
embCAB_4248028_T,0.0190944013710186,0.3,embCAB,4248028,T,0
embCAB_4248043_G,-0.0088636945991323,0.5,embCAB,4248043,G,0
embCAB_4248073_A,-0.0468636456066042,0.2,embCAB,4248073,A,0
embCAB_4248075_C,0.0652263566204338,0.3,embCAB,4248075,C,0
embCAB_4248084_A,0.0842876576246635,0.1,embCAB,4248084,A,0
embCAB_4248105_A,0.0303288526911003,0.1,embCAB,4248105,A,0
embCAB_4248109_T,-0.0013129470426514,0.6,embCAB,4248109,T,0
embCAB_4248115_T,-0.0278143682425226,0.3,embCAB,4248115,T,0
embCAB_4248145_A,-0.0218283955484932,0.5,embCAB,4248145,A,0
embCAB_4248146_T,0.0074491508905514,0.3,embCAB,4248146,T,0
embCAB_4248152_T,-0.0031493380560824,0.5,embCAB,4248152,T,0
embCAB_4248159_T,-0.0020224452661788,0.5,embCAB,4248159,T,0
embCAB_4248161_T,0.0319042446196977,0.2,embCAB,4248161,T,0
embCAB_4248170_A,0.0076146727660935,0.5,embCAB,4248170,A,0
embCAB_4245210_T,0.0218864844886919,0.5,embCAB,4245210,T,0
embCAB_4245484_C,-0.0604768580590678,0.2,embCAB,4245484,C,0
embCAB_4245196_C,-0.0013129470426513,0.7,embCAB,4245196,C,0
embCAB_4242343_A,-0.0166130456361526,0.4,embCAB,4242343,A,0
embCAB_4242182_T,0.1070923450424448,0.0,embCAB,4242182,T,0
embCAB_4242215_C,-0.0048621396831053,0.4,embCAB,4242215,C,0
embCAB_4242225_C,-0.0129170451098421,0.5,embCAB,4242225,C,0
embCAB_4242232_C,-0.0050145311146422,0.5,embCAB,4242232,C,0
embCAB_4242241_T,-0.0305592638373459,0.5,embCAB,4242241,T,0
embCAB_4242267_A,0.0001175997801458,0.5,embCAB,4242267,A,0
embCAB_4242279_T,-0.0166130456361526,0.2,embCAB,4242279,T,0
embCAB_4242299_C,0.0375592504307056,0.3,embCAB,4242299,C,0
embCAB_4242303_C,-0.0140884298899667,0.4,embCAB,4242303,C,0
embCAB_4242337_T,0.1229498553970642,0.2,embCAB,4242337,T,0
embCAB_4242349_C,-0.014088429889967,0.4,embCAB,4242349,C,0
embCAB_4242132_C,-0.0051014490717859,0.5,embCAB,4242132,C,0
embCAB_4242356_G,-0.0105298446908922,0.3,embCAB,4242356,G,0
embCAB_4242370_G,-0.0140884298899671,0.4,embCAB,4242370,G,0
embCAB_4242373_A,-0.0080246308434972,0.4,embCAB,4242373,A,0
embCAB_4242392_C,0.0303288526911004,0.3,embCAB,4242392,C,0
embCAB_4242396_G,0.0371865830821931,0.1,embCAB,4242396,G,0
embCAB_4242485_C,-0.0484707512067131,0.5,embCAB,4242485,C,0
embCAB_4242491_T,-0.0468191399443188,0.6,embCAB,4242491,T,0
embCAB_4242515_A,0.0203045369925409,0.5,embCAB,4242515,A,0
embCAB_4242518_G,-0.0159834538942589,0.4,embCAB,4242518,G,0
embCAB_4242525_G,-0.0087622055356568,0.5,embCAB,4242525,G,0
embCAB_4242176_G,-0.0144277528743721,0.5,embCAB,4242176,G,0
embCAB_4242075_A,-0.0853810591452533,0.0,embCAB,4242075,A,0
embCAB_4241671_C,-0.0552615081467275,0.4,embCAB,4241671,C,0
embCAB_4241860_T,-0.0069573484003997,0.8,embCAB,4241860,T,0
embCAB_4241699_G,-0.060626103377454,0.4,embCAB,4241699,G,0
embCAB_4241719_A,0.0297414070998689,0.2,embCAB,4241719,A,0
embCAB_4241735_T,0.0182627691211328,0.1,embCAB,4241735,T,0
embCAB_4241741_A,0.0129622712059114,0.4,embCAB,4241741,A,0
embCAB_4241749_A,0.02130969399792,0.4,embCAB,4241749,A,0
embCAB_4241806_A,-0.025052022997046,0.5,embCAB,4241806,A,0
embCAB_4241830_C,0.0273961958146114,0.4,embCAB,4241830,C,0
embCAB_4241843_A,0.0091486293389053,0.3,embCAB,4241843,A,0
embCAB_4241852_A,0.012419576167067,0.2,embCAB,4241852,A,0
embCAB_4241853_A,0.0386389851200422,0.3,embCAB,4241853,A,0
embCAB_4241884_A,0.0218864844886916,0.3,embCAB,4241884,A,0
embCAB_4242059_A,-0.0234831169706169,0.5,embCAB,4242059,A,0
embCAB_4241888_A,-0.003607310840753,0.3,embCAB,4241888,A,0
embCAB_4241922_A,-0.023453608375786,0.3,embCAB,4241922,A,0
embCAB_4241939_T,-0.0145775679185022,0.5,embCAB,4241939,T,0
embCAB_4241962_G,-0.0218283955484929,0.5,embCAB,4241962,G,0
embCAB_4241974_A,0.0052775900194041,0.4,embCAB,4241974,A,0
embCAB_4241993_A,-0.0007740886338153,0.8,embCAB,4241993,A,0
embCAB_4242010_A,0.0185604860788301,0.5,embCAB,4242010,A,0
embCAB_4242029_T,-0.0409298713640951,0.0,embCAB,4242029,T,0
embCAB_4242032_G,0.0257199025476615,0.2,embCAB,4242032,G,0
embCAB_4242048_T,0.0364326802987724,0.3,embCAB,4242048,T,0
embCAB_4242550_G,0.0185741925279127,0.4,embCAB,4242550,G,0
embCAB_4242553_C,-0.019352277495432,0.3,embCAB,4242553,C,0
embCAB_4242563_T,-0.0145775679185021,0.5,embCAB,4242563,T,0
embCAB_4243158_C,0.0257348297916238,0.3,embCAB,4243158,C,0
embCAB_4243038_T,-0.0468191399443184,0.3,embCAB,4243038,T,0
embCAB_4243051_A,-0.0181842427221183,0.5,embCAB,4243051,A,0
embCAB_4243067_A,-0.0222012683408665,0.5,embCAB,4243067,A,0
embCAB_4243075_C,-0.0013129470426513,0.6,embCAB,4243075,C,0
embCAB_4243077_T,0.0199941188301591,0.4,embCAB,4243077,T,0
embCAB_4243087_A,-0.0166130456361528,0.3,embCAB,4243087,A,0
embCAB_4243099_T,-0.0011134239178505,0.6,embCAB,4243099,T,0
embCAB_4245193_T,0.0900382622725965,0.2,embCAB,4245193,T,0
embCAB_4243150_A,0.034408155773942,0.4,embCAB,4243150,A,0
embCAB_4243157_C,-0.0468191399443188,0.4,embCAB,4243157,C,0
embCAB_4243174_A,-0.003232119790102,0.6,embCAB,4243174,A,0
embCAB_4242595_A,-0.0306049965976046,0.2,embCAB,4242595,A,0
embCAB_4243191_-,0.0241174743398325,0.4,embCAB,4243191,-,0
embCAB_4243192_-,0.0932890889308626,0.1,embCAB,4243192,-,0
embCAB_4243199_-,0.0129622712059114,0.4,embCAB,4243199,-,0
embCAB_4243205_-,0.0315425776481778,0.3,embCAB,4243205,-,0
embCAB_4243207_-,0.1000893449283262,0.1,embCAB,4243207,-,0
embCAB_4243208_-,7.521188133144876e-05,0.8,embCAB,4243208,-,0
embCAB_4243209_-,7.521188133144749e-05,0.8,embCAB,4243209,-,0
embCAB_4243210_T,-0.0166130456361528,0.5,embCAB,4243210,T,0
embCAB_4243216_A,-0.055128815235012,0.2,embCAB,4243216,A,0
embCAB_4243218_G,0.2188915706262289,0.0,embCAB,4243218,G,0
embCAB_4243013_A,0.0648632683436809,0.2,embCAB,4243013,A,0
embCAB_4242992_C,-0.0438093475445692,0.3,embCAB,4242992,C,0
embCAB_4242970_T,0.0519728771576464,0.3,embCAB,4242970,T,0
embCAB_4242961_A,-0.0417978005666572,0.4,embCAB,4242961,A,0
embCAB_4242606_C,-0.0166130456361525,0.5,embCAB,4242606,C,0
embCAB_4242635_A,-0.0468191399443188,0.6,embCAB,4242635,A,0
embCAB_4242643_T,0.0797703348824103,0.2,embCAB,4242643,T,0
embCAB_4242653_A,-0.0125850245495472,0.6,embCAB,4242653,A,0
embCAB_4242661_A,-0.0604768580590675,0.2,embCAB,4242661,A,0
embCAB_4242689_A,-0.014088429889967,0.4,embCAB,4242689,A,0
embCAB_4242697_A,0.0143481063662806,0.5,embCAB,4242697,A,0
embCAB_4242720_G,-0.0604768580590674,0.0,embCAB,4242720,G,0
embCAB_4242726_C,0.0371865830821932,0.2,embCAB,4242726,C,0
embCAB_4242775_A,-0.0681236519460843,0.0,embCAB,4242775,A,0
embCAB_4242781_T,-0.0144267216349279,0.3,embCAB,4242781,T,0
embCAB_4242782_T,0.0444404640058665,0.4,embCAB,4242782,T,0
embCAB_4242793_C,-0.0552615081467276,0.0,embCAB,4242793,C,0
embCAB_4242802_A,-0.0418348661406567,0.4,embCAB,4242802,A,0
embCAB_4242803_C,0.0291038712337356,0.0,embCAB,4242803,C,0
embCAB_4242810_G,0.0161505182188124,0.7,embCAB,4242810,G,0
embCAB_4242822_C,-0.046819139944318,0.2,embCAB,4242822,C,0
embCAB_4242850_A,-0.0406814535791455,0.1,embCAB,4242850,A,0
embCAB_4242883_T,0.0045985221475938,0.6,embCAB,4242883,T,0
embCAB_4242893_G,0.069054747148507,0.2,embCAB,4242893,G,0
embCAB_4242928_G,0.013342102017408,0.3,embCAB,4242928,G,0
embCAB_4241690_A,0.0303288526911005,0.2,embCAB,4241690,A,0
embCAB_4241653_T,-0.0442185388760522,0.4,embCAB,4241653,T,0
embCAB_4243246_T,0.0226897430089842,0.4,embCAB,4243246,T,0
embCAB_4240385_A,-0.0005951167957932,0.4,embCAB,4240385,A,0
embCAB_4240301_A,-0.0114100815955387,0.4,embCAB,4240301,A,0
embCAB_4240320_G,0.0185604860788301,0.6,embCAB,4240320,G,0
embCAB_4240324_A,0.0371865830821929,0.1,embCAB,4240324,A,0
embCAB_4240327_A,-0.0330437708531861,0.3,embCAB,4240327,A,0
embCAB_4240345_T,-0.0259540820082812,0.5,embCAB,4240345,T,0
embCAB_4240347_G,-0.0140884298899667,0.2,embCAB,4240347,G,0
embCAB_4240366_T,-0.0399614095532262,0.7,embCAB,4240366,T,0
embCAB_4240373_T,-0.0312968904935535,0.4,embCAB,4240373,T,0
embCAB_4240382_C,-0.0651412581527345,0.2,embCAB,4240382,C,0
embCAB_4240384_C,-0.058062251178961,0.1,embCAB,4240384,C,0
embCAB_4240390_G,-0.006266370439269,0.7,embCAB,4240390,G,0
embCAB_4240203_T,0.0403660444687114,0.5,embCAB,4240203,T,0
embCAB_4240394_A,-0.0335641440275966,0.4,embCAB,4240394,A,0
embCAB_4240418_T,0.0126683495318389,0.5,embCAB,4240418,T,0
embCAB_4240423_A,-0.0071550865713142,0.5,embCAB,4240423,A,0
embCAB_4240474_A,0.0371209721576605,0.2,embCAB,4240474,A,0
embCAB_4240479_A,0.127615948572697,0.0,embCAB,4240479,A,0
embCAB_4240606_C,-0.0188320131540683,0.6,embCAB,4240606,C,0
embCAB_4240630_T,0.0215354173049451,0.2,embCAB,4240630,T,0
embCAB_4240654_G,-0.0253239144742046,0.3,embCAB,4240654,G,0
embCAB_4240666_C,-0.0259540820082812,0.5,embCAB,4240666,C,0
embCAB_4240671_T,-0.0097107442221968,0.5,embCAB,4240671,T,0
embCAB_4240207_A,0.0184075007308279,0.2,embCAB,4240207,A,0
embCAB_4240190_T,0.0709060551406547,0.0,embCAB,4240190,T,0
embCAB_4241651_C,-0.0511966093925424,0.4,embCAB,4241651,C,0
embCAB_4240047_T,-0.0185112246743112,0.4,embCAB,4240047,T,0
embCAB_4239888_A,0.0007655998733768,0.3,embCAB,4239888,A,0
embCAB_4239891_C,0.0754886804041085,0.3,embCAB,4239891,C,0
embCAB_4239913_G,-0.045424547245725,0.2,embCAB,4239913,G,0
embCAB_4239917_C,-0.008170677433744,0.5,embCAB,4239917,C,0
embCAB_4239918_C,-0.0062530518775674,0.6,embCAB,4239918,C,0
embCAB_4239978_C,-0.0081706774337438,0.6,embCAB,4239978,C,0
embCAB_4240003_G,0.0209642114776946,0.5,embCAB,4240003,G,0
embCAB_4240009_A,0.0223710159349559,0.5,embCAB,4240009,A,0
embCAB_4240011_C,0.0153939686322651,0.3,embCAB,4240011,C,0
embCAB_4240031_A,-0.0013129470426515,0.6,embCAB,4240031,A,0
embCAB_4240054_A,-0.0013129470426516,0.6,embCAB,4240054,A,0
embCAB_4240187_A,-0.0013129470426517,0.2,embCAB,4240187,A,0
embCAB_4240058_C,0.0126272053495604,0.6,embCAB,4240058,C,0
embCAB_4240061_G,-0.0035371098301362,0.5,embCAB,4240061,G,0
embCAB_4240064_A,0.0814292064290371,0.1,embCAB,4240064,A,0
embCAB_4240067_C,-0.0040913743509022,0.4,embCAB,4240067,C,0
embCAB_4240123_T,-0.0401985656629475,0.2,embCAB,4240123,T,0
embCAB_4240137_G,0.0987812898935968,0.1,embCAB,4240137,G,0
embCAB_4240142_-,0.0241849259656572,0.2,embCAB,4240142,-,0
embCAB_4240143_-,0.0241849259656572,0.2,embCAB,4240143,-,0
embCAB_4240144_-,0.0241849259656572,0.2,embCAB,4240144,-,0
embCAB_4240172_A,0.003390260025634,0.4,embCAB,4240172,A,0
embCAB_4240673_A,0.0310457163356151,0.1,embCAB,4240673,A,0
embCAB_4240689_-,0.0406189482461495,0.1,embCAB,4240689,-,0
embCAB_4240691_-,0.0406189482461496,0.1,embCAB,4240691,-,0
embCAB_4241337_A,0.0434794877306066,0.5,embCAB,4241337,A,0
embCAB_4241104_A,0.0102970722747707,0.3,embCAB,4241104,A,0
embCAB_4241147_G,-0.003863234717054,0.6,embCAB,4241147,G,0
embCAB_4241164_C,-0.0089296678001683,0.4,embCAB,4241164,C,0
embCAB_4241206_T,-0.0218283955484928,0.4,embCAB,4241206,T,0
embCAB_4241237_G,0.0218864844886917,0.4,embCAB,4241237,G,0
embCAB_4241254_T,-0.0077944816118834,0.8,embCAB,4241254,T,0
embCAB_4241267_A,-0.0174054144606431,0.7,embCAB,4241267,A,0
embCAB_4241281_C,-0.0164133160483182,0.1,embCAB,4241281,C,0
embCAB_4241300_A,-0.027920390550612,0.6,embCAB,4241300,A,0
embCAB_4241318_A,-0.0223564253929091,0.5,embCAB,4241318,A,0
embCAB_4241338_G,-0.0103275864280156,0.3,embCAB,4241338,G,0
embCAB_4240697_A,-0.0081706774337438,0.7,embCAB,4240697,A,0
embCAB_4241375_A,-0.0034696251342896,0.7,embCAB,4241375,A,0
embCAB_4241376_G,0.0303288526911005,0.3,embCAB,4241376,G,0
embCAB_4241416_T,-0.046633242558908,0.5,embCAB,4241416,T,0
embCAB_4241465_C,0.0431934740589144,0.3,embCAB,4241465,C,0
embCAB_4241504_A,-0.0218283955484931,0.5,embCAB,4241504,A,0
embCAB_4241514_G,-0.0552615081467275,0.2,embCAB,4241514,G,0
embCAB_4241535_T,-0.0604768580590676,0.0,embCAB,4241535,T,0
embCAB_4241539_C,-0.0070598617976192,0.3,embCAB,4241539,C,0
embCAB_4241562_A,-0.0339992153042369,0.4,embCAB,4241562,A,0
embCAB_4241580_C,-0.0140884298899669,0.6,embCAB,4241580,C,0
embCAB_4241094_A,0.0429292764590609,0.4,embCAB,4241094,A,0
embCAB_4241093_C,-0.0005478724843817,0.6,embCAB,4241093,C,0
embCAB_4241078_G,-0.0466332425589084,0.3,embCAB,4241078,G,0
embCAB_4241077_A,-0.0100030704986083,0.5,embCAB,4241077,A,0
embCAB_4240701_C,0.0287258037857345,0.4,embCAB,4240701,C,0
embCAB_4240735_A,-0.0724504685781115,0.2,embCAB,4240735,A,0
embCAB_4240750_T,0.003177908155368,0.5,embCAB,4240750,T,0
embCAB_4240753_T,-0.0081706774337439,0.6,embCAB,4240753,T,0
embCAB_4240768_A,-0.0406709077767537,0.3,embCAB,4240768,A,0
embCAB_4240781_T,-0.0166130456361526,0.4,embCAB,4240781,T,0
embCAB_4240795_T,-0.0250161036320719,0.7,embCAB,4240795,T,0
embCAB_4240807_G,-0.0406709077767532,0.2,embCAB,4240807,G,0
embCAB_4240812_C,-0.0081706774337437,0.8,embCAB,4240812,C,0
embCAB_4240822_T,0.0642307463084437,0.1,embCAB,4240822,T,0
embCAB_4240828_T,-0.014088429889967,0.6,embCAB,4240828,T,0
embCAB_4240897_G,-0.077253804065455,0.0,embCAB,4240897,G,0
embCAB_4240914_C,0.088784733728176,0.2,embCAB,4240914,C,0
embCAB_4240921_T,-0.0281768597799341,0.3,embCAB,4240921,T,0
embCAB_4240948_A,-0.0026785848023499,0.5,embCAB,4240948,A,0
embCAB_4240950_A,0.0241849259656572,0.2,embCAB,4240950,A,0
embCAB_4240991_A,-0.0604768580590678,0.0,embCAB,4240991,A,0
embCAB_4241016_C,0.047644574387398,0.4,embCAB,4241016,C,0
embCAB_4241022_T,-0.0180190514311907,0.1,embCAB,4241022,T,0
embCAB_4241042_G,-0.0074568555387746,0.3,embCAB,4241042,G,0
embCAB_4241044_T,-0.028550916400843,0.3,embCAB,4241044,T,0
embCAB_4243229_T,0.0022752553882529,0.6,embCAB,4243229,T,0
embCAB_4249877_G,-0.0148438018157563,0.3,embCAB,4249877,G,0
embCAB_4243251_A,-0.0580622511789611,0.1,embCAB,4243251,A,0
embCAB_4244648_A,-0.0059440142036834,0.5,embCAB,4244648,A,0
embCAB_4244744_T,-0.0027021790661829,0.6,embCAB,4244744,T,0
embCAB_4244741_T,0.0136606029567723,0.3,embCAB,4244741,T,0
embCAB_4244732_A,0.0002572906216024,0.3,embCAB,4244732,A,0
embCAB_4244702_T,0.0166711345763514,0.5,embCAB,4244702,T,0
embCAB_4244679_A,-0.0281768597799344,0.3,embCAB,4244679,A,0
embCAB_4244678_A,-0.0402730919417284,0.2,embCAB,4244678,A,0
embCAB_4244666_A,0.0430476936344922,0.3,embCAB,4244666,A,0
embCAB_4243263_T,-0.0018217497446922,0.3,embCAB,4243263,T,0
embCAB_4244055_A,-0.0081706774337438,0.2,embCAB,4244055,A,0
embCAB_4244057_A,-0.0013129470426514,0.2,embCAB,4244057,A,0
embCAB_4244065_G,-0.0350264029242135,0.6,embCAB,4244065,G,0
embCAB_4244079_C,0.038549342231005,0.3,embCAB,4244079,C,0
embCAB_4244087_A,0.0037699480964508,0.6,embCAB,4244087,A,0
embCAB_4244096_T,0.0052569632877517,0.2,embCAB,4244096,T,0
embCAB_4244148_C,0.0295575497910108,0.3,embCAB,4244148,C,0
embCAB_4244621_A,-0.0047236149274175,0.8,embCAB,4244621,A,0
embCAB_4244775_G,0.0161120105584762,0.6,embCAB,4244775,G,0
embCAB_4244816_A,-0.000595116795793,0.6,embCAB,4244816,A,0
embCAB_4244161_C,0.0092927878277203,0.2,embCAB,4244161,C,0
embCAB_4244840_A,-0.0332798950775147,0.4,embCAB,4244840,A,0
embCAB_4244943_A,-0.0013129470426514,0.4,embCAB,4244943,A,0
embCAB_4244929_T,0.0473229037255867,0.2,embCAB,4244929,T,0
embCAB_4244927_T,0.0259513832428765,0.7,embCAB,4244927,T,0
embCAB_4244507_T,0.0736649130544409,0.3,embCAB,4244507,T,0
embCAB_4244901_A,-0.0013129470426513,0.7,embCAB,4244901,A,0
embCAB_4244875_T,-0.0338886396344878,0.4,embCAB,4244875,T,0
embCAB_4244872_A,0.0007110187945725,0.1,embCAB,4244872,A,0
embCAB_4243991_G,-0.0459856396701054,0.3,embCAB,4243991,G,0
embCAB_4244045_T,-0.0013129470426514,0.7,embCAB,4244045,T,0
embCAB_4243995_T,-0.0093519307822189,0.5,embCAB,4243995,T,0
embCAB_4244835_G,0.0937976259130133,0.1,embCAB,4244835,G,0
embCAB_4244833_G,0.0937976259130134,0.1,embCAB,4244833,G,0
embCAB_4244039_T,-0.0013129470426516,0.4,embCAB,4244039,T,0
embCAB_4244832_A,-0.0019660624485394,0.9,embCAB,4244832,A,0
embCAB_4244831_A,0.0422994389652315,0.4,embCAB,4244831,A,0
embCAB_4244823_C,-0.0468636456066044,0.2,embCAB,4244823,C,0
embCAB_4244154_G,-0.1014211565273859,0.0,embCAB,4244154,G,0
embCAB_4244167_T,0.1072199118621761,0.0,embCAB,4244167,T,0
embCAB_4244958_A,0.0584658002101943,0.5,embCAB,4244958,A,0
embCAB_4244408_A,-0.0130362073310125,0.4,embCAB,4244408,A,0
embCAB_4244520_A,-0.0552615081467274,0.2,embCAB,4244520,A,0
embCAB_4244350_C,0.0017595678755422,0.5,embCAB,4244350,C,0
embCAB_4244364_A,0.054087377164361,0.2,embCAB,4244364,A,0
embCAB_4244366_G,-0.0290589987319592,0.5,embCAB,4244366,G,0
embCAB_4244371_T,0.0252102174143248,0.6,embCAB,4244371,T,0
embCAB_4244379_T,0.0091486293389052,0.3,embCAB,4244379,T,0
embCAB_4244403_C,0.0482272683935454,0.2,embCAB,4244403,C,0
embCAB_4244413_C,0.0227266961209138,0.3,embCAB,4244413,C,0
embCAB_4244322_T,0.0202788692968962,0.4,embCAB,4244322,T,0
embCAB_4244420_C,-0.0263796787547393,0.1,embCAB,4244420,C,0
embCAB_4244434_G,0.0080103602793,0.2,embCAB,4244434,G,0
embCAB_4244435_A,0.0297414070998688,0.2,embCAB,4244435,A,0
embCAB_4244443_A,0.0138184722256808,0.5,embCAB,4244443,A,0
embCAB_4244447_C,0.0045998855446853,0.5,embCAB,4244447,C,0
embCAB_4244448_T,-0.0505663125773056,0.6,embCAB,4244448,T,0
embCAB_4244457_C,-0.0552615081467272,0.2,embCAB,4244457,C,0
embCAB_4244544_A,-0.0468191399443187,0.4,embCAB,4244544,A,0
embCAB_4244316_G,-0.0081706774337439,0.7,embCAB,4244316,G,0
embCAB_4244194_C,0.0078921987679944,0.3,embCAB,4244194,C,0
embCAB_4244241_T,-0.0552615081467272,0.1,embCAB,4244241,T,0
embCAB_4244615_A,-0.0125481468819679,0.3,embCAB,4244615,A,0
embCAB_4244205_T,-0.0060149468568332,0.5,embCAB,4244205,T,0
embCAB_4244608_G,-0.0013129470426515,0.4,embCAB,4244608,G,0
embCAB_4244598_T,0.0175118971709109,0.7,embCAB,4244598,T,0
embCAB_4244596_A,0.0556085199461231,0.1,embCAB,4244596,A,0
embCAB_4244220_T,-0.0573453430635344,0.0,embCAB,4244220,T,0
embCAB_4244223_A,0.0092927878277198,0.7,embCAB,4244223,A,0
embCAB_4244591_C,-0.0013129470426516,0.6,embCAB,4244591,C,0
embCAB_4244289_C,-0.0140884298899669,0.1,embCAB,4244289,C,0
embCAB_4244263_C,-0.0175887279729785,0.4,embCAB,4244263,C,0
embCAB_4244570_G,-0.0145965333209756,0.2,embCAB,4244570,G,0
embCAB_4244268_T,-0.0604498888131053,0.3,embCAB,4244268,T,0
embCAB_4244269_A,-0.0081706774337437,0.6,embCAB,4244269,A,0
embCAB_4244271_T,-0.0069290134211352,0.8,embCAB,4244271,T,0
embCAB_4244550_A,-0.0406814535791455,0.1,embCAB,4244550,A,0
embCAB_4244286_A,0.0009126275663669,0.4,embCAB,4244286,A,0
embCAB_4243945_T,-0.0081706774337439,0.4,embCAB,4243945,T,0
embCAB_4244504_A,0.0209642114776936,0.1,embCAB,4244504,A,0
embCAB_4243935_A,-0.0125481468819678,0.5,embCAB,4243935,A,0
embCAB_4245083_G,0.0008504196253105,0.4,embCAB,4245083,G,0
embCAB_4243489_T,-0.0468191399443182,0.4,embCAB,4243489,T,0
embCAB_4243493_T,-0.0013129470426515,0.6,embCAB,4243493,T,0
embCAB_4243494_T,-0.0081706774337438,0.4,embCAB,4243494,T,0
embCAB_4245129_T,-0.0081706774337437,0.7,embCAB,4245129,T,0
embCAB_4245101_A,0.0814292064290369,0.3,embCAB,4245101,A,0
embCAB_4243496_C,-0.0051014490717859,0.5,embCAB,4243496,C,0
embCAB_4245093_G,-0.0604768580590675,0.2,embCAB,4245093,G,0
embCAB_4245092_T,0.0095399669060077,0.6,embCAB,4245092,T,0
embCAB_4243515_A,0.0303288526911004,0.0,embCAB,4243515,A,0
embCAB_4245055_A,0.1289155126244925,0.1,embCAB,4245055,A,0
embCAB_4243539_T,-0.0034708885102115,0.7,embCAB,4243539,T,0
embCAB_4243567_G,0.1056678686044974,0.0,embCAB,4243567,G,0
embCAB_4243570_G,-0.0167488221287953,0.3,embCAB,4243570,G,0
embCAB_4243580_A,-0.0263796787547393,0.1,embCAB,4243580,A,0
embCAB_4243590_A,0.0256672793675773,0.4,embCAB,4243590,A,0
embCAB_4243598_A,0.0131604011101321,0.4,embCAB,4243598,A,0
embCAB_4243636_A,-0.0063210885759502,0.6,embCAB,4243636,A,0
embCAB_4243929_A,-0.002022445266179,0.8,embCAB,4243929,A,0
embCAB_4243482_T,0.0010691199707777,0.5,embCAB,4243482,T,0
embCAB_4243470_A,-0.015983453894259,0.5,embCAB,4243470,A,0
embCAB_4243460_T,0.0190858166356069,0.6,embCAB,4243460,T,0
embCAB_4243454_A,0.0257199025476616,0.6,embCAB,4243454,A,0
embCAB_4243290_C,0.0652263566204338,0.3,embCAB,4243290,C,0
embCAB_4243315_A,-0.0427398368614769,0.3,embCAB,4243315,A,0
embCAB_4243318_T,0.0190944013710187,0.3,embCAB,4243318,T,0
embCAB_4243322_T,0.0037699480964508,0.6,embCAB,4243322,T,0
embCAB_4243324_C,-0.0361365986963958,0.2,embCAB,4243324,C,0
embCAB_4243340_A,0.0273753703827364,0.2,embCAB,4243340,A,0
embCAB_4245187_A,0.0709060551406546,0.0,embCAB,4245187,A,0
embCAB_4243346_G,-0.0782830457511773,0.0,embCAB,4243346,G,0
embCAB_4245152_T,0.0185604860788301,0.6,embCAB,4245152,T,0
embCAB_4243373_C,0.0218864844886916,0.3,embCAB,4243373,C,0
embCAB_4243392_G,-0.0165382561430895,0.7,embCAB,4243392,G,0
embCAB_4243393_G,0.0602382710483706,0.4,embCAB,4243393,G,0
embCAB_4243411_A,-0.0552615081467274,0.5,embCAB,4243411,A,0
embCAB_4243412_T,-0.0609520754965712,0.2,embCAB,4243412,T,0
embCAB_4243435_C,-0.0166130456361527,0.5,embCAB,4243435,C,0
embCAB_4243440_T,0.1219244687474696,0.3,embCAB,4243440,T,0
embCAB_4245131_A,0.0296196347573386,0.4,embCAB,4245131,A,0
embCAB_4245081_A,-0.0276912500354396,0.5,embCAB,4245081,A,0
embCAB_4243637_T,0.0185604860788302,0.8,embCAB,4243637,T,0
embCAB_4243667_T,-0.005475608039168,0.5,embCAB,4243667,T,0
embCAB_4244996_A,0.0316362752089764,0.5,embCAB,4244996,A,0
embCAB_4243832_T,0.0564209001412722,0.3,embCAB,4243832,T,0
embCAB_4243833_A,-0.0349277029583523,0.3,embCAB,4243833,A,0
embCAB_4245015_G,-0.0086877845217648,0.3,embCAB,4245015,G,0
embCAB_4243831_C,0.019085741456458,0.2,embCAB,4243831,C,0
embCAB_4243775_A,-0.0009394847947716,0.7,embCAB,4243775,A,0
embCAB_4243680_A,-0.0552615081467271,0.0,embCAB,4243680,A,0
embCAB_4244990_C,-0.0111859943653649,0.7,embCAB,4244990,C,0
embCAB_4245018_A,-0.0020348184718435,0.4,embCAB,4245018,A,0
embCAB_4245025_G,0.0198995605937969,0.3,embCAB,4245025,G,0
embCAB_4243835_A,0.018790889126526,0.4,embCAB,4243835,A,0
embCAB_4243848_A,-0.0312994062251007,0.3,embCAB,4243848,A,0
embCAB_4243854_T,0.0038630972110417,0.4,embCAB,4243854,T,0
embCAB_4243770_C,0.0315354920509465,0.3,embCAB,4243770,C,0
embCAB_4243761_T,0.0303288526911004,0.2,embCAB,4243761,T,0
embCAB_4243709_T,-0.0528446363034834,0.2,embCAB,4243709,T,0
embCAB_4243740_T,-0.0064474023100308,0.4,embCAB,4243740,T,0
embCAB_4243692_A,-0.0595389241430239,0.0,embCAB,4243692,A,0
embCAB_4243919_T,0.0519324834141823,0.3,embCAB,4243919,T,0
embCAB_4243695_G,-0.0552615081467271,0.0,embCAB,4243695,G,0
embCAB_4243697_G,-0.0221221031660386,0.4,embCAB,4243697,G,0
embCAB_4243702_A,0.0375592504307055,0.3,embCAB,4243702,A,0
embCAB_4245004_G,-0.0597495137200874,0.3,embCAB,4245004,G,0
embCAB_4243722_T,-0.039961409553226,0.3,embCAB,4243722,T,0
embCAB_4243891_A,-0.1321929235554232,0.0,embCAB,4243891,A,0
embCAB_4243724_A,0.0092927878277199,0.5,embCAB,4243724,A,0
embCAB_4243876_C,0.0371865830821929,0.4,embCAB,4243876,C,0
embCAB_4243875_T,0.0032962436514347,0.5,embCAB,4243875,T,0
embCAB_4243737_G,-0.0081706774337438,0.6,embCAB,4243737,G,0
embCAB_4239921_C,-0.0244504015651988,0.5,embCAB,4239921,C,0
embCAB_4239921_T,0.0510698428554368,0.1,embCAB,4239921,T,0
embCAB_4239921_G,-0.0437357802651374,0.3,embCAB,4239921,G,0
embCAB_4240388_A,0.040347137231779,0.1,embCAB,4240388,A,0
embCAB_4240388_C,-0.0240955511550422,0.3,embCAB,4240388,C,0
embCAB_4240388_G,-0.0162515860767372,0.3,embCAB,4240388,G,0
embCAB_4240690_A,-0.0474308543678624,0.2,embCAB,4240690,A,0
embCAB_4240690_G,0.006811906121714,0.6,embCAB,4240690,G,0
embCAB_4240690_-,0.0406189482461496,0.1,embCAB,4240690,-,0
embCAB_4240966_A,-0.0063868311025366,0.5,embCAB,4240966,A,0
embCAB_4240966_T,-0.0506797964483221,0.0,embCAB,4240966,T,0
embCAB_4240966_G,0.0570666275508559,0.2,embCAB,4240966,G,0
embCAB_4240969_A,-0.0044703444781897,0.5,embCAB,4240969,A,0
embCAB_4240969_C,-0.1190789845691583,0.2,embCAB,4240969,C,0
embCAB_4240969_T,0.0761571821258753,0.2,embCAB,4240969,T,0
embCAB_4242262_A,0.002374220308608,0.5,embCAB,4242262,A,0
embCAB_4242262_C,-0.0023249274339966,0.4,embCAB,4242262,C,0
embCAB_4242262_G,-4.929287461084947e-05,0.6,embCAB,4242262,G,0
embCAB_4242497_A,0.0397056737861759,0.2,embCAB,4242497,A,0
embCAB_4242497_C,0.0757958089351516,0.0,embCAB,4242497,C,0
embCAB_4242497_G,-0.0784813607912707,0.0,embCAB,4242497,G,0
embCAB_4243190_C,0.1091372486215538,0.0,embCAB,4243190,C,0
embCAB_4243190_T,-0.0288721332608574,0.4,embCAB,4243190,T,0
embCAB_4243190_G,-0.1541983685565821,0.0,embCAB,4243190,G,0
embCAB_4243190_-,0.0737018547927347,0.3,embCAB,4243190,-,0
embCAB_4243202_C,-0.1202168398907453,0.0,embCAB,4243202,C,0
embCAB_4243202_T,0.0105908633491472,0.7,embCAB,4243202,T,0
embCAB_4243202_-,0.0467153716054089,0.1,embCAB,4243202,-,0
embCAB_4243217_A,0.0307923226504092,0.2,embCAB,4243217,A,0
embCAB_4243217_C,-0.2055144090641467,0.0,embCAB,4243217,C,0
embCAB_4243217_T,0.0248711080293681,0.4,embCAB,4243217,T,0
embCAB_4243217_G,0.0883251638700115,0.0,embCAB,4243217,G,0
embCAB_4243221_A,-0.0339604762026846,0.3,embCAB,4243221,A,1
embCAB_4243221_C,-0.0703731071032474,0.0,embCAB,4243221,C,1
embCAB_4243221_T,0.1043335833058952,0.0,embCAB,4243221,T,1
embCAB_4243222_A,0.0890005667697227,0.0,embCAB,4243222,A,0
embCAB_4243222_C,-0.1173377809074276,0.0,embCAB,4243222,C,0
embCAB_4243222_T,0.0496233232986277,0.1,embCAB,4243222,T,0
embCAB_4243225_A,0.0366614976799396,0.4,embCAB,4243225,A,0
embCAB_4243225_C,-0.1554318533766982,0.0,embCAB,4243225,C,0
embCAB_4243225_T,0.0465230709286616,0.2,embCAB,4243225,T,0
embCAB_4243225_G,0.0722472847680916,0.1,embCAB,4243225,G,0
embCAB_4243245_A,0.0164845189574281,0.5,embCAB,4243245,A,0
embCAB_4243245_C,0.0295575497910108,0.3,embCAB,4243245,C,0
embCAB_4243245_G,-0.0460420687484385,0.2,embCAB,4243245,G,0
embCAB_4243416_A,-0.036617472915261,0.1,embCAB,4243416,A,0
embCAB_4243416_C,-0.022243088553435,0.3,embCAB,4243416,C,0
embCAB_4243416_T,0.0588605614686959,0.0,embCAB,4243416,T,0
embCAB_4243532_A,-0.0002371141343556,0.4,embCAB,4243532,A,0
embCAB_4243532_C,0.0500174203838043,0.4,embCAB,4243532,C,0
embCAB_4243532_T,-0.0497803062494493,0.3,embCAB,4243532,T,0
embCAB_4243760_C,0.0552089668601677,0.0,embCAB,4243760,C,0
embCAB_4243760_T,-0.1069045439585946,0.0,embCAB,4243760,T,0
embCAB_4243760_G,0.0516955770984311,0.1,embCAB,4243760,G,0
embCAB_4246481_A,0.0588605614686959,0.0,embCAB,4246481,A,0
embCAB_4246481_C,-0.0448389900472321,0.0,embCAB,4246481,C,0
embCAB_4246481_T,-0.0140215714214638,0.3,embCAB,4246481,T,0
embCAB_4246734_C,0.1343781353310171,0.0,embCAB,4246734,C,1
embCAB_4246734_T,-0.2235086336886836,0.0,embCAB,4246734,T,1
embCAB_4246734_G,0.0177953358204725,0.4,embCAB,4246734,G,1
embCAB_4247008_A,-0.0323302654506411,0.6,embCAB,4247008,A,0
embCAB_4247008_C,-0.0224850331280892,0.2,embCAB,4247008,C,0
embCAB_4247008_G,0.0548152985787295,0.3,embCAB,4247008,G,0
embCAB_4247399_A,-0.109415472950981,0.0,embCAB,4247399,A,0
embCAB_4247399_C,0.1163452128652932,0.1,embCAB,4247399,C,0
embCAB_4247399_T,-0.0069297399143145,0.6,embCAB,4247399,T,0
embCAB_4247429_A,-0.3852189047895738,0.0,embCAB,4247429,A,1
embCAB_4247429_C,0.095523384256534,0.1,embCAB,4247429,C,1
embCAB_4247429_G,0.160209855714258,0.0,embCAB,4247429,G,1
embCAB_4247431_A,0.1426943083619073,0.0,embCAB,4247431,A,1
embCAB_4247431_C,0.1274298186983045,0.0,embCAB,4247431,C,1
embCAB_4247431_T,0.1143119907296082,0.0,embCAB,4247431,T,1
embCAB_4247431_G,-0.3376029428985125,0.0,embCAB,4247431,G,1
embCAB_4247468_A,0.0360566988251346,0.1,embCAB,4247468,A,0
embCAB_4247468_T,-0.1349434603705291,0.0,embCAB,4247468,T,0
embCAB_4247468_G,0.0988867615453944,0.1,embCAB,4247468,G,0
embCAB_4247469_A,-0.3109592008098747,0.0,embCAB,4247469,A,1
embCAB_4247469_C,0.2114372404426755,0.0,embCAB,4247469,C,1
embCAB_4247469_G,0.1266383584494001,0.0,embCAB,4247469,G,1
embCAB_4247495_A,0.0032762701871764,0.6,embCAB,4247495,A,1
embCAB_4247495_C,0.0582054830799113,0.3,embCAB,4247495,C,1
embCAB_4247495_T,0.1970431860955023,0.0,embCAB,4247495,T,1
embCAB_4247495_G,-0.2834790773860558,0.0,embCAB,4247495,G,1
embCAB_4247496_A,-0.1180391702983658,0.0,embCAB,4247496,A,0
embCAB_4247496_T,-0.0443334557343408,0.4,embCAB,4247496,T,0
embCAB_4247496_G,0.0601395806292485,0.1,embCAB,4247496,G,0
embCAB_4247553_C,0.0251729592664335,0.4,embCAB,4247553,C,0
embCAB_4247553_T,-0.0249650429507717,0.4,embCAB,4247553,T,0
embCAB_4247553_G,-0.0002079163156615,0.5,embCAB,4247553,G,0
embCAB_4247574_A,-0.2192073943469089,0.0,embCAB,4247574,A,1
embCAB_4247574_C,0.1513064996909207,0.0,embCAB,4247574,C,1
embCAB_4247574_G,0.0679008946559718,0.2,embCAB,4247574,G,1
embCAB_4247644_A,0.0026002086678989,0.7,embCAB,4247644,A,0
embCAB_4247644_C,-0.0123647759237176,0.5,embCAB,4247644,C,0
embCAB_4247644_G,0.0097645672558197,0.3,embCAB,4247644,G,0
embCAB_4247728_C,0.1653548248262826,0.0,embCAB,4247728,C,0
embCAB_4247728_T,0.0656388633608802,0.0,embCAB,4247728,T,0
embCAB_4247728_G,-0.2309936881871708,0.0,embCAB,4247728,G,0
embCAB_4247729_A,0.1653282848396741,0.0,embCAB,4247729,A,1
embCAB_4247729_T,0.0946548228186696,0.0,embCAB,4247729,T,1
embCAB_4247729_G,-0.2999206632606102,0.0,embCAB,4247729,G,1
embCAB_4247730_A,0.0816515177414825,0.2,embCAB,4247730,A,1
embCAB_4247730_C,0.1066985281685452,0.0,embCAB,4247730,C,1
embCAB_4247730_T,-0.0151173213692516,0.4,embCAB,4247730,T,1
embCAB_4247730_G,-0.3265862682782149,0.0,embCAB,4247730,G,1
embCAB_4248002_A,0.1530348309100219,0.0,embCAB,4248002,A,1
embCAB_4248002_C,-0.1575760072038818,0.0,embCAB,4248002,C,1
embCAB_4248002_G,-0.0253239144742047,0.3,embCAB,4248002,G,1
embCAB_4248003_A,-0.284848956040154,0.0,embCAB,4248003,A,1
embCAB_4248003_C,-0.0195252120875406,0.5,embCAB,4248003,C,1
embCAB_4248003_G,0.2469310658913653,0.0,embCAB,4248003,G,1
embCAB_4248004_C,0.023854474317512,0.4,embCAB,4248004,C,0
embCAB_4248004_T,0.0206780581230021,0.4,embCAB,4248004,T,0
embCAB_4248004_G,-0.0445325324405117,0.2,embCAB,4248004,G,0
embCAB_4248025_A,-0.1203784592476394,0.0,embCAB,4248025,A,0
embCAB_4248025_C,0.0471989004384305,0.3,embCAB,4248025,C,0
embCAB_4248025_T,0.0731795588092133,0.1,embCAB,4248025,T,0
embCAB_4248064_A,-0.021897278695962,0.4,embCAB,4248064,A,0
embCAB_4248064_C,0.0441789546591851,0.1,embCAB,4248064,C,0
embCAB_4248064_G,-0.0222816759632227,0.3,embCAB,4248064,G,0
embCAB_4248320_A,-0.046938921754985,0.5,embCAB,4248320,A,0
embCAB_4248320_C,0.134859765990103,0.0,embCAB,4248320,C,0
embCAB_4248320_G,-0.0879208442351186,0.1,embCAB,4248320,G,0
embCAB_4248940_A,-0.0193663021812035,0.4,embCAB,4248940,A,0
embCAB_4248940_C,0.0158203172269668,0.5,embCAB,4248940,C,0
embCAB_4248940_G,0.0035459849542365,0.3,embCAB,4248940,G,0
embCAB_4249195_A,0.0397598939029069,0.1,embCAB,4249195,A,0
embCAB_4249195_C,-0.0184455720346217,0.4,embCAB,4249195,C,0
embCAB_4249195_T,-0.0213143218682821,0.2,embCAB,4249195,T,0
aftB_ubiA_4266945_C,-0.0907004418773448,0.0,aftB,ubiA,C,0
aftB_ubiA_4266855_G,-0.0178667151727499,0.6,aftB,ubiA,G,0
aftB_ubiA_4269051_T,0.0326674867195859,0.3,aftB,ubiA,T,0
aftB_ubiA_4269056_T,-0.0512461766267447,0.0,aftB,ubiA,T,0
aftB_ubiA_4266914_G,-0.0548089383950084,0.1,aftB,ubiA,G,0
aftB_ubiA_4269079_C,-0.0152854679627263,0.3,aftB,ubiA,C,0
aftB_ubiA_4266885_G,0.01123534581796,0.4,aftB,ubiA,G,0
aftB_ubiA_4266883_A,0.0146412820110299,0.2,aftB,ubiA,A,0
aftB_ubiA_4269090_A,-0.014340686434131,0.3,aftB,ubiA,A,0
aftB_ubiA_4269102_T,0.0007739393345453,0.5,aftB,ubiA,T,0
aftB_ubiA_4269106_G,0.1369418441677288,0.0,aftB,ubiA,G,0
aftB_ubiA_4269116_T,0.09633893934617,0.0,aftB,ubiA,T,0
aftB_ubiA_4269118_C,-0.0077338204139305,0.5,aftB,ubiA,C,0
aftB_ubiA_4269120_A,0.0273753703827365,0.3,aftB,ubiA,A,0
aftB_ubiA_4266865_C,0.062238493006624,0.3,aftB,ubiA,C,0
aftB_ubiA_4269124_T,0.0282788039296508,0.4,aftB,ubiA,T,0
aftB_ubiA_4269024_A,0.0350762801389213,0.2,aftB,ubiA,A,0
aftB_ubiA_4269125_A,0.0434240607500987,0.2,aftB,ubiA,A,0
aftB_ubiA_4269130_A,0.0535702527665591,0.3,aftB,ubiA,A,0
aftB_ubiA_4269132_A,0.0086169778960561,0.6,aftB,ubiA,A,0
aftB_ubiA_4269133_T,0.0922632948782316,0.1,aftB,ubiA,T,0
aftB_ubiA_4269135_T,-0.0140884298899667,0.4,aftB,ubiA,T,0
aftB_ubiA_4269140_G,0.0808084514537723,0.1,aftB,ubiA,G,0
aftB_ubiA_4269147_T,-0.0005951167957932,0.8,aftB,ubiA,T,0
aftB_ubiA_4266830_T,-0.0081706774337437,0.5,aftB,ubiA,T,0
aftB_ubiA_4269152_T,0.0253299962090252,0.3,aftB,ubiA,T,0
aftB_ubiA_4269153_A,0.0686806392507794,0.2,aftB,ubiA,A,0
aftB_ubiA_4269155_C,0.0184451632901887,0.4,aftB,ubiA,C,0
aftB_ubiA_4269192_T,-0.0040722733492585,0.5,aftB,ubiA,T,0
aftB_ubiA_4269031_A,0.0084046621117505,0.5,aftB,ubiA,A,0
aftB_ubiA_4269015_C,0.0798712471517057,0.3,aftB,ubiA,C,0
aftB_ubiA_4268615_T,-0.0082780336196591,0.6,aftB,ubiA,T,0
aftB_ubiA_4266917_G,-0.0354459619106026,0.6,aftB,ubiA,G,0
aftB_ubiA_4268636_T,0.0052594082520421,0.2,aftB,ubiA,T,0
aftB_ubiA_4268648_T,-0.0185112246743111,0.5,aftB,ubiA,T,0
aftB_ubiA_4268649_A,-0.0185112246743111,0.5,aftB,ubiA,A,0
aftB_ubiA_4266920_C,-0.0166130456361525,0.5,aftB,ubiA,C,0
aftB_ubiA_4268684_A,-0.0401985656629475,0.2,aftB,ubiA,A,0
aftB_ubiA_4268719_G,-0.0162824233498715,0.4,aftB,ubiA,G,0
aftB_ubiA_4268721_A,-0.0604768580590675,0.1,aftB,ubiA,A,0
aftB_ubiA_4268732_C,-0.0140884298899667,0.4,aftB,ubiA,C,0
aftB_ubiA_4268753_G,-0.0138326314067234,0.3,aftB,ubiA,G,0
aftB_ubiA_4268773_C,0.0002975625020863,0.5,aftB,ubiA,C,0
aftB_ubiA_4268780_C,-0.0144277528743722,0.3,aftB,ubiA,C,0
aftB_ubiA_4268801_C,0.0303288526911005,0.4,aftB,ubiA,C,0
aftB_ubiA_4268805_T,-0.0166130456361527,0.7,aftB,ubiA,T,0
aftB_ubiA_4268807_T,0.007355018708741,0.6,aftB,ubiA,T,0
aftB_ubiA_4268986_C,0.0392022061849896,0.4,aftB,ubiA,C,0
aftB_ubiA_4268837_G,0.0023053464410898,0.8,aftB,ubiA,G,0
aftB_ubiA_4268858_A,-0.0013129470426516,0.9,aftB,ubiA,A,0
aftB_ubiA_4268861_C,0.0017605142268044,0.4,aftB,ubiA,C,0
aftB_ubiA_4268868_A,-0.0240955511550422,0.3,aftB,ubiA,A,0
aftB_ubiA_4268873_T,0.0166711345763514,0.5,aftB,ubiA,T,0
aftB_ubiA_4268876_A,0.0218864844886919,0.4,aftB,ubiA,A,0
aftB_ubiA_4268881_T,0.1145074871946547,0.0,aftB,ubiA,T,0
aftB_ubiA_4268882_A,-0.008170677433744,0.4,aftB,ubiA,A,0
aftB_ubiA_4268928_T,-0.022461174122509,0.3,aftB,ubiA,T,0
aftB_ubiA_4268969_T,0.0303288526911004,0.3,aftB,ubiA,T,0
aftB_ubiA_4268970_A,-0.0441150089564006,0.3,aftB,ubiA,A,0
aftB_ubiA_4268982_A,-0.0877932652504984,0.2,aftB,ubiA,A,0
aftB_ubiA_4268984_C,0.0320266639103613,0.3,aftB,ubiA,C,0
aftB_ubiA_4269252_T,-0.028550916400843,0.3,aftB,ubiA,T,0
aftB_ubiA_4269271_C,0.1946847938347414,0.0,aftB,ubiA,C,0
aftB_ubiA_4269272_C,0.0556085199461231,0.1,aftB,ubiA,C,0
aftB_ubiA_4269670_G,0.041895268462515,0.3,aftB,ubiA,G,0
aftB_ubiA_4269491_A,0.0218864844886916,0.2,aftB,ubiA,A,0
aftB_ubiA_4269515_A,0.0182758712378568,0.1,aftB,ubiA,A,0
aftB_ubiA_4266721_G,-0.0552615081467272,0.1,aftB,ubiA,G,0
aftB_ubiA_4269523_T,-0.0140884298899667,0.4,aftB,ubiA,T,0
aftB_ubiA_4269531_A,0.0095987123958128,0.6,aftB,ubiA,A,0
aftB_ubiA_4269540_T,-0.0105298446908927,0.4,aftB,ubiA,T,0
aftB_ubiA_4266719_A,0.0065006069599334,0.2,aftB,ubiA,A,0
aftB_ubiA_4269547_C,-0.0166130456361527,0.3,aftB,ubiA,C,0
aftB_ubiA_4269548_A,-0.1137259194806714,0.0,aftB,ubiA,A,0
aftB_ubiA_4269552_G,0.037807646958063,0.1,aftB,ubiA,G,0
aftB_ubiA_4269581_T,-0.0166130456361527,0.4,aftB,ubiA,T,0
aftB_ubiA_4269606_C,0.062712054517572,0.2,aftB,ubiA,C,0
aftB_ubiA_4269648_T,-0.0140884298899668,0.4,aftB,ubiA,T,0
aftB_ubiA_4266685_T,0.0307770894664158,0.4,aftB,ubiA,T,0
aftB_ubiA_4266818_G,-0.0166130456361529,0.3,aftB,ubiA,G,0
aftB_ubiA_4269689_A,-0.0409298713640951,0.0,aftB,ubiA,A,0
aftB_ubiA_4269690_-,0.0226546253720488,0.2,aftB,ubiA,-,0
aftB_ubiA_4273723_T,-0.0362448408509268,0.4,aftB,ubiA,T,0
aftB_ubiA_4269692_-,0.0226546253720488,0.2,aftB,ubiA,-,0
aftB_ubiA_4269693_-,0.0226546253720488,0.2,aftB,ubiA,-,0
aftB_ubiA_4269694_-,0.0226546253720488,0.2,aftB,ubiA,-,0
aftB_ubiA_4269695_-,0.0226546253720488,0.2,aftB,ubiA,-,0
aftB_ubiA_4266683_G,-0.0548089383950084,0.1,aftB,ubiA,G,0
aftB_ubiA_4269696_-,0.0226546253720488,0.2,aftB,ubiA,-,0
aftB_ubiA_4266677_A,0.0218864844886917,0.7,aftB,ubiA,A,0
aftB_ubiA_4269697_-,0.0226546253720488,0.2,aftB,ubiA,-,0
aftB_ubiA_4269698_-,0.0226546253720488,0.2,aftB,ubiA,-,0
aftB_ubiA_4269707_A,-0.0074271873386396,0.4,aftB,ubiA,A,0
aftB_ubiA_4269469_A,-0.0002371141343556,0.4,aftB,ubiA,A,0
aftB_ubiA_4269450_A,-0.0038632347170541,0.5,aftB,ubiA,A,0
aftB_ubiA_4269445_C,-0.0468191399443187,0.7,aftB,ubiA,C,0
aftB_ubiA_4266730_G,0.021886484488692,0.5,aftB,ubiA,G,0
aftB_ubiA_4269292_T,0.2326628857165952,0.0,aftB,ubiA,T,0
aftB_ubiA_indel6_T,-0.0166130456361526,0.3,aftB,ubiA,T,0
aftB_ubiA_4269295_C,-0.1282297672603868,0.0,aftB,ubiA,C,0
aftB_ubiA_4269296_G,0.072276888317575,0.1,aftB,ubiA,G,0
aftB_ubiA_4269298_C,0.0368816410642995,0.2,aftB,ubiA,C,0
aftB_ubiA_4269299_C,-0.0248337510294693,0.6,aftB,ubiA,C,0
aftB_ubiA_4269302_G,0.2803961627191025,0.0,aftB,ubiA,G,0
aftB_ubiA_4269307_C,0.0157310221866961,0.2,aftB,ubiA,C,0
aftB_ubiA_4269308_C,0.088651413012759,0.0,aftB,ubiA,C,0
aftB_ubiA_4269309_T,0.0759246282854639,0.2,aftB,ubiA,T,0
aftB_ubiA_4269311_G,-0.0124031515635706,0.5,aftB,ubiA,G,0
aftB_ubiA_4269312_A,0.069054747148507,0.2,aftB,ubiA,A,0
aftB_ubiA_4266802_T,-0.0166130456361525,0.3,aftB,ubiA,T,0
aftB_ubiA_4269317_G,0.2449079486467409,0.0,aftB,ubiA,G,0
aftB_ubiA_4266791_G,0.0755383696418717,0.1,aftB,ubiA,G,0
aftB_ubiA_4269320_G,0.0209463720990355,0.3,aftB,ubiA,G,0
aftB_ubiA_4269335_A,-0.0168046295907781,0.3,aftB,ubiA,A,0
aftB_ubiA_4266753_T,0.1230213073826403,0.1,aftB,ubiA,T,0
aftB_ubiA_4269341_A,-0.0039692192240301,0.5,aftB,ubiA,A,0
aftB_ubiA_4269345_T,-0.0081706774337439,0.4,aftB,ubiA,T,0
aftB_ubiA_4269351_T,-0.0573453430635344,0.0,aftB,ubiA,T,0
aftB_ubiA_4269354_A,-0.0166130456361526,0.2,aftB,ubiA,A,0
aftB_ubiA_4269357_G,0.0717180402606081,0.1,aftB,ubiA,G,0
aftB_ubiA_4269361_C,-0.0516457445687978,0.3,aftB,ubiA,C,0
aftB_ubiA_4269375_A,-0.022461174122509,0.3,aftB,ubiA,A,0
aftB_ubiA_4269384_G,-0.0101418276900849,0.5,aftB,ubiA,G,0
aftB_ubiA_4269387_C,-0.0764107258711933,0.0,aftB,ubiA,C,0
aftB_ubiA_4268616_C,-0.0047236149274175,0.8,aftB,ubiA,C,0
aftB_ubiA_4268610_A,-0.0338886396344882,0.4,aftB,ubiA,A,0
aftB_ubiA_4266956_C,0.0344081557739419,0.3,aftB,ubiA,C,0
aftB_ubiA_4267628_T,-0.0097261307421612,0.6,aftB,ubiA,T,0
aftB_ubiA_4267337_T,-0.0089296678001683,0.6,aftB,ubiA,T,0
aftB_ubiA_4267405_T,0.0185604860788301,0.4,aftB,ubiA,T,0
aftB_ubiA_4267431_T,0.0184075007308279,0.2,aftB,ubiA,T,0
aftB_ubiA_4267492_A,-0.0165092717249015,0.6,aftB,ubiA,A,0
aftB_ubiA_4267503_T,-0.0207438941953625,0.7,aftB,ubiA,T,0
aftB_ubiA_4267511_T,-0.0425116972276288,0.4,aftB,ubiA,T,0
aftB_ubiA_4267559_A,-0.0016282577479446,0.2,aftB,ubiA,A,0
aftB_ubiA_4266941_T,-0.0802162814752883,0.0,aftB,ubiA,T,0
aftB_ubiA_4267577_T,0.0322014586989159,0.0,aftB,ubiA,T,0
aftB_ubiA_4267587_A,-0.0005951167957932,0.3,aftB,ubiA,A,0
aftB_ubiA_4267602_A,-0.0050621224986648,0.2,aftB,ubiA,A,0
aftB_ubiA_4267610_T,-0.0167488221287953,0.3,aftB,ubiA,T,0
aftB_ubiA_4267623_G,-0.0087581230249756,0.6,aftB,ubiA,G,0
aftB_ubiA_4267643_T,-0.0881599057483567,0.1,aftB,ubiA,T,0
aftB_ubiA_4268596_C,-0.0468636456066041,0.0,aftB,ubiA,C,0
aftB_ubiA_4267647_G,-0.0661978227714385,0.1,aftB,ubiA,G,0
aftB_ubiA_4267715_A,-0.0644429968480761,0.2,aftB,ubiA,A,0
aftB_ubiA_4267721_T,0.0591743281031131,0.4,aftB,ubiA,T,0
aftB_ubiA_4267722_G,0.0157612026910068,0.5,aftB,ubiA,G,0
aftB_ubiA_4267747_G,-0.006266370439269,0.7,aftB,ubiA,G,0
aftB_ubiA_4267764_T,-0.0403565152728665,0.2,aftB,ubiA,T,0
aftB_ubiA_4267774_G,-0.0087846585397461,0.3,aftB,ubiA,G,0
aftB_ubiA_4267779_C,-0.0485954574774948,0.0,aftB,ubiA,C,0
aftB_ubiA_4267781_A,0.0709060551406546,0.0,aftB,ubiA,A,0
aftB_ubiA_4267788_C,-0.0290589987319589,0.4,aftB,ubiA,C,0
aftB_ubiA_4267791_G,-0.0358037590585656,0.7,aftB,ubiA,G,0
aftB_ubiA_4267794_A,0.0063518072452262,0.6,aftB,ubiA,A,0
aftB_ubiA_4267813_T,-0.0218283955484926,0.5,aftB,ubiA,T,0
aftB_ubiA_4267329_A,-0.0468636456066047,0.1,aftB,ubiA,A,0
aftB_ubiA_4267299_T,-0.0552615081467274,0.2,aftB,ubiA,T,0
aftB_ubiA_4267272_G,-0.1525750676902691,0.0,aftB,ubiA,G,0
aftB_ubiA_4267262_C,-0.0048621396831052,0.4,aftB,ubiA,C,0
aftB_ubiA_4266962_A,-0.0022268478357014,0.5,aftB,ubiA,A,0
aftB_ubiA_4266966_T,-0.0222012683408666,0.6,aftB,ubiA,T,0
aftB_ubiA_4266972_T,-0.0040913743509023,0.5,aftB,ubiA,T,0
aftB_ubiA_4266979_C,0.0218864844886917,0.3,aftB,ubiA,C,0
aftB_ubiA_4266982_T,-0.038937701647033,0.2,aftB,ubiA,T,0
aftB_ubiA_4266983_G,-0.008170677433744,0.7,aftB,ubiA,G,0
aftB_ubiA_4267034_T,-0.0511966093925421,0.1,aftB,ubiA,T,0
aftB_ubiA_4267048_C,-0.0218283955484927,0.5,aftB,ubiA,C,0
aftB_ubiA_4267056_T,0.0007110187945728,0.3,aftB,ubiA,T,0
aftB_ubiA_4267060_T,-0.1241208803195962,0.1,aftB,ubiA,T,0
aftB_ubiA_4267061_A,-0.0081706774337437,0.8,aftB,ubiA,A,0
aftB_ubiA_4267082_T,-0.0081706774337438,0.6,aftB,ubiA,T,0
aftB_ubiA_4267084_T,0.027576564221933,0.5,aftB,ubiA,T,0
aftB_ubiA_4267091_A,-0.0198658301205258,0.6,aftB,ubiA,A,0
aftB_ubiA_4267099_T,0.0142615437892315,0.3,aftB,ubiA,T,0
aftB_ubiA_4267118_A,-0.0085630593267638,0.6,aftB,ubiA,A,0
aftB_ubiA_4267136_G,0.0371865830821932,0.2,aftB,ubiA,G,0
aftB_ubiA_4267149_G,-0.0409422146681629,0.0,aftB,ubiA,G,0
aftB_ubiA_4267155_G,-0.0409422146681629,0.0,aftB,ubiA,G,0
aftB_ubiA_4267172_T,-0.0083477940151123,0.6,aftB,ubiA,T,0
aftB_ubiA_4267192_A,-0.0166130456361526,0.0,aftB,ubiA,A,0
aftB_ubiA_4267201_G,-0.0055700763654781,0.7,aftB,ubiA,G,0
aftB_ubiA_4267202_A,-0.000504679360877,0.5,aftB,ubiA,A,0
aftB_ubiA_4267205_C,0.0185604860788301,0.5,aftB,ubiA,C,0
aftB_ubiA_4267207_A,-0.0582446313057345,0.2,aftB,ubiA,A,0
aftB_ubiA_4267233_C,-0.0218283955484927,0.7,aftB,ubiA,C,0
aftB_ubiA_4267256_A,-0.0166130456361526,0.4,aftB,ubiA,A,0
aftB_ubiA_4267823_C,-0.0101418276900849,0.5,aftB,ubiA,C,0
aftB_ubiA_4267828_A,-0.0468636456066041,0.0,aftB,ubiA,A,0
aftB_ubiA_4267846_A,-0.0362448408509268,0.4,aftB,ubiA,A,0
aftB_ubiA_4268261_T,0.0253299962090252,0.3,aftB,ubiA,T,0
aftB_ubiA_4268270_G,0.0124420934798736,0.2,aftB,ubiA,G,0
aftB_ubiA_4268288_A,-0.0043076210805617,0.2,aftB,ubiA,A,0
aftB_ubiA_4268291_T,0.0218864844886919,0.5,aftB,ubiA,T,0
aftB_ubiA_4268298_C,-0.002022445266179,0.7,aftB,ubiA,C,0
aftB_ubiA_4268306_T,-0.0077944816118833,0.4,aftB,ubiA,T,0
aftB_ubiA_4268309_T,0.0085723909134369,0.6,aftB,ubiA,T,0
aftB_ubiA_4268323_T,0.0516707166943603,0.4,aftB,ubiA,T,0
aftB_ubiA_4268342_T,0.0303288526911003,0.3,aftB,ubiA,T,0
aftB_ubiA_4268351_T,0.0166711345763515,0.3,aftB,ubiA,T,0
aftB_ubiA_4268384_C,-0.0468636456066042,0.2,aftB,ubiA,C,0
aftB_ubiA_4268428_G,0.0602382710483708,0.4,aftB,ubiA,G,0
aftB_ubiA_4268429_T,-0.0031493380560822,0.7,aftB,ubiA,T,0
aftB_ubiA_4268433_T,0.0100712520986442,0.3,aftB,ubiA,T,0
aftB_ubiA_4268456_A,-0.1360237183621667,0.0,aftB,ubiA,A,0
aftB_ubiA_4268461_G,-0.0023249274339966,0.4,aftB,ubiA,G,0
aftB_ubiA_4268477_T,0.0146412820110299,0.2,aftB,ubiA,T,0
aftB_ubiA_4269712_A,-0.018479311111121,0.3,aftB,ubiA,A,0
aftB_ubiA_4268493_T,-0.0422224455714725,0.3,aftB,ubiA,T,0
aftB_ubiA_4268495_C,-0.043218305686905,0.3,aftB,ubiA,C,0
aftB_ubiA_4268497_T,-0.0081706774337437,0.6,aftB,ubiA,T,0
aftB_ubiA_4268519_T,-0.1063238877604463,0.1,aftB,ubiA,T,0
aftB_ubiA_4268525_C,0.0112561694566714,0.6,aftB,ubiA,C,0
aftB_ubiA_4268529_C,-0.0332798950775147,0.4,aftB,ubiA,C,0
aftB_ubiA_4268532_T,0.036181153596288,0.4,aftB,ubiA,T,0
aftB_ubiA_4268540_A,-0.0087622055356568,0.5,aftB,ubiA,A,0
aftB_ubiA_4268545_T,-0.0399614095532263,0.3,aftB,ubiA,T,0
aftB_ubiA_4268566_G,-0.000547872484382,0.6,aftB,ubiA,G,0
aftB_ubiA_4266930_C,-0.060957874476593,0.1,aftB,ubiA,C,0
aftB_ubiA_4268234_A,-0.0604414448646499,0.2,aftB,ubiA,A,0
aftB_ubiA_4267858_G,0.0349271841249498,0.3,aftB,ubiA,G,0
aftB_ubiA_4268227_A,-0.0552615081467276,0.2,aftB,ubiA,A,0
aftB_ubiA_4267873_G,0.0187437614659821,0.5,aftB,ubiA,G,0
aftB_ubiA_4267879_A,-0.0281768597799341,0.2,aftB,ubiA,A,0
aftB_ubiA_4267889_G,-0.0235767271843162,0.4,aftB,ubiA,G,0
aftB_ubiA_4267908_T,0.016506258070095,0.3,aftB,ubiA,T,0
aftB_ubiA_4267925_A,0.0038630972110417,0.4,aftB,ubiA,A,0
aftB_ubiA_4267927_T,0.1185723859488401,0.0,aftB,ubiA,T,0
aftB_ubiA_4267929_A,-0.0697976650652602,0.3,aftB,ubiA,A,0
aftB_ubiA_4267931_T,0.051686357367172,0.3,aftB,ubiA,T,0
aftB_ubiA_4267932_T,-0.0197554443147431,0.2,aftB,ubiA,T,0
aftB_ubiA_4267934_A,-0.011103334310233,0.2,aftB,ubiA,A,0
aftB_ubiA_4267954_A,-0.0035334336675825,0.5,aftB,ubiA,A,0
aftB_ubiA_4267960_A,0.0242408240864483,0.5,aftB,ubiA,A,0
aftB_ubiA_4267976_C,-0.0081706774337439,0.3,aftB,ubiA,C,0
aftB_ubiA_4268003_A,0.0551294486321621,0.5,aftB,ubiA,A,0
aftB_ubiA_4268040_C,0.013342102017408,0.3,aftB,ubiA,C,0
aftB_ubiA_4268041_T,-0.0013129470426514,0.4,aftB,ubiA,T,0
aftB_ubiA_4268044_A,0.0359156175960899,0.3,aftB,ubiA,A,0
aftB_ubiA_4268062_G,-0.005032695939484,0.4,aftB,ubiA,G,0
aftB_ubiA_4268076_C,-0.046682059501041,0.2,aftB,ubiA,C,0
aftB_ubiA_4268077_G,-0.046682059501041,0.2,aftB,ubiA,G,0
aftB_ubiA_4268094_G,-0.0322688811505151,0.6,aftB,ubiA,G,0
aftB_ubiA_4268096_A,0.0757892701772588,0.2,aftB,ubiA,A,0
aftB_ubiA_4268100_G,-0.0013129470426518,0.6,aftB,ubiA,G,0
aftB_ubiA_4268141_T,-0.0239966183355375,0.6,aftB,ubiA,T,0
aftB_ubiA_4268159_A,0.0240676783652611,0.2,aftB,ubiA,A,0
aftB_ubiA_4268203_T,-0.002022445266179,0.5,aftB,ubiA,T,0
aftB_ubiA_4268205_G,-0.0344664981491839,0.4,aftB,ubiA,G,0
aftB_ubiA_4268480_T,0.0337664465883893,0.5,aftB,ubiA,T,0
aftB_ubiA_4273735_C,0.0550229211360303,0.2,aftB,ubiA,C,0
aftB_ubiA_4269715_C,0.0181744840560361,0.3,aftB,ubiA,C,0
aftB_ubiA_4272269_C,0.0197728211521182,0.3,aftB,ubiA,C,0
aftB_ubiA_4272339_A,-0.0937272912132088,0.2,aftB,ubiA,A,0
aftB_ubiA_4272330_T,0.0078806013455035,0.4,aftB,ubiA,T,0
aftB_ubiA_4272314_T,-0.0552615081467273,0.0,aftB,ubiA,T,0
aftB_ubiA_4272305_A,-0.0290589987319594,0.2,aftB,ubiA,A,0
aftB_ubiA_4272302_A,0.05232641355339,0.1,aftB,ubiA,A,0
aftB_ubiA_4272281_A,-0.0609520754965711,0.2,aftB,ubiA,A,0
aftB_ubiA_4272258_T,-0.0166130456361525,0.3,aftB,ubiA,T,0
aftB_ubiA_4272360_T,-0.0102454738066538,0.4,aftB,ubiA,T,0
aftB_ubiA_4272251_T,-0.0421530467686849,0.4,aftB,ubiA,T,0
aftB_ubiA_4272232_T,-0.0081706774337439,0.8,aftB,ubiA,T,0
aftB_ubiA_4272223_C,-0.0140884298899668,0.4,aftB,ubiA,C,0
aftB_ubiA_4272220_G,0.0210083669909792,0.3,aftB,ubiA,G,0
aftB_ubiA_4272218_C,-0.0338886396344881,0.4,aftB,ubiA,C,0
aftB_ubiA_4272211_A,0.0091486293389053,0.3,aftB,ubiA,A,0
aftB_ubiA_4272342_T,-0.0036073108407531,0.7,aftB,ubiA,T,0
aftB_ubiA_4272390_A,0.0067321260794174,0.4,aftB,ubiA,A,0
aftB_ubiA_4271641_T,-0.0203432220721653,0.6,aftB,ubiA,T,0
aftB_ubiA_4272513_C,-0.0064474023100308,0.4,aftB,ubiA,C,0
aftB_ubiA_4272665_A,-0.0604768580590674,0.2,aftB,ubiA,A,0
aftB_ubiA_4272636_T,-0.0230945802053845,0.6,aftB,ubiA,T,0
aftB_ubiA_4272625_G,-0.0031864036300826,0.5,aftB,ubiA,G,0
aftB_ubiA_4272624_T,-0.0336469736755935,0.1,aftB,ubiA,T,0
aftB_ubiA_4272588_T,0.0086169778960561,0.6,aftB,ubiA,T,0
aftB_ubiA_4272514_T,-0.0604768580590675,0.4,aftB,ubiA,T,0
aftB_ubiA_4272506_A,0.0737449645719976,0.3,aftB,ubiA,A,0
aftB_ubiA_4272410_T,-0.0426588443031557,0.2,aftB,ubiA,T,0
aftB_ubiA_4272499_T,-0.0438093475445693,0.2,aftB,ubiA,T,0
aftB_ubiA_4272496_G,-0.0069290134211355,0.7,aftB,ubiA,G,0
aftB_ubiA_4272480_T,0.0149538364189039,0.2,aftB,ubiA,T,0
aftB_ubiA_4272453_T,-0.046574899990174,0.3,aftB,ubiA,T,0
aftB_ubiA_4272439_T,0.0319042446196977,0.2,aftB,ubiA,T,0
aftB_ubiA_4272414_C,0.0433486617469481,0.2,aftB,ubiA,C,0
aftB_ubiA_4272205_T,0.0590153963961034,0.1,aftB,ubiA,T,0
aftB_ubiA_4272176_T,0.0868046698686921,0.0,aftB,ubiA,T,0
aftB_ubiA_4272169_G,-0.0031864036300826,0.5,aftB,ubiA,G,0
aftB_ubiA_4271807_A,0.0984455657149634,0.0,aftB,ubiA,A,0
aftB_ubiA_4271908_A,-0.0552615081467273,0.4,aftB,ubiA,A,0
aftB_ubiA_4271904_A,-0.0399614095532262,0.1,aftB,ubiA,A,0
aftB_ubiA_4271848_T,0.0225160762305849,0.4,aftB,ubiA,T,0
aftB_ubiA_4271847_T,-0.0882633599874467,0.1,aftB,ubiA,T,0
aftB_ubiA_4271841_C,-0.0454524902204755,0.2,aftB,ubiA,C,0
aftB_ubiA_4271824_T,0.0175909127590298,0.5,aftB,ubiA,T,0
aftB_ubiA_4271799_G,-0.0166130456361526,0.5,aftB,ubiA,G,0
aftB_ubiA_4272148_T,-0.0051014490717859,0.5,aftB,ubiA,T,0
aftB_ubiA_4271766_T,-0.0069290134211355,0.7,aftB,ubiA,T,0
aftB_ubiA_4271764_T,0.0379044133290513,0.1,aftB,ubiA,T,0
aftB_ubiA_4269719_T,0.0720694655046737,0.3,aftB,ubiA,T,0
aftB_ubiA_4271695_A,-0.0491281437550961,0.2,aftB,ubiA,A,0
aftB_ubiA_4271663_A,-0.0552615081467274,0.0,aftB,ubiA,A,0
aftB_ubiA_4271659_T,0.0054234187544173,0.5,aftB,ubiA,T,0
aftB_ubiA_4271917_C,-0.0276482044035113,0.5,aftB,ubiA,C,0
aftB_ubiA_4271928_A,-0.0002371141343556,0.4,aftB,ubiA,A,0
aftB_ubiA_4271932_A,-0.0697976650652604,0.3,aftB,ubiA,A,0
aftB_ubiA_4271933_G,-0.0399614095532259,0.3,aftB,ubiA,G,0
aftB_ubiA_4271943_C,-0.0081706774337439,0.6,aftB,ubiA,C,0
aftB_ubiA_4271967_C,0.0218864844886917,0.4,aftB,ubiA,C,0
aftB_ubiA_4271980_A,-0.0081706774337439,0.5,aftB,ubiA,A,0
aftB_ubiA_4272005_C,-0.0362448408509267,0.1,aftB,ubiA,C,0
aftB_ubiA_4272015_C,0.0299781697748321,0.0,aftB,ubiA,C,0
aftB_ubiA_4272033_A,-0.0087622055356568,0.5,aftB,ubiA,A,0
aftB_ubiA_4272035_G,-0.0166130456361526,0.2,aftB,ubiA,G,0
aftB_ubiA_4272058_T,-0.0322626076666526,0.2,aftB,ubiA,T,0
aftB_ubiA_4272062_T,0.0473229037255867,0.2,aftB,ubiA,T,0
aftB_ubiA_4272094_G,0.0074491508905512,0.3,aftB,ubiA,G,0
aftB_ubiA_4272097_T,-0.0031321609596023,0.4,aftB,ubiA,T,0
aftB_ubiA_4272100_T,0.0084317208043285,0.5,aftB,ubiA,T,0
aftB_ubiA_4272134_A,-0.0354459619106026,0.6,aftB,ubiA,A,0
aftB_ubiA_4272675_A,-0.0399614095532264,0.6,aftB,ubiA,A,0
aftB_ubiA_4272686_A,-0.0187855213763822,0.3,aftB,ubiA,A,0
aftB_ubiA_4272689_C,-0.0352587837004653,0.4,aftB,ubiA,C,0
aftB_ubiA_4273533_T,-0.0166130456361524,0.6,aftB,ubiA,T,0
aftB_ubiA_4273577_G,-0.0461022762998038,0.6,aftB,ubiA,G,0
aftB_ubiA_4273563_T,0.0250781240602875,0.3,aftB,ubiA,T,0
aftB_ubiA_4273538_T,-0.0055700763654778,0.2,aftB,ubiA,T,0
aftB_ubiA_4273537_A,0.0121370014830797,0.6,aftB,ubiA,A,0
aftB_ubiA_4273536_-,0.0381776982612583,0.2,aftB,ubiA,-,0
aftB_ubiA_4273535_-,0.0121370014830797,0.6,aftB,ubiA,-,0
aftB_ubiA_4273530_-,0.0303288526911006,0.4,aftB,ubiA,-,0
aftB_ubiA_4273293_A,-0.0234831169706169,0.5,aftB,ubiA,A,0
aftB_ubiA_4273522_A,0.00929278782772,0.5,aftB,ubiA,A,0
aftB_ubiA_4273495_T,-0.0128242084889942,0.5,aftB,ubiA,T,0
aftB_ubiA_4273462_T,-0.0169641128198991,0.5,aftB,ubiA,T,0
aftB_ubiA_4273395_T,-0.0166130456361527,0.5,aftB,ubiA,T,0
aftB_ubiA_4273335_T,-0.0031864036300825,0.5,aftB,ubiA,T,0
aftB_ubiA_4273317_G,-0.0274451897868969,0.3,aftB,ubiA,G,0
aftB_ubiA_4273578_A,0.0255876617537243,0.6,aftB,ubiA,A,0
aftB_ubiA_4273583_-,0.0629243525265315,0.0,aftB,ubiA,-,0
aftB_ubiA_4273620_A,0.014429153724651,0.6,aftB,ubiA,A,0
aftB_ubiA_4273629_C,-0.0013129470426515,0.5,aftB,ubiA,C,0
aftB_ubiA_4273633_C,0.0218864844886918,0.3,aftB,ubiA,C,0
aftB_ubiA_4273638_A,-0.0552615081467276,0.1,aftB,ubiA,A,0
aftB_ubiA_4273639_C,-0.1532858456475432,0.0,aftB,ubiA,C,0
aftB_ubiA_4273644_G,0.0892621201636791,0.0,aftB,ubiA,G,0
aftB_ubiA_4273655_C,-0.0481564664377973,0.3,aftB,ubiA,C,0
aftB_ubiA_4273681_T,-0.0081706774337438,0.6,aftB,ubiA,T,0
aftB_ubiA_4273687_T,0.002884853182434,0.4,aftB,ubiA,T,0
aftB_ubiA_indel5_T,0.015996322815232,0.0,aftB,ubiA,T,0
aftB_ubiA_indel4_A,0.015996322815232,0.0,aftB,ubiA,A,0
aftB_ubiA_indel3_G,0.015996322815232,0.0,aftB,ubiA,G,0
aftB_ubiA_indel2_G,0.015996322815232,0.0,aftB,ubiA,G,0
aftB_ubiA_indel1_T,0.015996322815232,0.0,aftB,ubiA,T,0
aftB_ubiA_indel0_C,0.015996322815232,0.0,aftB,ubiA,C,0
aftB_ubiA_4273312_G,-0.0105298446908927,0.4,aftB,ubiA,G,0
aftB_ubiA_4273272_T,-0.014253641253491,0.4,aftB,ubiA,T,0
aftB_ubiA_4272715_T,0.0220868920098784,0.4,aftB,ubiA,T,0
aftB_ubiA_4272823_G,0.0265049996794849,0.5,aftB,ubiA,G,0
aftB_ubiA_4272918_T,-0.0187855213763822,0.3,aftB,ubiA,T,0
aftB_ubiA_4272900_T,0.0439904009266965,0.0,aftB,ubiA,T,0
aftB_ubiA_4272867_A,-0.0166130456361526,0.5,aftB,ubiA,A,0
aftB_ubiA_4272842_A,0.0243038936759874,0.4,aftB,ubiA,A,0
aftB_ubiA_4272831_T,-0.007115391512439,0.3,aftB,ubiA,T,0
aftB_ubiA_4272829_A,0.0218864844886917,0.4,aftB,ubiA,A,0
aftB_ubiA_4272808_T,-0.0468191399443183,0.4,aftB,ubiA,T,0
aftB_ubiA_4273242_A,-0.0288322047734082,0.3,aftB,ubiA,A,0
aftB_ubiA_4272795_G,-0.000595116795793,0.6,aftB,ubiA,G,0
aftB_ubiA_4272771_T,-0.0458077573006914,0.1,aftB,ubiA,T,0
aftB_ubiA_4272762_A,-0.0081706774337438,0.2,aftB,ubiA,A,0
aftB_ubiA_4272750_G,-0.0895979631864238,0.0,aftB,ubiA,G,0
aftB_ubiA_4272744_T,-0.0177427471485488,0.2,aftB,ubiA,T,0
aftB_ubiA_4272720_A,0.0303288526911001,0.4,aftB,ubiA,A,0
aftB_ubiA_4272929_A,0.0072341811181488,0.5,aftB,ubiA,A,0
aftB_ubiA_4272932_G,-0.0030625138393056,0.6,aftB,ubiA,G,0
aftB_ubiA_4272945_T,-0.0112304847686113,0.3,aftB,ubiA,T,0
aftB_ubiA_4272989_A,-0.0498217436402274,0.2,aftB,ubiA,A,0
aftB_ubiA_4273032_A,0.0685841502373743,0.2,aftB,ubiA,A,0
aftB_ubiA_4273085_T,-0.0087892520871663,0.6,aftB,ubiA,T,0
aftB_ubiA_4273095_T,0.0001278671793998,0.5,aftB,ubiA,T,0
aftB_ubiA_4273097_A,0.0190944013710186,0.3,aftB,ubiA,A,0
aftB_ubiA_4273098_T,-0.0140884298899669,0.6,aftB,ubiA,T,0
aftB_ubiA_4273104_A,-0.0081706774337438,0.6,aftB,ubiA,A,0
aftB_ubiA_4273116_C,-0.0877181652479317,0.1,aftB,ubiA,C,0
aftB_ubiA_4273119_T,0.036181153596288,0.4,aftB,ubiA,T,0
aftB_ubiA_4273131_A,-0.0468636456066047,0.1,aftB,ubiA,A,0
aftB_ubiA_4273151_A,0.0291792908345073,0.5,aftB,ubiA,A,0
aftB_ubiA_4273194_A,0.0490711103727259,0.2,aftB,ubiA,A,0
aftB_ubiA_4273203_T,-0.0166130456361529,0.5,aftB,ubiA,T,0
aftB_ubiA_4273226_C,0.0218864844886918,0.4,aftB,ubiA,C,0
aftB_ubiA_4271645_G,-0.0218283955484929,0.4,aftB,ubiA,G,0
aftB_ubiA_4271761_G,-0.0081706774337437,0.7,aftB,ubiA,G,0
aftB_ubiA_4271638_T,-0.0552615081467267,0.3,aftB,ubiA,T,0
aftB_ubiA_4270362_T,0.0026957710662784,0.4,aftB,ubiA,T,0
aftB_ubiA_4270452_T,0.0182627691211328,0.1,aftB,ubiA,T,0
aftB_ubiA_4270449_T,-0.0166130456361524,0.5,aftB,ubiA,T,0
aftB_ubiA_4270443_G,-0.0106429933797537,0.6,aftB,ubiA,G,0
aftB_ubiA_4270421_C,0.0392022061849897,0.4,aftB,ubiA,C,0
aftB_ubiA_4270397_G,0.0257199025476616,0.3,aftB,ubiA,G,0
aftB_ubiA_4270394_A,0.0780295943103511,0.2,aftB,ubiA,A,0
aftB_ubiA_4270357_T,0.0032962436514344,0.4,aftB,ubiA,T,0
aftB_ubiA_4270281_G,0.018607995424678,0.5,aftB,ubiA,G,0
aftB_ubiA_4270344_A,-0.0027021790661829,0.6,aftB,ubiA,A,0
aftB_ubiA_4270342_A,-0.0180876900934419,0.3,aftB,ubiA,A,0
aftB_ubiA_4270337_G,-0.0160437782796901,0.5,aftB,ubiA,G,0
aftB_ubiA_4270335_A,-0.1035259803942309,0.0,aftB,ubiA,A,0
aftB_ubiA_4270310_A,-0.0362448408509267,0.1,aftB,ubiA,A,0
aftB_ubiA_4270301_A,-0.0681236519460843,0.0,aftB,ubiA,A,0
aftB_ubiA_4270471_C,0.005289813301576,0.6,aftB,ubiA,C,0
aftB_ubiA_4270492_G,-0.007783380788957,0.3,aftB,ubiA,G,0
aftB_ubiA_4270515_C,0.0628076022759385,0.1,aftB,ubiA,C,0
aftB_ubiA_4270518_T,-0.0335641440275966,0.4,aftB,ubiA,T,0
aftB_ubiA_4270538_T,0.0464588390826489,0.2,aftB,ubiA,T,0
aftB_ubiA_4270547_C,0.014429153724651,0.6,aftB,ubiA,C,0
aftB_ubiA_4270550_T,0.0469926443358941,0.4,aftB,ubiA,T,0
aftB_ubiA_4270575_A,0.030168924201122,0.1,aftB,ubiA,A,0
aftB_ubiA_4270576_A,-0.040966839039131,0.2,aftB,ubiA,A,0
aftB_ubiA_4270589_T,0.0470745036531153,0.1,aftB,ubiA,T,0
aftB_ubiA_4270628_G,0.0301944912179863,0.2,aftB,ubiA,G,0
aftB_ubiA_4270659_A,-0.0081706774337439,0.8,aftB,ubiA,A,0
aftB_ubiA_4271620_G,-0.0422557733513278,0.6,aftB,ubiA,G,0
aftB_ubiA_4270677_A,0.062183573644988,0.1,aftB,ubiA,A,0
aftB_ubiA_4270697_T,-0.0155613119909896,0.7,aftB,ubiA,T,0
aftB_ubiA_4270726_A,-0.0013129470426512,0.9,aftB,ubiA,A,0
aftB_ubiA_4270728_T,0.0281691738699507,0.3,aftB,ubiA,T,0
aftB_ubiA_4270288_T,-0.0013129470426513,0.5,aftB,ubiA,T,0
aftB_ubiA_4270272_G,-0.0011134239178505,0.6,aftB,ubiA,G,0
aftB_ubiA_4270757_G,-0.0068958530921089,0.5,aftB,ubiA,G,0
aftB_ubiA_4269822_C,-0.0005951167957932,0.5,aftB,ubiA,C,0
aftB_ubiA_4269893_A,0.0166711345763515,0.6,aftB,ubiA,A,0
aftB_ubiA_4269885_G,0.0190944013710187,0.3,aftB,ubiA,G,0
aftB_ubiA_4269867_T,0.0218864844886917,0.2,aftB,ubiA,T,0
aftB_ubiA_4269865_-,0.0262971965329992,0.3,aftB,ubiA,-,0
aftB_ubiA_4269864_T,-0.0312247123287554,0.7,aftB,ubiA,T,0
aftB_ubiA_4269841_A,-0.0468636456066042,0.2,aftB,ubiA,A,0
aftB_ubiA_4269795_A,-0.0166130456361527,0.3,aftB,ubiA,A,0
aftB_ubiA_4270244_T,0.0348922192840914,0.1,aftB,ubiA,T,0
aftB_ubiA_4269759_A,-0.0218283955484931,0.3,aftB,ubiA,A,0
aftB_ubiA_4269743_A,0.047644574387398,0.1,aftB,ubiA,A,0
aftB_ubiA_4269742_C,0.1116506521274334,0.2,aftB,ubiA,C,0
aftB_ubiA_4269737_A,0.0346362954077907,0.3,aftB,ubiA,A,0
aftB_ubiA_4269729_A,-0.0022268478357012,0.5,aftB,ubiA,A,0
aftB_ubiA_4269721_T,0.1740637698409696,0.0,aftB,ubiA,T,0
aftB_ubiA_4269895_C,-0.0102813777023466,0.5,aftB,ubiA,C,0
aftB_ubiA_4269901_G,-0.0087846585397461,0.3,aftB,ubiA,G,0
aftB_ubiA_4269974_G,-0.0013129470426513,0.6,aftB,ubiA,G,0
aftB_ubiA_4269986_C,-0.0399614095532263,0.3,aftB,ubiA,C,0
aftB_ubiA_4269997_G,-0.0166130456361528,0.3,aftB,ubiA,G,0
aftB_ubiA_4270009_T,0.037186583082193,0.3,aftB,ubiA,T,0
aftB_ubiA_4270025_T,0.0519324834141822,0.3,aftB,ubiA,T,0
aftB_ubiA_4270049_A,-0.0877824430960307,0.0,aftB,ubiA,A,0
aftB_ubiA_4270087_C,-0.0218283955484929,0.2,aftB,ubiA,C,0
aftB_ubiA_4270109_T,0.0081645946649899,0.4,aftB,ubiA,T,0
aftB_ubiA_4270145_T,0.0319042446196977,0.2,aftB,ubiA,T,0
aftB_ubiA_4270171_A,0.0091486293389053,0.3,aftB,ubiA,A,0
aftB_ubiA_4270172_T,-0.0013129470426515,0.4,aftB,ubiA,T,0
aftB_ubiA_4270200_T,-0.0166130456361525,0.3,aftB,ubiA,T,0
aftB_ubiA_4270203_T,-0.0140884298899667,0.4,aftB,ubiA,T,0
aftB_ubiA_4270235_T,-0.0081706774337438,0.7,aftB,ubiA,T,0
aftB_ubiA_4270242_A,-0.0093519307822189,0.5,aftB,ubiA,A,0
aftB_ubiA_4270739_T,0.0092927878277197,0.5,aftB,ubiA,T,0
aftB_ubiA_4270660_T,0.0018906714568386,0.4,aftB,ubiA,T,0
aftB_ubiA_4270787_T,-0.0321077585322553,0.4,aftB,ubiA,T,0
aftB_ubiA_4271126_T,0.0007092936601526,0.6,aftB,ubiA,T,0
aftB_ubiA_4271162_T,0.0083290032011301,0.3,aftB,ubiA,T,0
aftB_ubiA_4271188_A,-0.0129170451098422,0.5,aftB,ubiA,A,0
aftB_ubiA_4271208_A,-0.0087581230249757,0.5,aftB,ubiA,A,0
aftB_ubiA_4271218_A,0.1070805124945735,0.0,aftB,ubiA,A,0
aftB_ubiA_4271231_T,-0.0438093475445694,0.5,aftB,ubiA,T,0
aftB_ubiA_4270790_T,0.1210334497412485,0.0,aftB,ubiA,T,0
aftB_ubiA_4271242_T,-0.0166130456361524,0.3,aftB,ubiA,T,0
aftB_ubiA_4271245_T,0.0259513832428763,0.5,aftB,ubiA,T,0
aftB_ubiA_4271248_T,-0.0383255305643329,0.5,aftB,ubiA,T,0
aftB_ubiA_4271288_A,0.0599578820087087,0.2,aftB,ubiA,A,0
aftB_ubiA_4271308_T,0.0197728211521182,0.3,aftB,ubiA,T,0
aftB_ubiA_4271317_A,-0.0125481468819679,0.1,aftB,ubiA,A,0
aftB_ubiA_4271323_T,-0.0166130456361525,0.6,aftB,ubiA,T,0
aftB_ubiA_4271326_T,0.0163789550491969,0.2,aftB,ubiA,T,0
aftB_ubiA_4271340_T,-0.0060149468568332,0.5,aftB,ubiA,T,0
aftB_ubiA_4271350_T,-0.0130362073310126,0.4,aftB,ubiA,T,0
aftB_ubiA_4271371_T,0.019085741456458,0.3,aftB,ubiA,T,0
aftB_ubiA_4271389_T,-0.014212952687615,0.5,aftB,ubiA,T,0
aftB_ubiA_4271400_T,-0.0069290134211352,0.8,aftB,ubiA,T,0
aftB_ubiA_4271406_G,0.0160252320495574,0.5,aftB,ubiA,G,0
aftB_ubiA_4271464_A,-0.0115991760503413,0.8,aftB,ubiA,A,0
aftB_ubiA_4271493_T,0.1088791685050332,0.1,aftB,ubiA,T,0
aftB_ubiA_4271498_C,0.0091486293389053,0.3,aftB,ubiA,C,0
aftB_ubiA_4271533_C,-0.0043076210805617,0.7,aftB,ubiA,C,0
aftB_ubiA_4271557_C,-0.04261763185008,0.3,aftB,ubiA,C,0
aftB_ubiA_4271568_A,-0.0344664981491839,0.4,aftB,ubiA,A,0
aftB_ubiA_4271604_C,-0.0212861091609223,0.3,aftB,ubiA,C,0
aftB_ubiA_4271127_T,-0.0618292420906447,0.3,aftB,ubiA,T,0
aftB_ubiA_4266668_A,-0.0307465331492326,0.2,aftB,ubiA,A,0
aftB_ubiA_4271115_T,-0.0538745893397781,0.2,aftB,ubiA,T,0
aftB_ubiA_4270835_G,-0.0867787065910899,0.0,aftB,ubiA,G,0
aftB_ubiA_4270986_T,-0.034215979995431,0.3,aftB,ubiA,T,0
aftB_ubiA_4270880_T,-0.0564615265390851,0.1,aftB,ubiA,T,0
aftB_ubiA_4271105_T,0.0073996173844783,0.6,aftB,ubiA,T,0
aftB_ubiA_4270869_T,-0.0344664981491839,0.4,aftB,ubiA,T,0
aftB_ubiA_4270863_G,-0.0135614102979332,0.8,aftB,ubiA,G,0
aftB_ubiA_4270854_T,0.0201743613564167,0.5,aftB,ubiA,T,0
aftB_ubiA_4270991_G,0.0187908891265261,0.1,aftB,ubiA,G,0
aftB_ubiA_4270941_G,-0.0186712805618487,0.4,aftB,ubiA,G,0
aftB_ubiA_4270849_C,0.0218864844886917,0.4,aftB,ubiA,C,0
aftB_ubiA_4270934_A,-0.0140884298899668,0.4,aftB,ubiA,A,0
aftB_ubiA_4270999_T,-0.0038632347170536,0.4,aftB,ubiA,T,0
aftB_ubiA_4271020_A,0.0161120105584762,0.6,aftB,ubiA,A,0
aftB_ubiA_4271004_T,0.0255406944721714,0.2,aftB,ubiA,T,0
aftB_ubiA_4271053_A,-0.0140884298899667,0.4,aftB,ubiA,A,0
aftB_ubiA_4270808_T,-0.0013129470426515,0.6,aftB,ubiA,T,0
aftB_ubiA_4271026_T,-0.0077692940785935,0.6,aftB,ubiA,T,0
aftB_ubiA_4272010_C,-0.021662575196632,0.1,aftB,ubiA,C,0
aftB_ubiA_4272010_T,0.0305262697957678,0.1,aftB,ubiA,T,0
aftB_ubiA_4272010_G,-0.0088636945991325,0.5,aftB,ubiA,G,0
aftB_ubiA_4271315_A,-0.0562718822966898,0.2,aftB,ubiA,A,0
aftB_ubiA_4271315_C,0.0234655536418861,0.6,aftB,ubiA,C,0
aftB_ubiA_4271315_T,0.0010185721322957,0.3,aftB,ubiA,T,0
aftB_ubiA_4270516_A,-0.0217497134293352,0.3,aftB,ubiA,A,0
aftB_ubiA_4270516_C,0.0006030348121943,0.4,aftB,ubiA,C,0
aftB_ubiA_4270516_G,0.0211466786171412,0.3,aftB,ubiA,G,0
aftB_ubiA_4269933_C,-0.0068571389785765,0.2,aftB,ubiA,C,0
aftB_ubiA_4269933_T,0.0123714462743167,0.3,aftB,ubiA,T,0
aftB_ubiA_4269933_G,-0.0055143072957412,0.3,aftB,ubiA,G,0
aftB_ubiA_4269731_A,0.0304422151964372,0.3,aftB,ubiA,A,0
aftB_ubiA_4269731_T,-0.0097299735451424,0.3,aftB,ubiA,T,0
aftB_ubiA_4269731_G,-0.0849121144158094,0.0,aftB,ubiA,G,0
aftB_ubiA_4269722_A,0.1454853712033073,0.0,aftB,ubiA,A,0
aftB_ubiA_4269722_T,-0.0315396078638175,0.4,aftB,ubiA,T,0
aftB_ubiA_4269722_G,-0.1304085734492514,0.1,aftB,ubiA,G,0
aftB_ubiA_4269713_A,0.0395113997939312,0.2,aftB,ubiA,A,0
aftB_ubiA_4269713_C,0.0196264248839908,0.6,aftB,ubiA,C,0
aftB_ubiA_4269713_G,-0.0591378246779247,0.3,aftB,ubiA,G,0
aftB_ubiA_4269691_A,-0.0623544707637062,0.2,aftB,ubiA,A,0
aftB_ubiA_4269691_T,0.039699845391657,0.2,aftB,ubiA,T,0
aftB_ubiA_4269691_-,0.0226546253720488,0.2,aftB,ubiA,-,0
aftB_ubiA_4269671_C,0.1448622256748074,0.0,aftB,ubiA,C,0
aftB_ubiA_4269671_T,-0.0125136273755024,0.6,aftB,ubiA,T,0
aftB_ubiA_4269671_G,-0.1323485982992971,0.0,aftB,ubiA,G,0
aftB_ubiA_4269522_C,-0.0091486293389057,0.3,aftB,ubiA,C,0
aftB_ubiA_4269522_T,0.0258974514677017,0.1,aftB,ubiA,T,0
aftB_ubiA_4269522_G,-0.0167488221287953,0.3,aftB,ubiA,G,0
aftB_ubiA_4269395_A,-0.0104259579937316,0.7,aftB,ubiA,A,0
aftB_ubiA_4269395_T,0.0251107156915263,0.1,aftB,ubiA,T,0
aftB_ubiA_4269395_G,-0.0146847576977939,0.1,aftB,ubiA,G,0
aftB_ubiA_4269340_C,0.0131792922623029,0.2,aftB,ubiA,C,0
aftB_ubiA_4269340_T,0.0952335185468974,0.0,aftB,ubiA,T,0
aftB_ubiA_4269340_G,-0.1084128108092009,0.0,aftB,ubiA,G,0
aftB_ubiA_4269319_A,0.0885296339510872,0.0,aftB,ubiA,A,0
aftB_ubiA_4269319_C,-0.0049774148025864,0.5,aftB,ubiA,C,0
aftB_ubiA_4269319_T,-0.0835522191485019,0.0,aftB,ubiA,T,0
aftB_ubiA_4269313_A,-0.0257729987465484,0.4,aftB,ubiA,A,0
aftB_ubiA_4269313_C,0.0621948321415397,0.0,aftB,ubiA,C,0
aftB_ubiA_4269313_G,-0.0596215393843583,0.1,aftB,ubiA,G,0
aftB_ubiA_4269294_A,-0.0061233325756078,0.2,aftB,ubiA,A,0
aftB_ubiA_4269294_C,0.0364871040553765,0.4,aftB,ubiA,C,0
aftB_ubiA_4269294_G,-0.0492143501595364,0.2,aftB,ubiA,G,0
aftB_ubiA_4269148_C,0.0429920802514793,0.1,aftB,ubiA,C,0
aftB_ubiA_4269148_T,-0.077072593881843,0.0,aftB,ubiA,T,0
aftB_ubiA_4269148_G,0.0340805136303624,0.3,aftB,ubiA,G,0
aftB_ubiA_4269122_A,0.0076114153628316,0.4,aftB,ubiA,A,0
aftB_ubiA_4269122_T,-0.0796609586460656,0.1,aftB,ubiA,T,0
aftB_ubiA_4269122_G,0.0720495432832334,0.1,aftB,ubiA,G,0
aftB_ubiA_4269121_A,0.0395113997939312,0.2,aftB,ubiA,A,0
aftB_ubiA_4269121_T,-0.1465525188942046,0.0,aftB,ubiA,T,0
aftB_ubiA_4269121_G,0.1070411191002747,0.1,aftB,ubiA,G,0
aftB_ubiA_4269089_A,0.0795601690003736,0.2,aftB,ubiA,A,0
aftB_ubiA_4269089_T,0.0389936810575262,0.1,aftB,ubiA,T,0
aftB_ubiA_4269089_G,-0.1185538500578929,0.0,aftB,ubiA,G,0
aftB_ubiA_4269088_C,-0.0208202438723413,0.2,aftB,ubiA,C,0
aftB_ubiA_4269088_T,-0.0039692192240301,0.5,aftB,ubiA,T,0
aftB_ubiA_4269088_G,0.0123698869293037,0.4,aftB,ubiA,G,0
aftB_ubiA_4269066_C,0.0002845900684321,0.5,aftB,ubiA,C,0
aftB_ubiA_4269066_T,-0.0375221710669001,0.0,aftB,ubiA,T,0
aftB_ubiA_4269066_G,0.0372375809984677,0.3,aftB,ubiA,G,0
aftB_ubiA_4268660_A,-0.025637697535815,0.6,aftB,ubiA,A,0
aftB_ubiA_4268660_C,0.0575759812817523,0.4,aftB,ubiA,C,0
aftB_ubiA_4268660_G,-0.0319382837459373,0.3,aftB,ubiA,G,0
aftB_ubiA_4267928_A,-0.0187855213763822,0.3,aftB,ubiA,A,0
aftB_ubiA_4267928_C,0.0170456930327039,0.6,aftB,ubiA,C,0
aftB_ubiA_4267928_G,0.0017398283436802,0.3,aftB,ubiA,G,0
aftB_ubiA_4267568_A,-0.0375640416516181,0.3,aftB,ubiA,A,0
aftB_ubiA_4267568_T,0.0281915070263979,0.2,aftB,ubiA,T,0
aftB_ubiA_4267568_G,0.0093725346252201,0.6,aftB,ubiA,G,0
aftB_ubiA_4266937_A,0.0874493032016028,0.0,aftB,ubiA,A,0
aftB_ubiA_4266937_T,-0.0517730209864447,0.1,aftB,ubiA,T,0
aftB_ubiA_4266937_G,-0.0526535691204781,0.1,aftB,ubiA,G,0
