BioSample,Sample,Run,TDR_Sample,TDR_Sample_Num,Platform,Model,TaxID,ScientificName,ReleaseDate,LoadDate,CenterName,ISOLATION_LOCATION
SAMEA5282322,ERS3089590,ERR3132072,TDR_1,1,ILLUMINA,Illumina HiSeq 2500,1773.0,Mycobacterium tuberculosis,2019-05-31 11:07:43,2019-05-31 13:30:51,INSTITUTE OF TROPICAL MEDICINE,Bangladesh
SAMEA5282433,ERS3089701,ERR3132183,TDR_2,2,ILLUMINA,Illumina HiSeq 2500,1773.0,Mycobacterium tuberculosis,2019-05-31 11:07:44,2019-05-31 13:46:54,INSTITUTE OF TROPICAL MEDICINE,Bangladesh
SAMEA5282476,ERS3089744,ERR3132226,TDR_3,3,ILLUMINA,Illumina HiSeq 2500,1773.0,Mycobacterium tuberculosis,2019-05-31 11:07:45,2019-05-31 13:53:07,INSTITUTE OF TROPICAL MEDICINE,Bangladesh
SAMEA5282487,ERS3089755,ERR3132237,TDR_4,4,ILLUMINA,Illumina HiSeq 2500,1773.0,Mycobacterium tuberculosis,2019-05-31 11:07:45,2019-05-31 13:54:35,INSTITUTE OF TROPICAL MEDICINE,Bangladesh
SAMEA5282498,ERS3089766,ERR3132248,TDR_5,5,ILLUMINA,Illumina HiSeq 2500,1773.0,Mycobacterium tuberculosis,2019-05-31 11:07:45,2019-05-31 13:56:11,INSTITUTE OF TROPICAL MEDICINE,Bangladesh
SAMEA5282509,ERS3089777,ERR3132259,TDR_6,6,ILLUMINA,Illumina HiSeq 2500,1773.0,Mycobacterium tuberculosis,2019-05-31 11:07:45,2019-05-31 13:57:59,INSTITUTE OF TROPICAL MEDICINE,Bangladesh
SAMEA5282520,ERS3089788,ERR3132270,TDR_7,7,ILLUMINA,Illumina HiSeq 2500,1773.0,Mycobacterium tuberculosis,2019-05-31 11:07:45,2019-05-31 13:59:47,INSTITUTE OF TROPICAL MEDICINE,Bangladesh
SAMEA5282531,ERS3089799,ERR3132281,TDR_8,8,ILLUMINA,Illumina HiSeq 2500,1773.0,Mycobacterium tuberculosis,2019-05-31 11:07:46,2019-05-31 14:01:10,INSTITUTE OF TROPICAL MEDICINE,Bangladesh
SAMEA5282542,ERS3089810,ERR3132292,TDR_9,9,ILLUMINA,Illumina HiSeq 2500,1773.0,Mycobacterium tuberculosis,2019-05-31 11:07:46,2019-05-31 14:02:58,INSTITUTE OF TROPICAL MEDICINE,Bangladesh
SAMEA5282323,ERS3089591,ERR3132073,TDR_10,10,ILLUMINA,Illumina HiSeq 2500,1773.0,Mycobacterium tuberculosis,2019-05-31 11:07:43,2019-05-31 13:30:50,INSTITUTE OF TROPICAL MEDICINE,Bangladesh
SAMEA5282334,ERS3089602,ERR3132084,TDR_11,11,ILLUMINA,Illumina HiSeq 2500,1773.0,Mycobacterium tuberculosis,2019-05-31 11:07:43,2019-05-31 13:32:49,INSTITUTE OF TROPICAL MEDICINE,Bangladesh
SAMEA5282345,ERS3089613,ERR3132095,TDR_12,12,ILLUMINA,Illumina HiSeq 2500,1773.0,Mycobacterium tuberculosis,2019-05-31 11:07:43,2019-05-31 13:34:33,INSTITUTE OF TROPICAL MEDICINE,Bangladesh
SAMEA5282356,ERS3089624,ERR3132106,TDR_13,13,ILLUMINA,Illumina HiSeq 2500,1773.0,Mycobacterium tuberculosis,2019-05-31 11:07:43,2019-05-31 13:36:03,INSTITUTE OF TROPICAL MEDICINE,Bangladesh
SAMEA5282367,ERS3089635,ERR3132117,TDR_14,14,ILLUMINA,Illumina HiSeq 2500,1773.0,Mycobacterium tuberculosis,2019-05-31 11:07:43,2019-05-31 13:38:00,INSTITUTE OF TROPICAL MEDICINE,Bangladesh
SAMEA5282378,ERS3089646,ERR3132128,TDR_15,15,ILLUMINA,Illumina HiSeq 2500,1773.0,Mycobacterium tuberculosis,2019-05-31 11:07:44,2019-05-31 13:39:28,INSTITUTE OF TROPICAL MEDICINE,Bangladesh
SAMEA5282389,ERS3089657,ERR3132139,TDR_16,16,ILLUMINA,Illumina HiSeq 2500,1773.0,Mycobacterium tuberculosis,2019-05-31 11:07:44,2019-05-31 13:40:41,INSTITUTE OF TROPICAL MEDICINE,RD Congo
SAMEA5282400,ERS3089668,ERR3132150,TDR_17,17,ILLUMINA,Illumina HiSeq 2500,1773.0,Mycobacterium tuberculosis,2019-05-31 11:07:44,2019-05-31 13:42:01,INSTITUTE OF TROPICAL MEDICINE,RD Congo
SAMEA5282411,ERS3089679,ERR3132161,TDR_18,18,ILLUMINA,Illumina HiSeq 2500,1773.0,Mycobacterium tuberculosis,2019-05-31 11:07:44,2019-05-31 15:04:45,INSTITUTE OF TROPICAL MEDICINE,Kazakstan
SAMEA5282422,ERS3089690,ERR3132172,TDR_19,19,ILLUMINA,Illumina HiSeq 2500,1773.0,Mycobacterium tuberculosis,2019-05-31 11:07:44,2019-05-31 13:45:47,INSTITUTE OF TROPICAL MEDICINE,Azerbaidjan
SAMEA5282434,ERS3089702,ERR3132184,TDR_20,20,ILLUMINA,Illumina HiSeq 2500,1773.0,Mycobacterium tuberculosis,2019-05-31 11:07:44,2019-05-31 13:47:01,INSTITUTE OF TROPICAL MEDICINE,RD Congo
SAMEA5282445,ERS3089713,ERR3132195,TDR_21,21,ILLUMINA,Illumina HiSeq 2500,1773.0,Mycobacterium tuberculosis,2019-05-31 11:07:44,2019-05-31 13:48:42,INSTITUTE OF TROPICAL MEDICINE,RD Congo
SAMEA5282456,ERS3089724,ERR3132206,TDR_22,22,ILLUMINA,Illumina HiSeq 2500,1773.0,Mycobacterium tuberculosis,2019-05-31 11:07:45,2019-05-31 13:50:56,INSTITUTE OF TROPICAL MEDICINE,RD Congo
SAMEA5282462,ERS3089730,ERR3132212,TDR_23,23,ILLUMINA,Illumina HiSeq 2500,1773.0,Mycobacterium tuberculosis,2019-05-31 11:07:45,2019-05-31 14:36:42,INSTITUTE OF TROPICAL MEDICINE,RD Congo
SAMEA5282470,ERS3089738,ERR3132220,TDR_24,24,ILLUMINA,Illumina HiSeq 2500,1773.0,Mycobacterium tuberculosis,2019-05-31 11:07:45,2019-05-31 14:37:23,INSTITUTE OF TROPICAL MEDICINE,RD Congo
SAMEA5282471,ERS3089739,ERR3132221,TDR_25,25,ILLUMINA,Illumina HiSeq 2500,1773.0,Mycobacterium tuberculosis,2019-05-31 11:07:45,2019-05-31 13:52:08,INSTITUTE OF TROPICAL MEDICINE,Bangladesh
SAMEA5282472,ERS3089740,ERR3132222,TDR_26,26,ILLUMINA,Illumina HiSeq 2500,1773.0,Mycobacterium tuberculosis,2019-05-31 11:07:45,2019-05-31 13:52:27,INSTITUTE OF TROPICAL MEDICINE,Abkhazia
SAMEA5282473,ERS3089741,ERR3132223,TDR_27,27,ILLUMINA,Illumina HiSeq 2500,1773.0,Mycobacterium tuberculosis,2019-05-31 11:07:45,2019-05-31 13:52:45,INSTITUTE OF TROPICAL MEDICINE,Kazakstan
SAMEA5282474,ERS3089742,ERR3132224,TDR_28,28,ILLUMINA,Illumina HiSeq 2500,1773.0,Mycobacterium tuberculosis,2019-05-31 11:07:45,2019-05-31 13:52:39,INSTITUTE OF TROPICAL MEDICINE,Bangladesh
SAMEA5282475,ERS3089743,ERR3132225,TDR_29,29,ILLUMINA,Illumina HiSeq 2500,1773.0,Mycobacterium tuberculosis,2019-05-31 11:07:45,2019-05-31 13:52:51,INSTITUTE OF TROPICAL MEDICINE,Azerbaidjan
SAMEA5282477,ERS3089745,ERR3132227,TDR_30,30,ILLUMINA,Illumina HiSeq 2500,1773.0,Mycobacterium tuberculosis,2019-05-31 11:07:45,2019-05-31 13:53:13,INSTITUTE OF TROPICAL MEDICINE,Bangladesh
SAMEA5282478,ERS3089746,ERR3132228,TDR_31,31,ILLUMINA,Illumina HiSeq 2500,1773.0,Mycobacterium tuberculosis,2019-05-31 11:07:45,2019-05-31 13:53:13,INSTITUTE OF TROPICAL MEDICINE,Kazakstan
SAMEA5282479,ERS3089747,ERR3132229,TDR_32,32,ILLUMINA,Illumina HiSeq 2500,1773.0,Mycobacterium tuberculosis,2019-05-31 11:07:45,2019-05-31 13:53:42,INSTITUTE OF TROPICAL MEDICINE,Bangladesh
SAMEA5282480,ERS3089748,ERR3132230,TDR_33,33,ILLUMINA,Illumina HiSeq 2500,1773.0,Mycobacterium tuberculosis,2019-05-31 11:07:45,2019-05-31 13:53:40,INSTITUTE OF TROPICAL MEDICINE,Belgium
SAMEA5282481,ERS3089749,ERR3132231,TDR_34,34,ILLUMINA,Illumina HiSeq 2500,1773.0,Mycobacterium tuberculosis,2019-05-31 11:07:45,2019-05-31 13:53:38,INSTITUTE OF TROPICAL MEDICINE,Bangladesh
SAMEA5282482,ERS3089750,ERR3132232,TDR_35,35,ILLUMINA,Illumina HiSeq 2500,1773.0,Mycobacterium tuberculosis,2019-05-31 11:07:45,2019-05-31 13:54:01,INSTITUTE OF TROPICAL MEDICINE,Bangladesh
SAMEA5282483,ERS3089751,ERR3132233,TDR_36,36,ILLUMINA,Illumina HiSeq 2500,1773.0,Mycobacterium tuberculosis,2019-05-31 11:07:45,2019-05-31 13:54:07,INSTITUTE OF TROPICAL MEDICINE,Bangladesh
SAMEA5282484,ERS3089752,ERR3132234,TDR_37,37,ILLUMINA,Illumina HiSeq 2500,1773.0,Mycobacterium tuberculosis,2019-05-31 11:07:45,2019-05-31 13:54:09,INSTITUTE OF TROPICAL MEDICINE,Bangladesh
SAMEA5282485,ERS3089753,ERR3132235,TDR_38,38,ILLUMINA,Illumina HiSeq 2500,1773.0,Mycobacterium tuberculosis,2019-05-31 11:07:45,2019-05-31 13:54:25,INSTITUTE OF TROPICAL MEDICINE,Bangladesh
SAMEA5282486,ERS3089754,ERR3132236,TDR_39,39,ILLUMINA,Illumina HiSeq 2500,1773.0,Mycobacterium tuberculosis,2019-05-31 11:07:45,2019-05-31 13:54:32,INSTITUTE OF TROPICAL MEDICINE,Bangladesh
SAMEA5282488,ERS3089756,ERR3132238,TDR_40,40,ILLUMINA,Illumina HiSeq 2500,1773.0,Mycobacterium tuberculosis,2019-05-31 11:07:45,2019-05-31 13:54:56,INSTITUTE OF TROPICAL MEDICINE,Bangladesh
SAMEA5282489,ERS3089757,ERR3132239,TDR_41,41,ILLUMINA,Illumina HiSeq 2500,1773.0,Mycobacterium tuberculosis,2019-05-31 11:07:45,2019-05-31 13:54:53,INSTITUTE OF TROPICAL MEDICINE,Bangladesh
SAMEA5282490,ERS3089758,ERR3132240,TDR_42,42,ILLUMINA,Illumina HiSeq 2500,1773.0,Mycobacterium tuberculosis,2019-05-31 11:07:45,2019-05-31 13:55:00,INSTITUTE OF TROPICAL MEDICINE,Bangladesh
SAMEA5282491,ERS3089759,ERR3132241,TDR_43,43,ILLUMINA,Illumina HiSeq 2500,1773.0,Mycobacterium tuberculosis,2019-05-31 11:07:45,2019-05-31 13:55:18,INSTITUTE OF TROPICAL MEDICINE,Bangladesh
SAMEA5282492,ERS3089760,ERR3132242,TDR_44,44,ILLUMINA,Illumina HiSeq 2500,1773.0,Mycobacterium tuberculosis,2019-05-31 11:07:45,2019-05-31 13:55:19,INSTITUTE OF TROPICAL MEDICINE,Bangladesh
SAMEA5282493,ERS3089761,ERR3132243,TDR_45,45,ILLUMINA,Illumina HiSeq 2500,1773.0,Mycobacterium tuberculosis,2019-05-31 11:07:45,2019-05-31 13:55:16,INSTITUTE OF TROPICAL MEDICINE,Bangladesh
SAMEA5282494,ERS3089762,ERR3132244,TDR_46,46,ILLUMINA,Illumina HiSeq 2500,1773.0,Mycobacterium tuberculosis,2019-05-31 11:07:45,2019-05-31 13:55:38,INSTITUTE OF TROPICAL MEDICINE,Georgia
SAMEA5282495,ERS3089763,ERR3132245,TDR_47,47,ILLUMINA,Illumina HiSeq 2500,1773.0,Mycobacterium tuberculosis,2019-05-31 11:07:45,2019-05-31 13:55:44,INSTITUTE OF TROPICAL MEDICINE,Georgia
SAMEA5282496,ERS3089764,ERR3132246,TDR_48,48,ILLUMINA,Illumina HiSeq 2500,1773.0,Mycobacterium tuberculosis,2019-05-31 11:07:45,2019-05-31 13:55:46,INSTITUTE OF TROPICAL MEDICINE,Georgia
SAMEA5282497,ERS3089765,ERR3132247,TDR_49,49,ILLUMINA,Illumina HiSeq 2500,1773.0,Mycobacterium tuberculosis,2019-05-31 11:07:45,2019-05-31 13:56:08,INSTITUTE OF TROPICAL MEDICINE,Georgia
SAMEA5282499,ERS3089767,ERR3132249,TDR_50,50,ILLUMINA,Illumina HiSeq 2500,1773.0,Mycobacterium tuberculosis,2019-05-31 11:07:45,2019-05-31 13:56:29,INSTITUTE OF TROPICAL MEDICINE,Burundi
SAMEA5282500,ERS3089768,ERR3132250,TDR_51,51,ILLUMINA,Illumina HiSeq 2500,1773.0,Mycobacterium tuberculosis,2019-05-31 11:07:45,2019-05-31 13:56:35,INSTITUTE OF TROPICAL MEDICINE,Burundi
SAMEA5282501,ERS3089769,ERR3132251,TDR_52,52,ILLUMINA,Illumina HiSeq 2500,1773.0,Mycobacterium tuberculosis,2019-05-31 11:07:45,2019-05-31 13:56:44,INSTITUTE OF TROPICAL MEDICINE,Burundi
SAMEA5282502,ERS3089770,ERR3132252,TDR_53,53,ILLUMINA,Illumina HiSeq 2500,1773.0,Mycobacterium tuberculosis,2019-05-31 11:07:45,2019-05-31 13:56:49,INSTITUTE OF TROPICAL MEDICINE,Burundi
SAMEA5282503,ERS3089771,ERR3132253,TDR_54,54,ILLUMINA,Illumina HiSeq 2500,1773.0,Mycobacterium tuberculosis,2019-05-31 11:07:45,2019-05-31 13:56:54,INSTITUTE OF TROPICAL MEDICINE,Bangladesh
SAMEA5282504,ERS3089772,ERR3132254,TDR_55,55,ILLUMINA,Illumina HiSeq 2500,1773.0,Mycobacterium tuberculosis,2019-05-31 11:07:45,2019-05-31 13:57:09,INSTITUTE OF TROPICAL MEDICINE,Georgia
SAMEA5282505,ERS3089773,ERR3132255,TDR_56,56,ILLUMINA,Illumina HiSeq 2500,1773.0,Mycobacterium tuberculosis,2019-05-31 11:07:45,2019-05-31 13:57:21,INSTITUTE OF TROPICAL MEDICINE,Rwanda
SAMEA5282506,ERS3089774,ERR3132256,TDR_57,57,ILLUMINA,Illumina HiSeq 2500,1773.0,Mycobacterium tuberculosis,2019-05-31 11:07:45,2019-05-31 13:57:19,INSTITUTE OF TROPICAL MEDICINE,Burundi
SAMEA5282507,ERS3089775,ERR3132257,TDR_58,58,ILLUMINA,Illumina HiSeq 2500,1773.0,Mycobacterium tuberculosis,2019-05-31 11:07:45,2019-05-31 13:57:36,INSTITUTE OF TROPICAL MEDICINE,Burundi
SAMEA5282508,ERS3089776,ERR3132258,TDR_59,59,ILLUMINA,Illumina HiSeq 2500,1773.0,Mycobacterium tuberculosis,2019-05-31 11:07:45,2019-05-31 13:57:45,INSTITUTE OF TROPICAL MEDICINE,Burundi
SAMEA5282510,ERS3089778,ERR3132260,TDR_60,60,ILLUMINA,Illumina HiSeq 2500,1773.0,Mycobacterium tuberculosis,2019-05-31 11:07:45,2019-05-31 13:58:23,INSTITUTE OF TROPICAL MEDICINE,Burundi
SAMEA5282511,ERS3089779,ERR3132261,TDR_61,61,ILLUMINA,Illumina HiSeq 2500,1773.0,Mycobacterium tuberculosis,2019-05-31 11:07:45,2019-05-31 13:58:44,INSTITUTE OF TROPICAL MEDICINE,South Africa
SAMEA5282512,ERS3089780,ERR3132262,TDR_62,62,ILLUMINA,Illumina HiSeq 2500,1773.0,Mycobacterium tuberculosis,2019-05-31 11:07:45,2019-05-31 13:58:45,INSTITUTE OF TROPICAL MEDICINE,South Africa
SAMEA5282513,ERS3089781,ERR3132263,TDR_63,63,ILLUMINA,Illumina HiSeq 2500,1773.0,Mycobacterium tuberculosis,2019-05-31 11:07:45,2019-05-31 13:58:48,INSTITUTE OF TROPICAL MEDICINE,South Africa
SAMEA5282514,ERS3089782,ERR3132264,TDR_64,64,ILLUMINA,Illumina HiSeq 2500,1773.0,Mycobacterium tuberculosis,2019-05-31 11:07:45,2019-05-31 13:58:47,INSTITUTE OF TROPICAL MEDICINE,South Africa
SAMEA5282515,ERS3089783,ERR3132265,TDR_65,65,ILLUMINA,Illumina HiSeq 2500,1773.0,Mycobacterium tuberculosis,2019-05-31 11:07:45,2019-05-31 13:59:13,INSTITUTE OF TROPICAL MEDICINE,South Africa
SAMEA5282516,ERS3089784,ERR3132266,TDR_66,66,ILLUMINA,Illumina HiSeq 2500,1773.0,Mycobacterium tuberculosis,2019-05-31 11:07:45,2019-05-31 13:59:14,INSTITUTE OF TROPICAL MEDICINE,South Africa
SAMEA5282517,ERS3089785,ERR3132267,TDR_67,67,ILLUMINA,Illumina HiSeq 2500,1773.0,Mycobacterium tuberculosis,2019-05-31 11:07:45,2019-05-31 13:59:13,INSTITUTE OF TROPICAL MEDICINE,Rwanda
SAMEA5282518,ERS3089786,ERR3132268,TDR_68,68,ILLUMINA,Illumina HiSeq 2500,1773.0,Mycobacterium tuberculosis,2019-05-31 11:07:45,2019-05-31 13:59:44,INSTITUTE OF TROPICAL MEDICINE,South Korea
SAMEA5282519,ERS3089787,ERR3132269,TDR_69,69,ILLUMINA,Illumina HiSeq 2500,1773.0,Mycobacterium tuberculosis,2019-05-31 11:07:45,2019-05-31 13:59:35,INSTITUTE OF TROPICAL MEDICINE,Rwanda
SAMEA5282521,ERS3089789,ERR3132271,TDR_70,70,ILLUMINA,Illumina HiSeq 2500,1773.0,Mycobacterium tuberculosis,2019-05-31 11:07:45,2019-05-31 13:59:53,INSTITUTE OF TROPICAL MEDICINE,Rwanda
SAMEA5282522,ERS3089790,ERR3132272,TDR_71,71,ILLUMINA,Illumina HiSeq 2500,1773.0,Mycobacterium tuberculosis,2019-05-31 11:07:45,2019-05-31 14:00:03,INSTITUTE OF TROPICAL MEDICINE,Rwanda
SAMEA5282523,ERS3089791,ERR3132273,TDR_72,72,ILLUMINA,Illumina HiSeq 2500,1773.0,Mycobacterium tuberculosis,2019-05-31 11:07:46,2019-05-31 14:00:06,INSTITUTE OF TROPICAL MEDICINE,Rwanda
SAMEA5282524,ERS3089792,ERR3132274,TDR_73,73,ILLUMINA,Illumina HiSeq 2500,1773.0,Mycobacterium tuberculosis,2019-05-31 11:07:46,2019-05-31 14:00:13,INSTITUTE OF TROPICAL MEDICINE,Peru
SAMEA5282525,ERS3089793,ERR3132275,TDR_74,74,ILLUMINA,Illumina HiSeq 2500,1773.0,Mycobacterium tuberculosis,2019-05-31 11:07:46,2019-05-31 14:00:24,INSTITUTE OF TROPICAL MEDICINE,Rwanda
SAMEA5282526,ERS3089794,ERR3132276,TDR_75,75,ILLUMINA,Illumina HiSeq 2500,1773.0,Mycobacterium tuberculosis,2019-05-31 11:07:46,2019-05-31 14:00:24,INSTITUTE OF TROPICAL MEDICINE,Rwanda
SAMEA5282527,ERS3089795,ERR3132277,TDR_76,76,ILLUMINA,Illumina HiSeq 2500,1773.0,Mycobacterium tuberculosis,2019-05-31 11:07:46,2019-05-31 14:00:42,INSTITUTE OF TROPICAL MEDICINE,South Korea
SAMEA5282528,ERS3089796,ERR3132278,TDR_77,77,ILLUMINA,Illumina HiSeq 2500,1773.0,Mycobacterium tuberculosis,2019-05-31 11:07:46,2019-05-31 14:00:40,INSTITUTE OF TROPICAL MEDICINE,South Korea
SAMEA5282529,ERS3089797,ERR3132279,TDR_78,78,ILLUMINA,Illumina HiSeq 2500,1773.0,Mycobacterium tuberculosis,2019-05-31 11:07:46,2019-05-31 14:01:01,INSTITUTE OF TROPICAL MEDICINE,South Korea
SAMEA5282530,ERS3089798,ERR3132280,TDR_79,79,ILLUMINA,Illumina HiSeq 2500,1773.0,Mycobacterium tuberculosis,2019-05-31 11:07:46,2019-05-31 14:01:09,INSTITUTE OF TROPICAL MEDICINE,South Korea
SAMEA5282532,ERS3089800,ERR3132282,TDR_80,80,ILLUMINA,Illumina HiSeq 2500,1773.0,Mycobacterium tuberculosis,2019-05-31 11:07:46,2019-05-31 14:01:29,INSTITUTE OF TROPICAL MEDICINE,South Korea
SAMEA5282533,ERS3089801,ERR3132283,TDR_81,81,ILLUMINA,Illumina HiSeq 2500,1773.0,Mycobacterium tuberculosis,2019-05-31 11:07:46,2019-05-31 14:01:27,INSTITUTE OF TROPICAL MEDICINE,South Korea
SAMEA5282534,ERS3089802,ERR3132284,TDR_82,82,ILLUMINA,Illumina HiSeq 2500,1773.0,Mycobacterium tuberculosis,2019-05-31 11:07:46,2019-05-31 14:01:30,INSTITUTE OF TROPICAL MEDICINE,South Korea
SAMEA5282535,ERS3089803,ERR3132285,TDR_83,83,ILLUMINA,Illumina HiSeq 2500,1773.0,Mycobacterium tuberculosis,2019-05-31 11:07:46,2019-05-31 14:01:51,INSTITUTE OF TROPICAL MEDICINE,South Korea
SAMEA5282536,ERS3089804,ERR3132286,TDR_84,84,ILLUMINA,Illumina HiSeq 2500,1773.0,Mycobacterium tuberculosis,2019-05-31 11:07:46,2019-05-31 14:01:52,INSTITUTE OF TROPICAL MEDICINE,South Korea
SAMEA5282537,ERS3089805,ERR3132287,TDR_85,85,ILLUMINA,Illumina HiSeq 2500,1773.0,Mycobacterium tuberculosis,2019-05-31 11:07:46,2019-05-31 14:01:51,INSTITUTE OF TROPICAL MEDICINE,South Korea
SAMEA5282538,ERS3089806,ERR3132288,TDR_86,86,ILLUMINA,Illumina HiSeq 2500,1773.0,Mycobacterium tuberculosis,2019-05-31 11:07:46,2019-05-31 14:02:11,INSTITUTE OF TROPICAL MEDICINE,South Korea
SAMEA5282539,ERS3089807,ERR3132289,TDR_87,87,ILLUMINA,Illumina HiSeq 2500,1773.0,Mycobacterium tuberculosis,2019-05-31 11:07:46,2019-05-31 14:02:33,INSTITUTE OF TROPICAL MEDICINE,South Korea
SAMEA5282540,ERS3089808,ERR3132290,TDR_88,88,ILLUMINA,Illumina HiSeq 2500,1773.0,Mycobacterium tuberculosis,2019-05-31 11:07:46,2019-05-31 14:02:32,INSTITUTE OF TROPICAL MEDICINE,South Korea
SAMEA5282541,ERS3089809,ERR3132291,TDR_89,89,ILLUMINA,Illumina HiSeq 2500,1773.0,Mycobacterium tuberculosis,2019-05-31 11:07:46,2019-05-31 14:02:40,INSTITUTE OF TROPICAL MEDICINE,South Korea
SAMEA5282543,ERS3089811,ERR3132293,TDR_90,90,ILLUMINA,Illumina HiSeq 2500,1773.0,Mycobacterium tuberculosis,2019-05-31 11:07:46,2019-05-31 14:03:15,INSTITUTE OF TROPICAL MEDICINE,South Korea
SAMEA5282544,ERS3089812,ERR3132294,TDR_91,91,ILLUMINA,Illumina HiSeq 2500,1773.0,Mycobacterium tuberculosis,2019-05-31 11:07:46,2019-05-31 14:03:22,INSTITUTE OF TROPICAL MEDICINE,South Korea
SAMEA5282545,ERS3089813,ERR3132295,TDR_92,92,ILLUMINA,Illumina HiSeq 2500,1773.0,Mycobacterium tuberculosis,2019-05-31 11:07:46,2019-05-31 14:03:20,INSTITUTE OF TROPICAL MEDICINE,South Korea
SAMEA5282546,ERS3089814,ERR3132296,TDR_93,93,ILLUMINA,Illumina HiSeq 2500,1773.0,Mycobacterium tuberculosis,2019-05-31 11:07:46,2019-05-31 14:03:41,INSTITUTE OF TROPICAL MEDICINE,South Korea
SAMEA5282547,ERS3089815,ERR3132297,TDR_94,94,ILLUMINA,Illumina HiSeq 2500,1773.0,Mycobacterium tuberculosis,2019-05-31 11:07:46,2019-05-31 14:03:40,INSTITUTE OF TROPICAL MEDICINE,South Korea
SAMEA5282548,ERS3089816,ERR3132298,TDR_95,95,ILLUMINA,Illumina HiSeq 2500,1773.0,Mycobacterium tuberculosis,2019-05-31 11:07:46,2019-05-31 14:03:44,INSTITUTE OF TROPICAL MEDICINE,South Korea
SAMEA5282549,ERS3089817,ERR3132299,TDR_96,96,ILLUMINA,Illumina HiSeq 2500,1773.0,Mycobacterium tuberculosis,2019-05-31 11:07:46,2019-05-31 14:04:44,INSTITUTE OF TROPICAL MEDICINE,South Korea
SAMEA5282550,ERS3089818,ERR3132300,TDR_97,97,ILLUMINA,Illumina HiSeq 2500,1773.0,Mycobacterium tuberculosis,2019-05-31 11:07:46,2019-05-31 14:04:50,INSTITUTE OF TROPICAL MEDICINE,South Korea
SAMEA5282551,ERS3089819,ERR3132301,TDR_98,98,ILLUMINA,Illumina HiSeq 2500,1773.0,Mycobacterium tuberculosis,2019-05-31 11:07:46,2019-05-31 14:05:24,INSTITUTE OF TROPICAL MEDICINE,South Korea
SAMEA5282552,ERS3089820,ERR3132302,TDR_99,99,ILLUMINA,Illumina HiSeq 2500,1773.0,Mycobacterium tuberculosis,2019-05-31 11:07:46,2019-05-31 14:05:07,INSTITUTE OF TROPICAL MEDICINE,South Korea
SAMEA5282324,ERS3089592,ERR3132074,TDR_100,100,ILLUMINA,Illumina HiSeq 2500,1773.0,Mycobacterium tuberculosis,2019-05-31 11:07:43,2019-05-31 13:31:11,INSTITUTE OF TROPICAL MEDICINE,South Korea
SAMEA5282325,ERS3089593,ERR3132075,TDR_101,101,ILLUMINA,Illumina HiSeq 2500,1773.0,Mycobacterium tuberculosis,2019-05-31 11:07:43,2019-05-31 13:31:29,INSTITUTE OF TROPICAL MEDICINE,Rwanda
SAMEA5282326,ERS3089594,ERR3132076,TDR_102,102,ILLUMINA,Illumina HiSeq 2500,1773.0,Mycobacterium tuberculosis,2019-05-31 11:07:43,2019-05-31 13:31:32,INSTITUTE OF TROPICAL MEDICINE,South Korea
SAMEA5282327,ERS3089595,ERR3132077,TDR_103,103,ILLUMINA,Illumina HiSeq 2500,1773.0,Mycobacterium tuberculosis,2019-05-31 11:07:43,2019-05-31 13:31:46,INSTITUTE OF TROPICAL MEDICINE,South Korea
SAMEA5282328,ERS3089596,ERR3132078,TDR_104,104,ILLUMINA,Illumina HiSeq 2500,1773.0,Mycobacterium tuberculosis,2019-05-31 11:07:43,2019-05-31 13:31:45,INSTITUTE OF TROPICAL MEDICINE,South Korea
SAMEA5282329,ERS3089597,ERR3132079,TDR_105,105,ILLUMINA,Illumina HiSeq 2500,1773.0,Mycobacterium tuberculosis,2019-05-31 11:07:43,2019-05-31 13:31:56,INSTITUTE OF TROPICAL MEDICINE,South Korea
SAMEA5282330,ERS3089598,ERR3132080,TDR_106,106,ILLUMINA,Illumina HiSeq 2500,1773.0,Mycobacterium tuberculosis,2019-05-31 11:07:43,2019-05-31 13:32:08,INSTITUTE OF TROPICAL MEDICINE,South Korea
SAMEA5282331,ERS3089599,ERR3132081,TDR_107,107,ILLUMINA,Illumina HiSeq 2500,1773.0,Mycobacterium tuberculosis,2019-05-31 11:07:43,2019-05-31 13:32:13,INSTITUTE OF TROPICAL MEDICINE,South Korea
SAMEA5282332,ERS3089600,ERR3132082,TDR_108,108,ILLUMINA,Illumina HiSeq 2500,1773.0,Mycobacterium tuberculosis,2019-05-31 11:07:43,2019-05-31 13:32:23,INSTITUTE OF TROPICAL MEDICINE,South Korea
SAMEA5282333,ERS3089601,ERR3132083,TDR_109,109,ILLUMINA,Illumina HiSeq 2500,1773.0,Mycobacterium tuberculosis,2019-05-31 11:07:43,2019-05-31 13:32:50,INSTITUTE OF TROPICAL MEDICINE,South Korea
SAMEA5282335,ERS3089603,ERR3132085,TDR_110,110,ILLUMINA,Illumina HiSeq 2500,1773.0,Mycobacterium tuberculosis,2019-05-31 11:07:43,2019-05-31 13:32:50,INSTITUTE OF TROPICAL MEDICINE,South Korea
SAMEA5282336,ERS3089604,ERR3132086,TDR_111,111,ILLUMINA,Illumina HiSeq 2500,1773.0,Mycobacterium tuberculosis,2019-05-31 11:07:43,2019-05-31 13:33:12,INSTITUTE OF TROPICAL MEDICINE,Rwanda
SAMEA5282337,ERS3089605,ERR3132087,TDR_112,112,ILLUMINA,Illumina HiSeq 2500,1773.0,Mycobacterium tuberculosis,2019-05-31 11:07:43,2019-05-31 13:33:32,INSTITUTE OF TROPICAL MEDICINE,South Korea
SAMEA5282338,ERS3089606,ERR3132088,TDR_113,113,ILLUMINA,Illumina HiSeq 2500,1773.0,Mycobacterium tuberculosis,2019-05-31 11:07:43,2019-05-31 13:33:46,INSTITUTE OF TROPICAL MEDICINE,South Korea
SAMEA5282339,ERS3089607,ERR3132089,TDR_114,114,ILLUMINA,Illumina HiSeq 2500,1773.0,Mycobacterium tuberculosis,2019-05-31 11:07:43,2019-05-31 13:33:46,INSTITUTE OF TROPICAL MEDICINE,Rwanda
SAMEA5282340,ERS3089608,ERR3132090,TDR_115,115,ILLUMINA,Illumina HiSeq 2500,1773.0,Mycobacterium tuberculosis,2019-05-31 11:07:43,2019-05-31 13:33:57,INSTITUTE OF TROPICAL MEDICINE,Rwanda
SAMEA5282341,ERS3089609,ERR3132091,TDR_116,116,ILLUMINA,Illumina HiSeq 2500,1773.0,Mycobacterium tuberculosis,2019-05-31 11:07:43,2019-05-31 13:34:06,INSTITUTE OF TROPICAL MEDICINE,South Korea
SAMEA5282342,ERS3089610,ERR3132092,TDR_117,117,ILLUMINA,Illumina HiSeq 2500,1773.0,Mycobacterium tuberculosis,2019-05-31 11:07:43,2019-05-31 13:34:07,INSTITUTE OF TROPICAL MEDICINE,South Korea
SAMEA5282343,ERS3089611,ERR3132093,TDR_118,118,ILLUMINA,Illumina HiSeq 2500,1773.0,Mycobacterium tuberculosis,2019-05-31 11:07:43,2019-05-31 13:34:29,INSTITUTE OF TROPICAL MEDICINE,South Korea
SAMEA5282344,ERS3089612,ERR3132094,TDR_119,119,ILLUMINA,Illumina HiSeq 2500,1773.0,Mycobacterium tuberculosis,2019-05-31 11:07:43,2019-05-31 13:34:32,INSTITUTE OF TROPICAL MEDICINE,South Korea
SAMEA5282346,ERS3089614,ERR3132096,TDR_120,120,ILLUMINA,Illumina HiSeq 2500,1773.0,Mycobacterium tuberculosis,2019-05-31 11:07:43,2019-05-31 13:34:52,INSTITUTE OF TROPICAL MEDICINE,South Korea
SAMEA5282347,ERS3089615,ERR3132097,TDR_121,121,ILLUMINA,Illumina HiSeq 2500,1773.0,Mycobacterium tuberculosis,2019-05-31 11:07:43,2019-05-31 13:34:56,INSTITUTE OF TROPICAL MEDICINE,South Korea
SAMEA5282348,ERS3089616,ERR3132098,TDR_122,122,ILLUMINA,Illumina HiSeq 2500,1773.0,Mycobacterium tuberculosis,2019-05-31 11:07:43,2019-05-31 13:34:51,INSTITUTE OF TROPICAL MEDICINE,South Korea
SAMEA5282349,ERS3089617,ERR3132099,TDR_123,123,ILLUMINA,Illumina HiSeq 2500,1773.0,Mycobacterium tuberculosis,2019-05-31 11:07:43,2019-05-31 13:35:16,INSTITUTE OF TROPICAL MEDICINE,South Korea
SAMEA5282350,ERS3089618,ERR3132100,TDR_124,124,ILLUMINA,Illumina HiSeq 2500,1773.0,Mycobacterium tuberculosis,2019-05-31 11:07:43,2019-05-31 13:35:18,INSTITUTE OF TROPICAL MEDICINE,South Korea
SAMEA5282351,ERS3089619,ERR3132101,TDR_125,125,ILLUMINA,Illumina HiSeq 2500,1773.0,Mycobacterium tuberculosis,2019-05-31 11:07:43,2019-05-31 13:35:20,INSTITUTE OF TROPICAL MEDICINE,Brasil
SAMEA5282352,ERS3089620,ERR3132102,TDR_126,126,ILLUMINA,Illumina HiSeq 2500,1773.0,Mycobacterium tuberculosis,2019-05-31 11:07:43,2019-05-31 13:35:43,INSTITUTE OF TROPICAL MEDICINE,Brasil
SAMEA5282353,ERS3089621,ERR3132103,TDR_127,127,ILLUMINA,Illumina HiSeq 2500,1773.0,Mycobacterium tuberculosis,2019-05-31 11:07:43,2019-05-31 13:35:45,INSTITUTE OF TROPICAL MEDICINE,Brasil
SAMEA5282354,ERS3089622,ERR3132104,TDR_128,128,ILLUMINA,Illumina HiSeq 2500,1773.0,Mycobacterium tuberculosis,2019-05-31 11:07:43,2019-05-31 13:35:43,INSTITUTE OF TROPICAL MEDICINE,Brasil
SAMEA5282355,ERS3089623,ERR3132105,TDR_129,129,ILLUMINA,Illumina HiSeq 2500,1773.0,Mycobacterium tuberculosis,2019-05-31 11:07:43,2019-05-31 13:36:07,INSTITUTE OF TROPICAL MEDICINE,Brasil
SAMEA5282357,ERS3089625,ERR3132107,TDR_130,130,ILLUMINA,Illumina HiSeq 2500,1773.0,Mycobacterium tuberculosis,2019-05-31 11:07:43,2019-05-31 13:36:12,INSTITUTE OF TROPICAL MEDICINE,Brasil
SAMEA5282358,ERS3089626,ERR3132108,TDR_131,131,ILLUMINA,Illumina HiSeq 2500,1773.0,Mycobacterium tuberculosis,2019-05-31 11:07:43,2019-05-31 13:36:29,INSTITUTE OF TROPICAL MEDICINE,Brasil
SAMEA5282359,ERS3089627,ERR3132109,TDR_132,132,ILLUMINA,Illumina HiSeq 2500,1773.0,Mycobacterium tuberculosis,2019-05-31 11:07:43,2019-05-31 13:36:53,INSTITUTE OF TROPICAL MEDICINE,Brasil
SAMEA5282360,ERS3089628,ERR3132110,TDR_133,133,ILLUMINA,Illumina HiSeq 2500,1773.0,Mycobacterium tuberculosis,2019-05-31 11:07:43,2019-05-31 13:36:37,INSTITUTE OF TROPICAL MEDICINE,Brasil
SAMEA5282361,ERS3089629,ERR3132111,TDR_134,134,ILLUMINA,Illumina HiSeq 2500,1773.0,Mycobacterium tuberculosis,2019-05-31 11:07:43,2019-05-31 13:36:56,INSTITUTE OF TROPICAL MEDICINE,Rwanda
SAMEA5282362,ERS3089630,ERR3132112,TDR_135,135,ILLUMINA,Illumina HiSeq 2500,1773.0,Mycobacterium tuberculosis,2019-05-31 11:07:43,2019-05-31 13:37:11,INSTITUTE OF TROPICAL MEDICINE,South Korea
SAMEA5282363,ERS3089631,ERR3132113,TDR_136,136,ILLUMINA,Illumina HiSeq 2500,1773.0,Mycobacterium tuberculosis,2019-05-31 11:07:43,2019-05-31 13:37:16,INSTITUTE OF TROPICAL MEDICINE,Germany
SAMEA5282364,ERS3089632,ERR3132114,TDR_137,137,ILLUMINA,Illumina HiSeq 2500,1773.0,Mycobacterium tuberculosis,2019-05-31 11:07:43,2019-05-31 13:37:45,INSTITUTE OF TROPICAL MEDICINE,Germany
SAMEA5282365,ERS3089633,ERR3132115,TDR_138,138,ILLUMINA,Illumina HiSeq 2500,1773.0,Mycobacterium tuberculosis,2019-05-31 11:07:43,2019-05-31 13:37:40,INSTITUTE OF TROPICAL MEDICINE,Germany
SAMEA5282366,ERS3089634,ERR3132116,TDR_139,139,ILLUMINA,Illumina HiSeq 2500,1773.0,Mycobacterium tuberculosis,2019-05-31 11:07:43,2019-05-31 13:37:44,INSTITUTE OF TROPICAL MEDICINE,Germany
SAMEA5282368,ERS3089636,ERR3132118,TDR_140,140,ILLUMINA,Illumina HiSeq 2500,1773.0,Mycobacterium tuberculosis,2019-05-31 11:07:43,2019-05-31 13:38:06,INSTITUTE OF TROPICAL MEDICINE,Germany
SAMEA5282369,ERS3089637,ERR3132119,TDR_141,141,ILLUMINA,Illumina HiSeq 2500,1773.0,Mycobacterium tuberculosis,2019-05-31 11:07:43,2019-05-31 13:38:07,INSTITUTE OF TROPICAL MEDICINE,Germany
SAMEA5282370,ERS3089638,ERR3132120,TDR_142,142,ILLUMINA,Illumina HiSeq 2500,1773.0,Mycobacterium tuberculosis,2019-05-31 11:07:43,2019-05-31 13:38:22,INSTITUTE OF TROPICAL MEDICINE,Germany
SAMEA5282371,ERS3089639,ERR3132121,TDR_143,143,ILLUMINA,Illumina HiSeq 2500,1773.0,Mycobacterium tuberculosis,2019-05-31 11:07:43,2019-05-31 13:38:48,INSTITUTE OF TROPICAL MEDICINE,Germany
SAMEA5282372,ERS3089640,ERR3132122,TDR_144,144,ILLUMINA,Illumina HiSeq 2500,1773.0,Mycobacterium tuberculosis,2019-05-31 11:07:43,2019-05-31 13:38:23,INSTITUTE OF TROPICAL MEDICINE,Germany
SAMEA5282373,ERS3089641,ERR3132123,TDR_145,145,ILLUMINA,Illumina HiSeq 2500,1773.0,Mycobacterium tuberculosis,2019-05-31 11:07:43,2019-05-31 13:38:46,INSTITUTE OF TROPICAL MEDICINE,Ukraine
SAMEA5282374,ERS3089642,ERR3132124,TDR_146,146,ILLUMINA,Illumina HiSeq 2500,1773.0,Mycobacterium tuberculosis,2019-05-31 11:07:43,2019-05-31 13:38:48,INSTITUTE OF TROPICAL MEDICINE,Nepal
SAMEA5282375,ERS3089643,ERR3132125,TDR_147,147,ILLUMINA,Illumina HiSeq 2500,1773.0,Mycobacterium tuberculosis,2019-05-31 11:07:43,2019-05-31 13:39:08,INSTITUTE OF TROPICAL MEDICINE,Nepal
SAMEA5282376,ERS3089644,ERR3132126,TDR_148,148,ILLUMINA,Illumina HiSeq 2500,1773.0,Mycobacterium tuberculosis,2019-05-31 11:07:43,2019-05-31 13:39:20,INSTITUTE OF TROPICAL MEDICINE,Nepal
SAMEA5282377,ERS3089645,ERR3132127,TDR_149,149,ILLUMINA,Illumina HiSeq 2500,1773.0,Mycobacterium tuberculosis,2019-05-31 11:07:44,2019-05-31 13:39:07,INSTITUTE OF TROPICAL MEDICINE,Nepal
SAMEA5282379,ERS3089647,ERR3132129,TDR_150,150,ILLUMINA,Illumina HiSeq 2500,1773.0,Mycobacterium tuberculosis,2019-05-31 11:07:44,2019-05-31 13:39:32,INSTITUTE OF TROPICAL MEDICINE,Rwanda
SAMEA5282380,ERS3089648,ERR3132130,TDR_151,151,ILLUMINA,Illumina HiSeq 2500,1773.0,Mycobacterium tuberculosis,2019-05-31 11:07:44,2019-05-31 13:39:43,INSTITUTE OF TROPICAL MEDICINE,Rwanda
SAMEA5282381,ERS3089649,ERR3132131,TDR_152,152,ILLUMINA,Illumina HiSeq 2500,1773.0,Mycobacterium tuberculosis,2019-05-31 11:07:44,2019-05-31 13:39:48,INSTITUTE OF TROPICAL MEDICINE,Rwanda
SAMEA5282382,ERS3089650,ERR3132132,TDR_153,153,ILLUMINA,Illumina HiSeq 2500,1773.0,Mycobacterium tuberculosis,2019-05-31 11:07:44,2019-05-31 13:39:54,INSTITUTE OF TROPICAL MEDICINE,Rwanda
SAMEA5282383,ERS3089651,ERR3132133,TDR_154,154,ILLUMINA,Illumina HiSeq 2500,1773.0,Mycobacterium tuberculosis,2019-05-31 11:07:44,2019-05-31 13:40:02,INSTITUTE OF TROPICAL MEDICINE,South Korea
SAMEA5282384,ERS3089652,ERR3132134,TDR_155,155,ILLUMINA,Illumina HiSeq 2500,1773.0,Mycobacterium tuberculosis,2019-05-31 11:07:44,2019-05-31 13:40:06,INSTITUTE OF TROPICAL MEDICINE,Colombia
SAMEA5282385,ERS3089653,ERR3132135,TDR_156,156,ILLUMINA,Illumina HiSeq 2500,1773.0,Mycobacterium tuberculosis,2019-05-31 11:07:44,2019-05-31 13:40:11,INSTITUTE OF TROPICAL MEDICINE,Peru
SAMEA5282386,ERS3089654,ERR3132136,TDR_157,157,ILLUMINA,Illumina HiSeq 2500,1773.0,Mycobacterium tuberculosis,2019-05-31 11:07:44,2019-05-31 13:40:20,INSTITUTE OF TROPICAL MEDICINE,Peru
SAMEA5282387,ERS3089655,ERR3132137,TDR_158,158,ILLUMINA,Illumina HiSeq 2500,1773.0,Mycobacterium tuberculosis,2019-05-31 11:07:44,2019-05-31 13:40:30,INSTITUTE OF TROPICAL MEDICINE,Peru
SAMEA5282388,ERS3089656,ERR3132138,TDR_159,159,ILLUMINA,Illumina HiSeq 2500,1773.0,Mycobacterium tuberculosis,2019-05-31 11:07:44,2019-05-31 13:40:37,INSTITUTE OF TROPICAL MEDICINE,Peru
SAMEA5282390,ERS3089658,ERR3132140,TDR_160,160,ILLUMINA,Illumina HiSeq 2500,1773.0,Mycobacterium tuberculosis,2019-05-31 11:07:44,2019-05-31 13:40:49,INSTITUTE OF TROPICAL MEDICINE,Peru
SAMEA5282391,ERS3089659,ERR3132141,TDR_161,161,ILLUMINA,Illumina HiSeq 2500,1773.0,Mycobacterium tuberculosis,2019-05-31 11:07:44,2019-05-31 13:40:57,INSTITUTE OF TROPICAL MEDICINE,Peru
SAMEA5282392,ERS3089660,ERR3132142,TDR_162,162,ILLUMINA,Illumina HiSeq 2500,1773.0,Mycobacterium tuberculosis,2019-05-31 11:07:44,2019-05-31 13:41:06,INSTITUTE OF TROPICAL MEDICINE,Rwanda
SAMEA5282393,ERS3089661,ERR3132143,TDR_163,163,ILLUMINA,Illumina HiSeq 2500,1773.0,Mycobacterium tuberculosis,2019-05-31 11:07:44,2019-05-31 13:41:12,INSTITUTE OF TROPICAL MEDICINE,Peru
SAMEA5282394,ERS3089662,ERR3132144,TDR_164,164,ILLUMINA,Illumina HiSeq 2500,1773.0,Mycobacterium tuberculosis,2019-05-31 11:07:44,2019-05-31 13:41:20,INSTITUTE OF TROPICAL MEDICINE,Peru
SAMEA5282395,ERS3089663,ERR3132145,TDR_165,165,ILLUMINA,Illumina HiSeq 2500,1773.0,Mycobacterium tuberculosis,2019-05-31 11:07:44,2019-05-31 13:41:25,INSTITUTE OF TROPICAL MEDICINE,Peru
SAMEA5282396,ERS3089664,ERR3132146,TDR_166,166,ILLUMINA,Illumina HiSeq 2500,1773.0,Mycobacterium tuberculosis,2019-05-31 11:07:44,2019-05-31 13:41:34,INSTITUTE OF TROPICAL MEDICINE,Peru
SAMEA5282397,ERS3089665,ERR3132147,TDR_167,167,ILLUMINA,Illumina HiSeq 2500,1773.0,Mycobacterium tuberculosis,2019-05-31 11:07:44,2019-05-31 13:41:40,INSTITUTE OF TROPICAL MEDICINE,Peru
SAMEA5282398,ERS3089666,ERR3132148,TDR_168,168,ILLUMINA,Illumina HiSeq 2500,1773.0,Mycobacterium tuberculosis,2019-05-31 11:07:44,2019-05-31 13:41:49,INSTITUTE OF TROPICAL MEDICINE,Peru
SAMEA5282399,ERS3089667,ERR3132149,TDR_169,169,ILLUMINA,Illumina HiSeq 2500,1773.0,Mycobacterium tuberculosis,2019-05-31 11:07:44,2019-05-31 13:41:57,INSTITUTE OF TROPICAL MEDICINE,Peru
SAMEA5282401,ERS3089669,ERR3132151,TDR_170,170,ILLUMINA,Illumina HiSeq 2500,1773.0,Mycobacterium tuberculosis,2019-05-31 11:07:44,2019-05-31 13:42:10,INSTITUTE OF TROPICAL MEDICINE,Peru
SAMEA5282402,ERS3089670,ERR3132152,TDR_171,171,ILLUMINA,Illumina HiSeq 2500,1773.0,Mycobacterium tuberculosis,2019-05-31 11:07:44,2019-05-31 13:42:24,INSTITUTE OF TROPICAL MEDICINE,Peru
SAMEA5282403,ERS3089671,ERR3132153,TDR_172,172,ILLUMINA,Illumina HiSeq 2500,1773.0,Mycobacterium tuberculosis,2019-05-31 11:07:44,2019-05-31 13:42:32,INSTITUTE OF TROPICAL MEDICINE,Peru
SAMEA5282404,ERS3089672,ERR3132154,TDR_173,173,ILLUMINA,Illumina HiSeq 2500,1773.0,Mycobacterium tuberculosis,2019-05-31 11:07:44,2019-05-31 13:42:46,INSTITUTE OF TROPICAL MEDICINE,Philippines
SAMEA5282405,ERS3089673,ERR3132155,TDR_174,174,ILLUMINA,Illumina HiSeq 2500,1773.0,Mycobacterium tuberculosis,2019-05-31 11:07:44,2019-05-31 13:42:49,INSTITUTE OF TROPICAL MEDICINE,Philippines
SAMEA5282406,ERS3089674,ERR3132156,TDR_175,175,ILLUMINA,Illumina HiSeq 2500,1773.0,Mycobacterium tuberculosis,2019-05-31 11:07:44,2019-05-31 13:42:55,INSTITUTE OF TROPICAL MEDICINE,Philippines
SAMEA5282407,ERS3089675,ERR3132157,TDR_176,176,ILLUMINA,Illumina HiSeq 2500,1773.0,Mycobacterium tuberculosis,2019-05-31 11:07:44,2019-05-31 13:43:24,INSTITUTE OF TROPICAL MEDICINE,Philippines
SAMEA5282408,ERS3089676,ERR3132158,TDR_177,177,ILLUMINA,Illumina HiSeq 2500,1773.0,Mycobacterium tuberculosis,2019-05-31 11:07:44,2019-05-31 13:43:50,INSTITUTE OF TROPICAL MEDICINE,Spain
SAMEA5282409,ERS3089677,ERR3132159,TDR_178,178,ILLUMINA,Illumina HiSeq 2500,1773.0,Mycobacterium tuberculosis,2019-05-31 11:07:44,2019-05-31 15:03:48,INSTITUTE OF TROPICAL MEDICINE,Guinea
SAMEA5282410,ERS3089678,ERR3132160,TDR_179,179,ILLUMINA,Illumina HiSeq 2500,1773.0,Mycobacterium tuberculosis,2019-05-31 11:07:44,2019-05-31 15:04:08,INSTITUTE OF TROPICAL MEDICINE,Marocco
SAMEA5282412,ERS3089680,ERR3132162,TDR_180,180,ILLUMINA,Illumina HiSeq 2500,1773.0,Mycobacterium tuberculosis,2019-05-31 11:07:44,2019-05-31 15:04:43,INSTITUTE OF TROPICAL MEDICINE,Germany
SAMEA5282413,ERS3089681,ERR3132163,TDR_181,181,ILLUMINA,Illumina HiSeq 2500,1773.0,Mycobacterium tuberculosis,2019-05-31 11:07:44,2019-05-31 15:05:30,INSTITUTE OF TROPICAL MEDICINE,Marocco
SAMEA5282414,ERS3089682,ERR3132164,TDR_182,182,ILLUMINA,Illumina HiSeq 2500,1773.0,Mycobacterium tuberculosis,2019-05-31 11:07:44,2019-05-31 15:05:29,INSTITUTE OF TROPICAL MEDICINE,Camerun
SAMEA5282415,ERS3089683,ERR3132165,TDR_183,183,ILLUMINA,Illumina HiSeq 2500,1773.0,Mycobacterium tuberculosis,2019-05-31 11:07:44,2019-05-31 13:44:45,INSTITUTE OF TROPICAL MEDICINE,Guinea Eq.
SAMEA5282416,ERS3089684,ERR3132166,TDR_184,184,ILLUMINA,Illumina HiSeq 2500,1773.0,Mycobacterium tuberculosis,2019-05-31 11:07:44,2019-05-31 13:44:46,INSTITUTE OF TROPICAL MEDICINE,Pakistan
SAMEA5282417,ERS3089685,ERR3132167,TDR_185,185,ILLUMINA,Illumina HiSeq 2500,1773.0,Mycobacterium tuberculosis,2019-05-31 11:07:44,2019-05-31 13:44:46,INSTITUTE OF TROPICAL MEDICINE,Nigeria
SAMEA5282418,ERS3089686,ERR3132168,TDR_186,186,ILLUMINA,Illumina HiSeq 2500,1773.0,Mycobacterium tuberculosis,2019-05-31 11:07:44,2019-05-31 13:44:58,INSTITUTE OF TROPICAL MEDICINE,Marocco
SAMEA5282419,ERS3089687,ERR3132169,TDR_187,187,ILLUMINA,Illumina HiSeq 2500,1773.0,Mycobacterium tuberculosis,2019-05-31 11:07:44,2019-05-31 13:45:15,INSTITUTE OF TROPICAL MEDICINE,Marocco
SAMEA5282420,ERS3089688,ERR3132170,TDR_188,188,ILLUMINA,Illumina HiSeq 2500,1773.0,Mycobacterium tuberculosis,2019-05-31 11:07:44,2019-05-31 13:45:12,INSTITUTE OF TROPICAL MEDICINE,Pakistan
SAMEA5282421,ERS3089689,ERR3132171,TDR_189,189,ILLUMINA,Illumina HiSeq 2500,1773.0,Mycobacterium tuberculosis,2019-05-31 11:07:44,2019-05-31 13:45:26,INSTITUTE OF TROPICAL MEDICINE,China (Tibet)
SAMEA5282423,ERS3089691,ERR3132173,TDR_190,190,ILLUMINA,Illumina HiSeq 2500,1773.0,Mycobacterium tuberculosis,2019-05-31 11:07:44,2019-05-31 13:45:37,INSTITUTE OF TROPICAL MEDICINE,Spain
SAMEA5282424,ERS3089692,ERR3132174,TDR_191,191,ILLUMINA,Illumina HiSeq 2500,1773.0,Mycobacterium tuberculosis,2019-05-31 11:07:44,2019-05-31 13:45:46,INSTITUTE OF TROPICAL MEDICINE,Peru
SAMEA5282425,ERS3089693,ERR3132175,TDR_192,192,ILLUMINA,Illumina HiSeq 2500,1773.0,Mycobacterium tuberculosis,2019-05-31 11:07:44,2019-05-31 13:46:01,INSTITUTE OF TROPICAL MEDICINE,Guinea
SAMEA5282426,ERS3089694,ERR3132176,TDR_193,193,ILLUMINA,Illumina HiSeq 2500,1773.0,Mycobacterium tuberculosis,2019-05-31 11:07:44,2019-05-31 13:46:07,INSTITUTE OF TROPICAL MEDICINE,Portugal
SAMEA5282427,ERS3089695,ERR3132177,TDR_194,194,ILLUMINA,Illumina HiSeq 2500,1773.0,Mycobacterium tuberculosis,2019-05-31 11:07:44,2019-05-31 13:46:11,INSTITUTE OF TROPICAL MEDICINE,Rep. Domin.
SAMEA5282428,ERS3089696,ERR3132178,TDR_195,195,ILLUMINA,Illumina HiSeq 2500,1773.0,Mycobacterium tuberculosis,2019-05-31 11:07:44,2019-05-31 13:46:23,INSTITUTE OF TROPICAL MEDICINE,Marocco
SAMEA5282429,ERS3089697,ERR3132179,TDR_196,196,ILLUMINA,Illumina HiSeq 2500,1773.0,Mycobacterium tuberculosis,2019-05-31 11:07:44,2019-05-31 13:46:29,INSTITUTE OF TROPICAL MEDICINE,India
SAMEA5282430,ERS3089698,ERR3132180,TDR_197,197,ILLUMINA,Illumina HiSeq 2500,1773.0,Mycobacterium tuberculosis,2019-05-31 11:07:44,2019-05-31 13:46:32,INSTITUTE OF TROPICAL MEDICINE,Peru
SAMEA5282431,ERS3089699,ERR3132181,TDR_198,198,ILLUMINA,Illumina HiSeq 2500,1773.0,Mycobacterium tuberculosis,2019-05-31 11:07:44,2019-05-31 13:46:43,INSTITUTE OF TROPICAL MEDICINE,Peru
SAMEA5282432,ERS3089700,ERR3132182,TDR_199,199,ILLUMINA,Illumina HiSeq 2500,1773.0,Mycobacterium tuberculosis,2019-05-31 11:07:44,2019-05-31 13:46:54,INSTITUTE OF TROPICAL MEDICINE,Peru
SAMEA5282435,ERS3089703,ERR3132185,TDR_200,200,ILLUMINA,Illumina HiSeq 2500,1773.0,Mycobacterium tuberculosis,2019-05-31 11:07:44,2019-05-31 13:47:18,INSTITUTE OF TROPICAL MEDICINE,Peru
SAMEA5282436,ERS3089704,ERR3132186,TDR_201,201,ILLUMINA,Illumina HiSeq 2500,1773.0,Mycobacterium tuberculosis,2019-05-31 11:07:44,2019-05-31 13:47:15,INSTITUTE OF TROPICAL MEDICINE,Peru
SAMEA5282437,ERS3089705,ERR3132187,TDR_202,202,ILLUMINA,Illumina HiSeq 2500,1773.0,Mycobacterium tuberculosis,2019-05-31 11:07:44,2019-05-31 13:47:21,INSTITUTE OF TROPICAL MEDICINE,Peru
SAMEA5282438,ERS3089706,ERR3132188,TDR_203,203,ILLUMINA,Illumina HiSeq 2500,1773.0,Mycobacterium tuberculosis,2019-05-31 11:07:44,2019-05-31 13:47:31,INSTITUTE OF TROPICAL MEDICINE,Peru
SAMEA5282439,ERS3089707,ERR3132189,TDR_204,204,ILLUMINA,Illumina HiSeq 2500,1773.0,Mycobacterium tuberculosis,2019-05-31 11:07:44,2019-05-31 13:47:45,INSTITUTE OF TROPICAL MEDICINE,Peru
SAMEA5282440,ERS3089708,ERR3132190,TDR_205,205,ILLUMINA,Illumina HiSeq 2500,1773.0,Mycobacterium tuberculosis,2019-05-31 11:07:44,2019-05-31 13:47:44,INSTITUTE OF TROPICAL MEDICINE,Peru
SAMEA5282441,ERS3089709,ERR3132191,TDR_206,206,ILLUMINA,Illumina HiSeq 2500,1773.0,Mycobacterium tuberculosis,2019-05-31 11:07:44,2019-05-31 13:47:52,INSTITUTE OF TROPICAL MEDICINE,Peru
SAMEA5282442,ERS3089710,ERR3132192,TDR_207,207,ILLUMINA,Illumina HiSeq 2500,1773.0,Mycobacterium tuberculosis,2019-05-31 11:07:44,2019-05-31 13:48:17,INSTITUTE OF TROPICAL MEDICINE,Peru
SAMEA5282443,ERS3089711,ERR3132193,TDR_208,208,ILLUMINA,Illumina HiSeq 2500,1773.0,Mycobacterium tuberculosis,2019-05-31 11:07:44,2019-05-31 13:48:14,INSTITUTE OF TROPICAL MEDICINE,Peru
SAMEA5282444,ERS3089712,ERR3132194,TDR_209,209,ILLUMINA,Illumina HiSeq 2500,1773.0,Mycobacterium tuberculosis,2019-05-31 11:07:44,2019-05-31 13:48:41,INSTITUTE OF TROPICAL MEDICINE,Peru
SAMEA5282446,ERS3089714,ERR3132196,TDR_210,210,ILLUMINA,Illumina HiSeq 2500,1773.0,Mycobacterium tuberculosis,2019-05-31 11:07:44,2019-05-31 13:48:50,INSTITUTE OF TROPICAL MEDICINE,Peru
SAMEA5282447,ERS3089715,ERR3132197,TDR_211,211,ILLUMINA,Illumina HiSeq 2500,1773.0,Mycobacterium tuberculosis,2019-05-31 11:07:44,2019-05-31 13:49:11,INSTITUTE OF TROPICAL MEDICINE,Peru
SAMEA5282448,ERS3089716,ERR3132198,TDR_212,212,ILLUMINA,Illumina HiSeq 2500,1773.0,Mycobacterium tuberculosis,2019-05-31 11:07:44,2019-05-31 13:49:06,INSTITUTE OF TROPICAL MEDICINE,Peru
SAMEA5282449,ERS3089717,ERR3132199,TDR_213,213,ILLUMINA,Illumina HiSeq 2500,1773.0,Mycobacterium tuberculosis,2019-05-31 11:07:44,2019-05-31 13:49:19,INSTITUTE OF TROPICAL MEDICINE,Peru
SAMEA5282450,ERS3089718,ERR3132200,TDR_214,214,ILLUMINA,Illumina HiSeq 2500,1773.0,Mycobacterium tuberculosis,2019-05-31 11:07:45,2019-05-31 13:49:30,INSTITUTE OF TROPICAL MEDICINE,Peru
SAMEA5282451,ERS3089719,ERR3132201,TDR_215,215,ILLUMINA,Illumina HiSeq 2500,1773.0,Mycobacterium tuberculosis,2019-05-31 11:07:45,2019-05-31 13:49:44,INSTITUTE OF TROPICAL MEDICINE,Peru
SAMEA5282452,ERS3089720,ERR3132202,TDR_216,216,ILLUMINA,Illumina HiSeq 2500,1773.0,Mycobacterium tuberculosis,2019-05-31 11:07:45,2019-05-31 13:49:51,INSTITUTE OF TROPICAL MEDICINE,Peru
SAMEA5282453,ERS3089721,ERR3132203,TDR_217,217,ILLUMINA,Illumina HiSeq 2500,1773.0,Mycobacterium tuberculosis,2019-05-31 11:07:45,2019-05-31 13:50:16,INSTITUTE OF TROPICAL MEDICINE,Germany
SAMEA5282454,ERS3089722,ERR3132204,TDR_218,218,ILLUMINA,Illumina HiSeq 2500,1773.0,Mycobacterium tuberculosis,2019-05-31 11:07:45,2019-05-31 13:50:42,INSTITUTE OF TROPICAL MEDICINE,Germany
SAMEA5282455,ERS3089723,ERR3132205,TDR_219,219,ILLUMINA,Illumina HiSeq 2500,1773.0,Mycobacterium tuberculosis,2019-05-31 11:07:45,2019-05-31 13:50:39,INSTITUTE OF TROPICAL MEDICINE,RD Congo
SAMEA5282457,ERS3089725,ERR3132207,TDR_220,220,ILLUMINA,Illumina HiSeq 2500,1773.0,Mycobacterium tuberculosis,2019-05-31 11:07:45,2019-05-31 15:06:02,INSTITUTE OF TROPICAL MEDICINE,Belgium
SAMEA5282458,ERS3089726,ERR3132208,TDR_226,226,ILLUMINA,Illumina HiSeq 2500,1773.0,Mycobacterium tuberculosis,2019-05-31 11:07:45,2019-05-31 15:06:24,INSTITUTE OF TROPICAL MEDICINE,Bangladesh
SAMEA5282459,ERS3089727,ERR3132209,TDR_227,227,ILLUMINA,Illumina HiSeq 2500,1773.0,Mycobacterium tuberculosis,2019-05-31 11:07:45,2019-05-31 15:07:03,INSTITUTE OF TROPICAL MEDICINE,Georgia
SAMEA5282460,ERS3089728,ERR3132210,TDR_228,228,ILLUMINA,Illumina HiSeq 2500,1773.0,Mycobacterium tuberculosis,2019-05-31 11:07:45,2019-05-31 15:06:52,INSTITUTE OF TROPICAL MEDICINE,Georgia
SAMEA5282461,ERS3089729,ERR3132211,TDR_229,229,ILLUMINA,Illumina HiSeq 2500,1773.0,Mycobacterium tuberculosis,2019-05-31 11:07:45,2019-05-31 15:08:16,INSTITUTE OF TROPICAL MEDICINE,Thailand
SAMEA5282463,ERS3089731,ERR3132213,TDR_230,230,ILLUMINA,Illumina HiSeq 2500,1773.0,Mycobacterium tuberculosis,2019-05-31 11:07:45,2019-05-31 15:08:22,INSTITUTE OF TROPICAL MEDICINE,RD Congo
SAMEA5282464,ERS3089732,ERR3132214,TDR_231,231,ILLUMINA,Illumina HiSeq 2500,1773.0,Mycobacterium tuberculosis,2019-05-31 11:07:45,2019-05-31 14:36:49,INSTITUTE OF TROPICAL MEDICINE,Bangladesh
SAMEA5282465,ERS3089733,ERR3132215,TDR_232,232,ILLUMINA,Illumina HiSeq 2500,1773.0,Mycobacterium tuberculosis,2019-05-31 11:07:45,2019-05-31 13:51:20,INSTITUTE OF TROPICAL MEDICINE,Niger
SAMEA5282466,ERS3089734,ERR3132216,TDR_233,233,ILLUMINA,Illumina HiSeq 2500,1773.0,Mycobacterium tuberculosis,2019-05-31 11:07:45,2019-05-31 13:51:46,INSTITUTE OF TROPICAL MEDICINE,Centr Afr Rep
SAMEA5282467,ERS3089735,ERR3132217,TDR_234,234,ILLUMINA,Illumina HiSeq 2500,1773.0,Mycobacterium tuberculosis,2019-05-31 11:07:45,2019-05-31 14:36:49,INSTITUTE OF TROPICAL MEDICINE,Germany
SAMEA5282468,ERS3089736,ERR3132218,TDR_235,235,ILLUMINA,Illumina HiSeq 2500,1773.0,Mycobacterium tuberculosis,2019-05-31 11:07:45,2019-05-31 14:37:01,INSTITUTE OF TROPICAL MEDICINE,Germany
SAMEA5282469,ERS3089737,ERR3132219,TDR_236,236,ILLUMINA,Illumina HiSeq 2500,1773.0,Mycobacterium tuberculosis,2019-05-31 11:07:45,2019-05-31 14:37:15,INSTITUTE OF TROPICAL MEDICINE,Nigeria
