covariate,coef_pooled,V_w,V_b,V_t,se_pooled,riv,wald_stat,dof_old,lambda,dof_observed,dof_adj,pval,t_critical,coef_lower,coef_upper,HR_TCC_assoc,HR_TCC_assoc_lower,HR_TCC_assoc_upper,exclude_resistance,MIC_type,include_drugs,num_pids,significant
F2,0.008161044037859623,0.014664484967969401,0.005519843130256555,0.02036832286923451,0.1427176333507339,0.3889558967617067,0.057183151417621626,369.8062013898352,0.28003473520544553,251.28008021439774,149.61678385328258,0.9544301834550387,1.9663995778701358,-0.2724788499376483,0.28880093801336754,0.9918721668753834,0.7491613201013304,1.3132156840251703,0,predicted,RIF,353,
Not_Lineage_2,0.232445479900025,0.017662433161108174,0.008662110201894044,0.02661328036973202,0.16313577280821034,0.5067731680555305,1.4248590355059538,256.36960183846907,0.33633009851742585,231.6320442598164,121.68691526905161,0.1554141619366431,1.9692604053502156,-0.08881133818739195,0.553702297987442,0.7925929604162728,0.574817719511908,1.0928744532003203,0,predicted,RIF,353,
RIF_AUC,0.006074413679982246,4.44588207228467e-05,5.2495023912133365e-06,4.988330652710048e-05,0.007062811517172214,0.12201146400327757,0.8600560364966812,2452.400014677855,0.10874350924004567,311.0636213174403,276.04938221301643,0.38984222105595634,1.9609317803947208,-0.007775277882978603,0.019924105242943094,0.9939439982713286,0.980273068069984,1.0078055838509121,0,predicted,RIF,353,
RIF_pred_MIC,-0.35522818654043303,0.6255670412387729,0.1967906395737464,0.8289173687983109,0.9104489929690246,0.3250656031316092,-0.3901681360336445,481.8709272842758,0.24532038441218426,263.3959770200729,170.30524629036546,0.6965846295039925,1.9648992057616566,-2.1441686897117695,1.4337123166309034,1.4265061266438073,0.23842217870654833,8.534943101316555,0,predicted,RIF,353,
TTP_baseline,1.2631395447865115,0.061356638639534285,0.022629326649789408,0.08474027617765001,0.291101831285291,0.3811101464585253,4.339167291423138,380.84969046711626,0.27594478791990396,252.70754113819217,151.9098575788084,1.834590857466811e-05,1.9662123812071592,0.6907715199212947,1.8355075696517282,0.2827648784700723,0.15953250735550623,0.5011892423781622,0,predicted,RIF,353,1.0
bl_bmi,0.020787126282979608,0.00045706644633412814,9.669873215577924e-05,0.0005569884695617668,0.023600603160973805,0.21861596717294976,0.8807879248337775,901.089583401805,0.17939693312907581,286.4043788645097,217.32826493108186,0.3786674742801832,1.9626001338657242,-0.025531420640059414,0.06710567320601862,0.9794274367385598,0.9350963814829955,1.0258601389462334,0,predicted,RIF,353,
diabetes,0.28686518803092104,0.09085663928992016,0.023773765288484967,0.11542286342135462,0.3397394051642444,0.27038446858071163,0.8443683119190671,640.184074828365,0.212836724053143,274.73332505589286,192.23582319854998,0.39877904295322364,1.9636764891962977,-0.3802730943436409,0.954003470405483,0.7506129136213562,0.3851958123797763,1.4626839856183296,0,predicted,RIF,353,
fstrom1_baseline,0.19040091185338084,0.022527149097720623,0.005826024463386898,0.02854737437655375,0.16895968269546954,0.26724310531785295,1.1269014525586951,652.0859650261716,0.21088542853095452,275.41436026594215,193.63210340602302,0.2601986593050455,1.9636086047115011,-0.14136977493676808,0.5221715986435298,0.826627662674123,0.5932308887725727,1.151850494690013,0,predicted,RIF,353,
screen_sex,0.11014086159140618,0.02474786218290227,0.0065641727773764905,0.031530840719524646,0.1775692561214487,0.27408341320522545,0.6202698822822978,626.6545734476741,0.21512203232888086,273.9357137336218,190.61172464906875,0.535305613552276,1.9637567946782166,-0.2385619716430452,0.4588436948258576,0.8957079555617421,0.6320140242415532,1.2694223717889572,0,predicted,RIF,353,
screen_years,-0.02413848173073775,3.352656465995667e-05,1.4394475890422534e-05,4.8400856413393284e-05,0.006957072402483194,0.4436569002610077,-3.469632100152067,307.0658353326088,0.30731463977403234,241.7589311486971,135.26340769612835,0.0005957501580561874,1.9677196185214436,-0.03782804958457805,-0.010448913876897456,1.024432173208579,1.0105036944102734,1.0385526379666672,0,predicted,RIF,353,1.0
F2,0.017429252201445405,0.014938295100104838,0.005660635124229571,0.02078761806180873,0.1441791179811027,0.39156563198854194,0.12088610643137536,366.2657031501207,0.2813849544624037,250.8088308086472,148.86803411421766,0.9038475352887781,1.9664619897988986,-0.26609350303112395,0.3009520074340148,0.9827217586067598,0.7401132918303696,1.3048570610734362,0,predicted,INH,353,
INH_AUC,0.0171766748749395,0.00011485588025934576,2.4787412820893116e-05,0.00014046954017426865,0.011851984651283879,0.2230069532102926,1.4492657036202639,872.2059432659773,0.18234316053961727,285.3760955621729,215.02296879739197,0.14762283121252706,1.9626875507537218,-0.006085067851859562,0.04043841760173856,0.9829700031904046,0.9603683044738077,1.0061036194874717,0,predicted,INH,353,
INH_pred_MIC,-0.2710358152710763,0.059284761477391014,0.012691110409803528,0.07239890890085465,0.26907045341481595,0.2212060417661441,-1.007304264854493,883.8568196122344,0.18113736273874753,285.7969394319273,215.964401420503,0.31406426170525525,1.9626516007246462,-0.7991273713733711,0.25705574083121857,1.3113220348977077,0.7733251067797966,2.223599704875364,0,predicted,INH,353,
Not_Lineage_2,0.2659022864888652,0.017301040505210957,0.00833256366270345,0.025911356290004524,0.16097004780394558,0.49767618208859743,1.6518743090187962,262.6274584605237,0.3322989228516398,233.03899289218703,123.4750470975978,0.09975526128648138,1.9690378854377437,-0.05105383605782832,0.5828584090355587,0.7665140226183111,0.5583002331630248,1.052379547724353,0,predicted,INH,353,
TTP_baseline,1.2613025899553096,0.061158581880009444,0.02365427334511558,0.08560133100329555,0.29257705139551793,0.39966180333026263,4.311009985025202,355.6795799082874,0.28554169470034385,249.3580580123817,146.58851575812093,2.1068279593659008e-05,1.9666560386034782,0.6859041650715141,1.8367010148391052,0.28328478215326636,0.1593422276191752,0.5036346547847953,0,predicted,INH,353,1.0
bl_bmi,0.02129715119566581,0.0004360296897886802,9.226965932677726e-05,0.00053137500442635,0.023051572710475744,0.21866702399067942,0.9238914612531994,900.7443125304897,0.17943131280817512,286.3923797737976,217.3012669102121,0.35579025464385716,1.9626011456830064,-0.02394389181570901,0.06653819420704063,0.9789280317109833,0.935627179635665,1.0242328484329664,0,predicted,INH,353,
diabetes,0.2553599509617487,0.09030823039655288,0.024979342029724523,0.11612021716060156,0.34076416648556457,0.28582097833946635,0.7493744239465573,586.90905384125,0.2222867593190002,271.43510257801944,185.5988859969032,0.4539318082686786,1.9640141652838865,-0.41390569903705676,0.9246256009605541,0.7746376162172519,0.39667990785269797,1.512714469726993,0,predicted,INH,353,
fstrom1_baseline,0.1603885766272472,0.0219336512966911,0.006349398910985629,0.02849469683804292,0.16880372282044884,0.2991314785031534,0.950148337651578,546.9907408175558,0.2302549691489346,268.6540622929685,180.16578294481442,0.34245650118421467,1.9643103832140418,-0.17119432883414554,0.49197148208863994,0.8518127301317935,0.6114198019995032,1.1867213407902828,0,predicted,INH,353,
screen_sex,0.10024165829904953,0.021087398874352025,0.00665472674419708,0.027963949843355675,0.16722425016532644,0.32609763821404236,0.599444507599499,479.5718625482466,0.24590771359281136,263.1909891813022,169.93175223247533,0.5491595907285958,1.9649229239573611,-0.22834110429238091,0.42882442089047995,0.904618782983152,0.6512742692991276,1.256513854610862,0,predicted,INH,353,
screen_years,-0.024522825140235113,3.347957438793376e-05,1.4016615183331237e-05,4.7963410077376036e-05,0.0069255620766386925,0.43261707934561866,-3.5409147833582364,318.0174308253309,0.30197677075246554,243.62193790958017,137.94621085983914,0.00045833681140492074,1.9674515359000633,-0.03814853288488914,-0.010897117395581087,1.0248259826370103,1.0109567072351382,1.0388855300839623,0,predicted,INH,353,1.0
EMB_AUC,0.016341964444960926,0.00025134604564160595,4.143820134451867e-05,0.00029416552036427526,0.017151254192165517,0.17036064607010187,0.9528145441646906,1368.6703563428875,0.14556252095638017,298.21316217739354,244.86144977052663,0.34085228030490955,1.9616987593189052,-0.017303629624573342,0.0499875585144952,0.9837908410377207,0.9512412592814317,1.0174542046681367,0,predicted,EMB,353,
EMB_pred_MIC,-0.07196257456844188,0.3332694624902055,0.08963864485378242,0.42589606217244735,0.6526071269703139,0.277933054502298,-0.11026936665942257,613.1035125919584,0.2174863961168462,273.1105106976594,188.94421554396573,0.912231835404369,1.9638407877432074,-1.3535790688846543,1.2096539197477707,1.0746151253763914,0.29830049747940063,3.871256258187979,0,predicted,EMB,353,
F2,0.0032283743519873663,0.014907192478493822,0.005673858978154174,0.020770180089253135,0.14411863199896513,0.39329924928638826,0.022400811797953703,363.9490325113165,0.2822790936604796,250.49676107361705,148.37444538117643,0.9821405089506947,1.9665034874622878,-0.28018141808227165,0.2866381667862464,0.9967768312451122,0.7507833380435256,1.323369873785673,0,predicted,EMB,353,
Not_Lineage_2,0.24269131414227696,0.017754497023178998,0.008237258897163209,0.026266331216914313,0.16206890885334643,0.4794184922627139,1.4974575682611921,276.15347990628385,0.3240587398157107,235.91495643584554,127.22661964302391,0.1354163417472041,1.9685915259414293,-0.07635616644499471,0.5617387947295487,0.7845136446657415,0.5702167115376321,1.079346932865378,0,predicted,EMB,353,
TTP_baseline,1.2681961557050552,0.06122877804705992,0.02339420447587918,0.08540278933880174,0.2922375563455213,0.3948145310553459,4.339607036015687,361.94673840488184,0.2830588026327923,250.2246294268736,147.94548266837293,1.8542874506014115e-05,1.9665397832021758,0.6934993750058001,1.8428929364043103,0.28133865546459147,0.15835864133085453,0.49982393378366435,0,predicted,EMB,353,1.0
bl_bmi,0.020348355152807106,0.00044202227261326234,9.208732644650985e-05,0.0005371791766079892,0.023177126150754523,0.21527626522562654,0.8779498812946951,924.178219952781,0.17714183300178138,287.1914470309715,219.10411622210987,0.38019909893258974,1.962534190412229,-0.025137547353546022,0.06583425765916023,0.9798572755154265,0.936286033671112,1.0254561596053615,0,predicted,EMB,353,
diabetes,0.31115489982655553,0.08944831860426604,0.023408185653705935,0.1136367771130955,0.33710054451616583,0.27041825812112974,0.9230329196683749,640.0581461626801,0.21285766037482937,274.72601792477144,192.2208895155015,0.356337865640156,1.96367722097457,-0.3508017606179633,0.9731115602710744,0.732600387406944,0.37790533158519846,1.4202057572924323,0,predicted,EMB,353,
fstrom1_baseline,0.16934702686789146,0.021943866636343578,0.006168199964447275,0.02831767326627243,0.16827855854586,0.29045959563810464,1.0063494026289765,572.4207438194136,0.2250822858924758,270.45941642207015,183.67567256172126,0.31467272730141976,1.9641168910792064,-0.16117173237849328,0.49986578611427623,0.8442158869516142,0.6066120700123582,1.1748867175804483,0,predicted,EMB,353,
screen_sex,0.09952847621769557,0.02227753576724268,0.007025195054904915,0.029536903990644427,0.1718630384656469,0.32586046765890786,0.5791150738766321,480.0984329535063,0.24577282120364044,263.23806891143454,170.01746054581514,0.5627831364581294,1.9649174715123663,-0.23816821077065592,0.43722516320604704,0.905264171001862,0.6458259987857657,1.2689226213259572,0,predicted,EMB,353,
screen_years,-0.025122199993422488,3.574288363695476e-05,1.5006292259227422e-05,5.1249385638156435e-05,0.0071588676226171715,0.4338346664668492,-3.5092421480253884,316.7726268157062,0.30256951977306623,243.41505845479696,137.6453454809368,0.0005144786288221422,1.9674810700501653,-0.0392071365239168,-0.011037263462928172,1.0254404216811572,1.0110983987704394,1.0399858804013093,0,predicted,EMB,353,1.0
F2,0.008798518112395393,0.01464493105877896,0.005608028736695508,0.020439894086697653,0.14296815759705953,0.3956975286984966,0.061541802456411845,360.7895425642154,0.2835123804134617,250.06632309366097,147.6965670494318,0.9509618011602412,1.9665609440820346,-0.2723570768653471,0.2899541130901379,0.99124007557606,0.7482979038692309,1.3130557794529656,0,predicted,PZA,353,
Not_Lineage_2,0.2523633664781274,0.017323064111494417,0.00792499414002586,0.02551222472285447,0.15972546673231064,0.47273164600980033,1.5799820256657742,281.45948168435285,0.32098967065087064,236.98611359249617,128.6576437446911,0.11523410256979054,1.9684281927156726,-0.0620447453324221,0.5667714782886769,0.7769623646914477,0.5673542003665721,1.0640099531419525,0,predicted,PZA,353,
PZA_AUC,6.87125986916656e-05,1.464566609557333e-06,1.8804859222784662e-07,1.6588834881927745e-06,0.0012879765091773896,0.1326787579119901,0.053349263905093466,2113.53145341904,0.11713714677281811,308.1340995534598,268.9269418222536,0.9574586709938551,1.9610870372586504,-0.0024571214377497605,0.0025945466351330916,0.999931289761965,0.9974088162919355,1.0024601426346054,0,predicted,PZA,353,
PZA_pred_MIC,0.14503809578404542,0.22993933786128012,0.03292499355912512,0.2639618312057094,0.5137721588464184,0.14796290909106943,0.2823004191385185,1745.6130800102565,0.12889171585536946,304.03155571366494,258.9334029614324,0.7777466303691337,1.9613239015836323,-0.8626355193296575,1.1527117108977483,0.8649893400359592,0.31577930512392083,2.3693970638203368,0,predicted,PZA,353,
TTP_baseline,1.280103507576329,0.0612476193130521,0.022510729075117652,0.08450870602400701,0.2907038115058126,0.37978760598124806,4.403463101999037,382.7726521900439,0.27525077362262484,252.94976389089678,152.3027182087543,1.384232094326658e-05,1.9661808929698779,0.7085272278800833,1.8516797872725745,0.27800852297546436,0.15697326303561643,0.49236881079208306,0,predicted,PZA,353,1.0
bl_bmi,0.024611502506409026,0.00047218047625091007,8.737927602588306e-05,0.0005624723948109892,0.02371650047563909,0.1912233205341157,1.0377375250488265,1125.3889880533814,0.16052684432703665,292.9903596884349,232.46822151219274,0.2996151829346281,1.9620741715910486,-0.021922030517369247,0.0711450355301873,0.9756888910960724,0.9313268068545371,1.0221640837585924,0,predicted,PZA,353,
diabetes,0.2981407241758095,0.09181052712671736,0.025421321354837323,0.11807922586004926,0.34362657909429717,0.2861185917936808,0.8676299864859827,585.9598683727515,0.2224667255565029,271.3722913108558,185.4745215147462,0.3859521010744329,1.9640207394319924,-0.37674900378545806,0.9730304521370771,0.742196887353197,0.3779359840245352,1.457538426827897,0,predicted,PZA,353,
fstrom1_baseline,0.16576225904793634,0.022047352649927892,0.006264612095330541,0.028520785148436117,0.16888097923814901,0.2936149569199819,0.9815330287384538,562.9265138543562,0.22697245061162646,269.79971689839647,182.38576913232959,0.32675160483767973,1.964187081551297,-0.16595157869136873,0.4974760967872414,0.8472476357073035,0.6080634178462574,1.180515938212733,0,predicted,PZA,353,
screen_sex,0.05668217966891376,0.023708986369018508,0.006944282742396143,0.030884745202827857,0.17574056220129677,0.30265987428236085,0.3225332783673973,537.2177762974308,0.23233990718344422,267.92638358099185,178.76899960440272,0.7471742141483321,1.9643896273989918,-0.28854075783258093,0.40190511717040844,0.9448943282780576,0.6690442234878691,1.3344787388755175,0,predicted,PZA,353,
screen_years,-0.02342624123299725,3.346278270610783e-05,1.4911640384893253e-05,4.887147777049753e-05,0.006990813813176369,0.4604726151951854,-3.3510034538243874,291.7273986448738,0.31529013992066207,238.9753464195547,131.3647928140462,0.0009112728532011926,1.9681290607744812,-0.037185065057173325,-0.009667417408821172,1.0237027909062726,1.0097142978376066,1.0378850793274963,0,predicted,PZA,353,1.0
EMB_AUC,-0.008687108293175868,0.0005582301974432169,0.00011277714343961642,0.0006747665789974871,0.0259762695358184,0.2087604398472628,-0.3344247826346777,972.2592138158973,0.1727062145363075,283.7760321000028,219.66251565508787,0.7381311670589225,1.962406930755459,-0.05966311966543779,0.042288903079086046,1.0087249507194689,0.9585928001526091,1.0614788949405876,0,predicted,"RIF,INH,EMB,PZA",353,
EMB_pred_MIC,-0.08176797859503697,0.413958188409663,0.10616998053214607,0.5236671682928805,0.7236485115668245,0.2650243018617305,-0.11299405345005839,660.7304728343715,0.20950135224413904,271.1546654672906,192.25561494838703,0.910069591131536,1.9635608352577332,-1.5026958544002063,1.3391598972101324,1.0852039900624448,0.26206573828465807,4.493787351814215,0,predicted,"RIF,INH,EMB,PZA",353,
F2,0.022310970711372658,0.015205917674718404,0.0056863679367773505,0.021081831209388332,0.145195837438228,0.38642281645647175,0.15366122820748646,373.30505320495746,0.27871931410081774,247.41171113731434,148.79579108437952,0.8779598880195594,1.966339066842462,-0.2631932767863224,0.30781521820906776,0.9779360782837969,0.7350511295250752,1.3010781628578778,0,predicted,"RIF,INH,EMB,PZA",353,
INH_AUC,0.028261760021936273,0.00030712929119828283,9.637469980542054e-05,0.0004067164809972174,0.02016721302007834,0.3242516837465725,1.4013716220381593,483.69832741610173,0.24485653877305233,259.0272269156918,168.6908921924351,0.16174426444491768,1.9648805146982686,-0.011364403876984886,0.06788792392085743,0.9721338677113193,0.9343651876958542,1.0114292240294709,0,predicted,"RIF,INH,EMB,PZA",353,
INH_pred_MIC,-0.2660331328709278,0.062365288270031856,0.011614642397896875,0.07436708541452529,0.2727032919026195,0.19244354475726225,-0.975540599509618,1113.4403505951502,0.1613858749148889,287.65910376841873,228.59994153468782,0.32950406597293147,1.9620968408053199,-0.8011034003902685,0.26903713464841295,1.3047782890213908,0.7641148799839268,2.2279979465095607,0,predicted,"RIF,INH,EMB,PZA",353,
Not_Lineage_2,0.23461468573254957,0.018642718823621177,0.009525590387828867,0.02848582889104434,0.16877745374025627,0.5279868328514129,1.3900830977911003,242.87959911290432,0.3455440986138107,224.4896578979006,116.66141342705949,0.1657762857792627,1.9697792825518172,-0.09783964600685496,0.5670690174719542,0.790875526550941,0.567185415372486,1.1027859348013307,0,predicted,"RIF,INH,EMB,PZA",353,
PZA_AUC,-0.002313756558159372,3.214978423360975e-06,6.490384702574568e-07,3.88565150929368e-06,0.001971205597925716,0.2086088917609519,-1.173777388109145,973.4282284630324,0.17260247974595588,283.81161492162425,219.74346341636206,0.24077130351258647,1.9624039933712283,-0.006182058295284517,0.0015545451789657728,1.0023164353584966,0.9984466625005125,1.0062012066560921,0,predicted,"RIF,INH,EMB,PZA",353,
PZA_pred_MIC,0.02018443854019842,0.26981116470496935,0.03622073424259003,0.30723925675564573,0.5542916711945487,0.13871958223672062,0.03641483282023547,1954.1416072191273,0.12182066981252908,301.2306512772368,260.99786712061876,0.9709553064511055,1.961178695008599,-1.066880577827262,1.1072494549076588,0.9800179035653122,0.3304666756408574,2.9062993702648727,0,predicted,"RIF,INH,EMB,PZA",353,
RIF_AUC,0.0144366905309992,9.451193429455937e-05,1.6556507382601813e-05,0.00011162032525658124,0.010565052070699,0.18101831361001708,1.3664571110858752,1234.429332407369,0.1532730792774065,290.44193254786205,235.1215142798888,0.17204437483202203,1.9618875935524038,-0.006290754051740304,0.035164135113738705,0.9856670188126762,0.9654469395088977,1.0063105824016283,0,predicted,"RIF,INH,EMB,PZA",353,
RIF_pred_MIC,-0.5497111585836018,0.6846696417262416,0.21896697540059104,0.9109355163068523,0.95442941923793,0.3304745249258196,-0.5759578943223711,470.04036060251866,0.24838846496835035,257.81571533542535,166.4941680250418,0.5649192953941382,1.965023736454304,-2.42518762215643,1.3257653049892268,1.7327524549058755,0.2655996165776285,11.304350166879091,0,predicted,"RIF,INH,EMB,PZA",353,
TTP_baseline,1.2227421013778732,0.06217511948844006,0.023400623721932346,0.0863557640011035,0.2938635125378847,0.3889119106101473,4.160918416913832,369.86642934709806,0.2800119342624823,246.9683201353089,148.08713485572366,3.9453991535580566e-05,1.9663985265404027,0.6448893233193896,1.8005948794363569,0.29442172479820006,0.1652005845544449,0.524720613228694,0,predicted,"RIF,INH,EMB,PZA",353,1.0
bl_bmi,0.022207296318537833,0.00048195214089715864,0.00010132344221051914,0.0005866530311813618,0.024220921352858603,0.21724333476203964,0.9168642263857102,910.4579379958669,0.17847157471148425,281.79841415715555,215.19332031296216,0.3594565867179006,1.9625729731636359,-0.02532802931370447,0.06974262195078014,0.9780374704687401,0.9326338284935665,1.0256515091093872,0,predicted,"RIF,INH,EMB,PZA",353,
diabetes,0.15282840506853948,0.09593718454115975,0.0304188636570911,0.1273700103201539,0.35688935304958863,0.3276396522300336,0.4282234921345621,476.173820922048,0.24678356938172033,258.366222192253,167.4888011508119,0.6686820365367774,1.9649584001652418,-0.5484443271357884,0.8541011372728673,0.8582769851566528,0.42566563414737263,1.7305587394319841,0,predicted,"RIF,INH,EMB,PZA",353,
fstrom1_baseline,0.20224762403324656,0.022971299757877296,0.005849902347060855,0.02901619884984018,0.17034141848018108,0.26315006794032075,1.1873073844150106,668.1914657796741,0.20832842796692433,271.5569987172076,193.08578398446758,0.23552830464289015,1.963520601420663,-0.13222126042780744,0.5367165084943005,0.8168926206497419,0.5846648461483599,1.1413608293163413,0,predicted,"RIF,INH,EMB,PZA",353,
screen_sex,0.12886750553939555,0.026967540258036216,0.006942557001178061,0.03414151582592021,0.18477422933385546,0.26602261456701387,0.6974322447669582,656.8161300746041,0.2101246940663812,270.94084847498874,191.81566260237958,0.4857791190670727,1.963582309813572,-0.233951902489999,0.49168691356879013,0.8790904324424724,0.6115938175860697,1.2635837155157916,0,predicted,"RIF,INH,EMB,PZA",353,
screen_years,-0.02498515440271688,3.582821898371865e-05,1.508239885634676e-05,5.14133644686103e-05,0.007170311322990815,0.4349963779102161,-3.484528534012844,315.5937008021842,0.3031341295395469,239.03700849673646,136.01586222213714,0.0005627303395420007,1.9675092568090233,-0.03909280830490386,-0.010877500500529897,1.0252998992220461,1.0109368755980292,1.039866987464343,0,predicted,"RIF,INH,EMB,PZA",353,1.0
EMB_AUC,-0.007437654315769117,0.0005350473467603446,0.00010879020151439888,0.0006474638883252234,0.025445311716016047,0.21010578268549351,-0.29229959525658444,961.9857955468877,0.1736259636899033,285.1132089390344,219.9302991467019,0.7701205960092883,1.962433052210786,-0.057372375051085354,0.042497066419547126,1.0074653823678894,0.9583932770406067,1.0590501008143791,0,predicted,"RIF,INH,EMB",353,
EMB_pred_MIC,-0.06757144770404816,0.3610282098995515,0.09802755110655602,0.4623233460429927,0.6799436344602343,0.28057401988510666,-0.09937801352856108,604.1050444799242,0.21910019688692406,269.4238189277788,186.32502592115446,0.92087110686001,1.9638986486535897,-1.4029118325811125,1.2677689371730163,1.0699066992443578,0.2814588742299986,4.067025238481364,0,predicted,"RIF,INH,EMB",353,
F2,0.022138563768536016,0.015238065806073483,0.005840029301162906,0.021272762750608486,0.14585185206437554,0.39602775190337713,0.1517880195224712,360.3585747431619,0.2836818618852122,247.14203738911235,146.60026767721234,0.879439072905688,1.9665688597543227,-0.26468914663875914,0.30896627417583117,0.9781046957883403,0.7342055312953663,1.3030258628470228,0,predicted,"RIF,INH,EMB",353,
INH_AUC,0.020924271733184528,0.0002502734986244886,6.78113379381564e-05,0.00032034521449391686,0.017898190257506955,0.2799805662786701,1.1690719247108439,606.106546043006,0.21873813841773154,269.5487353063669,186.57485020251744,0.2428342192952936,1.9638856299668022,-0.014225726915945196,0.05607427038231425,0.9792931219323482,0.9454689129450555,1.0143273940935345,0,predicted,"RIF,INH,EMB",353,
INH_pred_MIC,-0.2829730617090601,0.06137934960492201,0.011891974182168944,0.07366772292649658,0.2714179856356181,0.20020370695796968,-1.0425729932612309,1042.2303033225223,0.1668081058218067,287.46548678109116,225.3186358206542,0.2973878711585855,1.9622427339780422,-0.8155610318935084,0.24961490847538814,1.327069412353717,0.7791007504060589,2.2604434975668646,0,predicted,"RIF,INH,EMB",353,
Not_Lineage_2,0.2484852919884552,0.01856832272565289,0.009641423091969897,0.028531126587355116,0.16891159399921343,0.5365484006769341,1.4710967205105667,237.83330904147357,0.34919069288058546,224.5403676871772,115.49787833568817,0.1425867979455285,1.9699885857715334,-0.08426862019447068,0.5812392041713811,0.7799813327252145,0.5592049678940012,1.087921092137222,0,predicted,"RIF,INH,EMB",353,
RIF_AUC,0.005936444085349977,4.873376490160017e-05,5.674388718833962e-06,5.4597299911061933e-05,0.007388998572950324,0.12031771034519913,0.8034165965442375,2514.3242470735245,0.10739606205825852,307.96366037169406,274.35914544628935,0.4218099291620744,1.960907933676655,-0.008552701838273797,0.02042559000897375,0.9940811417824571,0.9797815993021465,1.0085893806858193,0,predicted,"RIF,INH,EMB",353,
RIF_pred_MIC,-0.4960057789644469,0.6464564234870511,0.20209157870285427,0.8552843881466673,0.9248158671577101,0.3230348668100117,-0.5363292267993304,486.4539969103816,0.24416202090643738,260.77706000977787,169.76816202896293,0.5919762017003684,1.9648525952825118,-2.31313263570772,1.3211210777788265,1.6421490477122478,0.26683599032204103,10.106033641292855,0,predicted,"RIF,INH,EMB",353,
TTP_baseline,1.2534774054832245,0.062023791805555666,0.024647490073877357,0.08749286488189559,0.2957919283582559,0.41063392506194035,4.237699833259288,342.22914609299244,0.29109885829798804,244.58304647819472,142.64094748662038,2.9075106090420844e-05,1.966919968603658,0.6716783550435883,1.8352764559228607,0.28551023376042345,0.15956938176908422,0.5108504694208508,0,predicted,"RIF,INH,EMB",353,1.0
bl_bmi,0.01846112087458664,0.00047585731222640293,0.00011024452909157449,0.0005897766589543633,0.024285317765151093,0.239398121665849,0.7601762123565026,777.2812436621964,0.19315675688137965,278.3747504743775,204.96778633824957,0.4473797728021389,1.9630206731304627,-0.029211459951947443,0.06613370170112072,0.9817082418076852,0.9360057103694241,1.029642299567555,0,predicted,"RIF,INH,EMB",353,
diabetes,0.23304954779312834,0.09208237457159428,0.02733460634140517,0.12032813445771295,0.34688345947553184,0.3067444776215836,0.6718381676240374,526.290873817799,0.2347394482048179,264.0280091216543,175.82210754751094,0.501981529960797,1.96448172100145,-0.4483966676643012,0.9144957632505579,0.7921143250352732,0.40071863221763265,1.5657996745839293,0,predicted,"RIF,INH,EMB",353,
fstrom1_baseline,0.18324027231481302,0.02260506021099682,0.005931962934073358,0.028734755242872626,0.16951328928102546,0.271164729253579,1.0809788016739528,637.2873043615048,0.21331989710948432,271.4181214418489,190.34916933132837,0.2801154331020276,1.9636933958114744,-0.14963185434861667,0.5161123989782427,0.8325680886408641,0.5968363051132691,1.1614065972269403,0,predicted,"RIF,INH,EMB",353,
screen_sex,0.1442432170471791,0.02677297103127688,0.006632224698325489,0.03362626988621322,0.18337467078692526,0.2559782717775378,0.7866038228081375,698.1617396711512,0.20380788229342658,274.69992961649996,197.1348926605642,0.43178073426801533,1.9633676646631173,-0.2157886820941143,0.5042751161884725,0.8656771750064496,0.6039432054451289,1.2408401395538726,0,predicted,"RIF,INH,EMB",353,
screen_years,-0.024685705584922002,3.5579320774091926e-05,1.5407471180130235e-05,5.150037432689317e-05,0.0071763761277467315,0.4474805366266183,-3.4398567111717044,303.4416302437917,0.30914442391707764,238.35701698705535,133.49505795975583,0.0006635424700199023,1.9678126131632052,-0.03880746904590534,-0.010563942123938663,1.024992920343864,1.010619937564365,1.039570314916858,0,predicted,"RIF,INH,EMB",353,1.0
F2,0.010883719578234882,0.014754325222411213,0.005574272583608023,0.0205144068921395,0.14322851284621893,0.39039953253700577,0.07598849811364358,367.83973930898185,0.2807822668241693,251.0191790094357,149.2017431360293,0.9394695600624632,1.9664340938623734,-0.270765711295775,0.2925331504522447,0.9891752938086046,0.7463705021060774,1.3109678894333836,0,measured,RIF,353,
Not_Lineage_2,0.22620026708921115,0.01748740758143725,0.009024308339786579,0.026812526199216716,0.16374530893804778,0.5332476282921438,1.3814152512594597,239.75337861528436,0.3477896319240476,227.6324728715256,116.76787878770544,0.16843734402177407,1.9699079041266356,-0.09636291125150703,0.5487634454299293,0.7975583609793777,0.577663681584601,1.1011586143397734,0,measured,RIF,353,
RIF_AUC,0.006375183609197432,4.456965391897672e-05,5.6156454635553855e-06,5.037248756465062e-05,0.0070973577875608485,0.13019696442388545,0.8982474605367744,2185.26723204882,0.11519847294073468,308.81072957973544,270.57452839807763,0.3691525919975994,1.961050150723423,-0.007543090949836831,0.020293458168231693,0.9936450947581723,0.9799110682016812,1.0075716117268807,0,measured,RIF,353,
RIF_midpoint,0.2080719309214688,0.022094894339832173,0.008437190610844436,0.030813324637704757,0.17553724572780774,0.39459026885479137,1.1853434868410213,362.2417617479994,0.28294351227534426,250.2648677156968,148.00882508707167,0.2366586731361506,1.9665344100033113,-0.13712810303947187,0.5532719648824095,0.8121486160125174,0.575065135837873,1.1469750701023251,0,measured,RIF,353,
TTP_baseline,1.303897626929652,0.06300800131838008,0.024766676073580976,0.08860023326108042,0.2976579131504493,0.40617431766137974,4.380523981805265,347.5772975593135,0.2888506158588443,248.20318844465558,144.8013077162512,1.5694087688828477e-05,1.966812570258043,0.7184603017085714,1.8893349521507328,0.271471633174224,0.1511723122340023,0.48750228483774044,0,measured,RIF,353,1.0
bl_bmi,0.02086760330133185,0.00044647022985714127,9.757447414044176e-05,0.0005472971864689311,0.02339438365225575,0.22583130938887416,0.8919920101985563,854.4587705412625,0.18422706914009243,284.7185795299528,213.557869106342,0.3726483351105716,1.9627441982547746,-0.025049587483879473,0.06678479408654317,0.9793486185103293,0.9353964825320156,1.0253659645820432,0,measured,RIF,353,
diabetes,0.2807748886828138,0.08980235499865069,0.02374065376250972,0.1143343638865774,0.3381336479656785,0.27317779014030663,0.8303666031820448,629.9199034647336,0.21456374141603732,274.13056672476205,191.00736720130212,0.4066461358709458,1.963737096630899,-0.38323069944652216,0.9447804768121497,0.7551983200353265,0.38876490444621287,1.4670164309111045,0,measured,RIF,353,
fstrom1_baseline,0.20692289065440822,0.022708649439735936,0.006647284219614248,0.029577509800003992,0.17198113210467011,0.30247771354684005,1.2031720463874611,537.7146100606711,0.23223254448104785,267.963854983835,178.84067409574806,0.22943921297746903,1.964385529166174,-0.13091435654162187,0.5447601378504383,0.8130823438178438,0.579980882118003,1.1398701547093588,0,measured,RIF,353,
screen_sex,0.12379988243990864,0.02490242091105361,0.006895456003998748,0.03202772544851898,0.17896291640593864,0.2861289897442307,0.6917627680982544,585.926755519634,0.2224730116697956,271.37009735077237,185.47017891575183,0.48936033617744035,1.964020969160008,-0.22768703808338447,0.47528680296320175,0.8835566383906952,0.6217067235624799,1.2556922800687875,0,measured,RIF,353,
screen_years,-0.023542790826991636,3.368065454175717e-05,1.487783086008452e-05,4.9054413097177845e-05,0.0070038855713937705,0.4564566444621893,-3.361389986602341,295.2528195028369,0.3134021504847061,239.6342867325243,132.2759475458293,0.0008776387785409628,1.9680311732433824,-0.03732665596532411,-0.009758925688659156,1.0238221100040847,1.0098066992838137,1.0380320448226779,0,measured,RIF,353,1.0
F2,0.012778697143779476,0.014860737312771915,0.005569860130828197,0.020616259447961048,0.14358363224254025,0.38729721238276715,0.08899828583660434,372.0902437324804,0.27917392821510884,251.5805164439742,150.09627139726172,0.929131154459142,1.966359947033651,-0.2695584063475612,0.29511580063512016,0.9873026037316808,0.744445375227026,1.309386106452863,0,measured,INH,353,
INH_AUC,0.016767009346004173,0.0001163299421132998,2.4251530000463597e-05,0.0001413898564471122,0.011890746673237649,0.21542101610783257,1.4100888536917084,923.156519048798,0.17723983150931488,287.1572438908507,219.02674315300084,0.15885027449401365,1.9625370386490326,-0.006569021417417477,0.04010304010942582,0.98337277461184,0.9606904444036802,1.0065906447607467,0,measured,INH,353,
INH_midpoint,0.03463487778298532,0.028516474012343047,0.007722779779426505,0.036496679784417105,0.19104104214649037,0.27984545945687084,0.18129548181812824,606.5638621571416,0.21865566454845964,272.7024161969173,188.1243883225319,0.8561962151109919,1.963882667454174,-0.34054731366088953,0.4098170692268601,0.9659580446202192,0.663771663294434,1.4057167480387394,0,measured,INH,353,
Not_Lineage_2,0.25785019482485927,0.01729749243447214,0.008094897137237649,0.025662219476284377,0.16019431786516142,0.48358032665718587,1.6096088691603696,272.9498629644455,0.3259549334593783,235.2531527153302,126.35170161222348,0.10863916721839469,1.9686932299421558,-0.05752327423148573,0.5732236638812043,0.7727109795405525,0.5637053100865661,1.0592099226647849,0,measured,INH,353,
TTP_baseline,1.2837760538487821,0.06086760246281752,0.02385705703211373,0.08551989472933504,0.2924378476349035,0.4050150041900695,4.389910759607023,348.99378851034817,0.2882638284873998,248.4079871828384,145.11648286042671,1.5049074306525684e-05,1.9667846783837517,0.7086137757409319,1.8589383319566324,0.2769893963510073,0.15583799078829091,0.49232619916875936,0,measured,INH,353,1.0
bl_bmi,0.019872635706873937,0.0004288094326437617,8.50371566391631e-05,0.0005166811611708969,0.022730621662657994,0.20492023224716618,0.8742671450786067,1002.6397369961611,0.1700695421679422,289.6597964013175,224.7346026030417,0.3821821451636612,1.96233282027858,-0.024732409207095105,0.06447768062084298,0.9803235235684681,0.9375570397195782,1.025040792343835,0,measured,INH,353,
diabetes,0.2827777329324745,0.0904720831737785,0.025088661505548126,0.11639703339617824,0.3411700945220408,0.28655193196561163,0.8288467760594007,584.5826999403981,0.2227286165804544,271.2808869046658,185.2936796780256,0.407529400013525,1.9640303158659556,-0.38729067557566715,0.9528461414406162,0.7536872891076033,0.385641868717761,1.472984589694802,0,measured,INH,353,
fstrom1_baseline,0.17375390014966235,0.02191071089803535,0.00630136189754801,0.028422118192168295,0.16858860635336034,0.29717918895624684,1.030638451245487,552.5367345823885,0.22909648218714254,269.05839387800614,180.94635814591746,0.3031613198354062,1.9642666629282117,-0.15739907905977069,0.5049068793590954,0.8405037200476201,0.6035617768697304,1.1704626278319872,0,measured,INH,353,
screen_sex,0.10009782252599912,0.02121410266553397,0.0066891481366440795,0.02812622240673285,0.16770874278561881,0.3258266375993755,0.5968551243267838,480.1736291098605,0.2457535761910302,263.24478574702215,170.02969201500005,0.5508854148294005,1.9649166938617395,-0.22943588588002783,0.4296315309320261,0.9047489088832738,0.6507488313682144,1.2578902161136594,0,measured,INH,353,
screen_years,-0.02466414167357861,3.4049033249223726e-05,1.4301344165701002e-05,4.882708888711476e-05,0.006987638291090543,0.4340227673931963,-3.52968208228897,316.5811609550727,0.30266100180694766,243.3831296744294,137.59897736084386,0.000477758489656489,1.9674856334453938,-0.03841221962301218,-0.010916063724145043,1.0249708177257122,1.010975861334527,1.0391595065410653,0,measured,INH,353,1.0
EMB_AUC,0.013379095784321608,0.00025681889165158456,4.609044137882609e-05,0.00030444568107637155,0.017448371874658437,0.18544893297569492,0.7667819026572364,1184.9909139550778,0.1564377239854474,294.41753199477404,235.8254079716886,0.44336392921898715,1.9619679281121656,-0.02085405023153259,0.04761224180017581,0.9867100065056825,0.9535034441831288,1.0210730153917056,0,measured,EMB,353,
EMB_midpoint,0.254883506631923,0.03029321921120922,0.011419844174097625,0.042093724857776765,0.20516755313103668,0.38954280706492483,1.2423187913594391,369.00434487862935,0.28033883165336976,251.17394539989513,149.44779368404537,0.21490789325716683,1.9664136077572019,-0.14856076171519622,0.6583277749790422,0.7750067758521926,0.5177163492734598,1.1601632891441733,0,measured,EMB,353,
F2,0.010433304389581998,0.014865745928212503,0.005440287719654928,0.02048737657185593,0.14313412092109948,0.3781600109937696,0.07289180471044496,385.164349533003,0.2743948510892319,253.2484953622125,152.788736577517,0.9419300526389089,1.966142169323666,-0.2709887266224644,0.29185533540162845,0.9896209337391386,0.7468765747581956,1.3112602879689905,0,measured,EMB,353,
Not_Lineage_2,0.29338259276899736,0.01836178678206398,0.008061299140473283,0.026691795893886372,0.1633762402979282,0.45366005011882876,1.795748220389901,297.7574492850959,0.3120812531662713,240.09530228474816,132.9177262456696,0.07354834887336581,1.9679630432073618,-0.028135810275490614,0.6149009958134853,0.7457367726140424,0.5406944236710755,1.0285353606071557,0,measured,EMB,353,
TTP_baseline,1.2735288461616825,0.060269323882598896,0.02252579105933223,0.08354597464390887,0.2890432054968753,0.3862105837897157,4.406015508900969,373.601039967114,0.27860888403684464,251.77772643920844,150.41191912986707,1.3773678381708347e-05,1.9663340000493104,0.7051733637099369,1.841884328613428,0.279842356696521,0.15851844366564719,0.4940229211853786,0,measured,EMB,353,1.0
bl_bmi,0.021019052265717465,0.0004323067480135783,8.867023667360766e-05,0.0005239326592429729,0.02288957533994401,0.21194652096089123,0.9182805689294575,948.227019466232,0.17488108369076344,287.9804868583017,220.89404676887168,0.3587055098967429,1.9624689233704908,-0.023901028008070188,0.06593913253950512,0.9792003084072727,0.9361878459341656,1.0241889468540748,0,measured,EMB,353,
diabetes,0.29008285820679874,0.08952745557634183,0.023044742052012422,0.11334035569675466,0.3366605942143432,0.2659843281272202,0.8616477936295401,656.9654940847848,0.21010080631937425,275.68820671646523,194.19602236417578,0.3891957447773594,1.9635814856800786,-0.37097765155053936,0.9511433679641368,0.7482015703696671,0.38629908885294345,1.4491506867538668,0,measured,EMB,353,
fstrom1_baseline,0.1802760448086175,0.022075598259797706,0.006098504495139213,0.028377386238108225,0.16845588810756432,0.28546397267007834,1.0701676672382365,588.0512882947421,0.22207076879574614,271.51048693149147,185.74824547493847,0.28498289542854766,1.9640062822537327,-0.1505723777172707,0.5111244673345057,0.8350396712267937,0.5998207206484658,1.162499441114189,0,measured,EMB,353,
screen_sex,0.1102223345616355,0.022464745987564462,0.006914436722175924,0.029609663933812917,0.17207458828604796,0.31805024415604705,0.6405497503118098,498.047154407243,0.24130358123008874,264.79790941203413,172.88156079213243,0.5221098498060573,1.964738529795752,-0.22785923904270372,0.4483039081659747,0.895634982546849,0.6387105451828444,1.2559085301027224,0,measured,EMB,353,
screen_years,-0.024534519897001297,3.626067586305543e-05,1.5730567839426034e-05,5.251559596379567e-05,0.007246764516927238,0.4482795677093745,-3.385582605822603,302.69476942551216,0.30952557621066323,240.98727685881397,134.169573378027,0.0008040039996530498,1.9678320549306936,-0.038794935407945055,-0.010274104386057536,1.0248379677976867,1.010327064212729,1.0395572854005504,0,measured,EMB,353,1.0
EMB_AUC,-0.006189234414368829,0.0005704452466685908,0.0001337681413967967,0.0007086723261119474,0.02662090017471136,0.2423143680319977,-0.23249530908982258,762.2592115344698,0.1950507651423673,277.7212851556237,203.5572864326023,0.816215738545333,1.9630810061562212,-0.05844821791412552,0.04606974908538787,1.006208427301682,0.9549753512103993,1.0601900854191377,0,measured,"RIF,INH,EMB",353,
EMB_midpoint,0.20655733354134906,0.03262859069856034,0.013257397438559861,0.046327901385072194,0.2152391725153026,0.4198560340246723,0.9596642243486775,331.65444519365667,0.2957032431200533,242.994454782271,140.24248735066777,0.3379233185168181,1.967142555200479,-0.21684880225964007,0.6299634693423382,0.8133796261856607,0.5326112572910265,1.2421562767165186,0,measured,"RIF,INH,EMB",353,
F2,0.02218372980405183,0.015071934934317296,0.005573930266456007,0.02083166287632184,0.1443317805485744,0.38214920427305016,0.15369955057532161,379.35161278924403,0.2764891106485452,249.62365987006936,150.5546276273987,0.8779283679825782,1.9662371339422442,-0.2616067767185581,0.3059742363266617,0.9780605196745494,0.7364055917248111,1.2990156387942318,0,measured,"RIF,INH,EMB",353,
INH_AUC,0.015765251534181544,0.0002687761684431384,8.20715443177741e-05,0.00035358343090483827,0.018803814264793148,0.31553118326278073,0.8384071078440303,504.0988652176881,0.23985078216101285,262.26451128389925,172.51247460258995,0.40219946255803796,1.9646810758924442,-0.02117824650645395,0.05270874957481704,0.9843583695520346,0.9486562687920999,1.0214040971245508,0,measured,"RIF,INH,EMB",353,
INH_midpoint,0.005956424122132276,0.02886100689244665,0.008913347055971748,0.038071465516950787,0.195119105976198,0.3191315763454758,0.030527118768465873,495.48975088104015,0.24192550771136753,261.54869540230317,171.1864153853604,0.9756589578322781,1.9647632322155748,-0.3774064212026758,0.38931926944694034,0.994061280203098,0.6775179247064723,1.458496953017341,0,measured,"RIF,INH,EMB",353,
Not_Lineage_2,0.2793060297770703,0.018922024692059104,0.009548087508729484,0.0287883817844129,0.16967139353589603,0.5214218485030494,1.6461586361520615,246.89872397945604,0.34272010029045163,226.77283305521777,118.20410637500216,0.10100339820441209,1.9696187329813617,-0.0548819253822832,0.6134939849364238,0.756308414900087,0.541455722058309,1.056415871410966,0,measured,"RIF,INH,EMB",353,
RIF_AUC,0.006704360112494657,4.968375264778018e-05,7.1222078098426225e-06,5.7043367384617556e-05,0.007552705964395646,0.14812920410846217,0.8876765683848687,1742.2005516737925,0.12901788716670304,300.5037600494217,256.29642701272695,0.37483728122671145,1.9613265671354532,-0.008108962749236916,0.02151768297422623,0.9933180639687403,0.9787121707740403,1.0081419294359686,0,measured,"RIF,INH,EMB",353,
RIF_midpoint,0.14919433094210882,0.023922290589169913,0.009879994552954395,0.03413161829388945,0.18474744462072934,0.42677049117284377,0.8075582926107151,324.1286867356393,0.2991164267926701,241.81684790349811,138.49349901044772,0.41993713254145615,1.9673098433267648,-0.21426113538971836,0.512649797273936,0.8614017016284844,0.5989064935711921,1.2389461452386892,0,measured,"RIF,INH,EMB",353,
TTP_baseline,1.3066709235855123,0.06263107157332452,0.02540845980599393,0.08888648003951825,0.2981383572093974,0.4192073966905635,4.382766899959043,332.3776829407573,0.2953813499479423,243.10551344481794,140.40869963955228,1.5736422075972832e-05,1.967126878959368,0.7201949474701171,1.8931468997009073,0.27071980480520197,0.1505971482526653,0.4866573740878894,0,measured,"RIF,INH,EMB",353,1.0
bl_bmi,0.017552459531035222,0.0004527982094363837,9.957389122680795e-05,0.0005556912303707519,0.02357310396131048,0.22723813564201886,0.7445968744652091,845.8497930909302,0.18516221835230148,281.13300331614136,211.00259333514865,0.4567222738422403,1.9627725348333542,-0.028716181484996335,0.06382110054706677,0.9826006875417265,0.9381728231233211,1.02913246617309,0,measured,"RIF,INH,EMB",353,
diabetes,0.25087781160636186,0.0908574636506263,0.02613514836414054,0.11786378362690487,0.34331295289706865,0.2972383213351169,0.7307554506444139,552.3672702023608,0.22913162249878596,265.9628051243903,179.52309596254614,0.46523838021498287,1.9642679858217038,-0.4234808308872647,0.9252364540999884,0.7781174426709276,0.3964376686794479,1.5272684773008125,0,measured,"RIF,INH,EMB",353,
fstrom1_baseline,0.20953318286603959,0.02271171169386036,0.0063359392782899844,0.029258848948093344,0.1710521819448479,0.28827141443517296,1.2249664428928424,579.1746974325708,0.22376605675253775,267.814017287973,183.1324310881055,0.2210858176191649,1.964068363028389,-0.126424996118812,0.5454913618508912,0.810962728919014,0.5795569411939734,1.1347643362546838,0,measured,"RIF,INH,EMB",353,
screen_sex,0.16508387692003332,0.0269466271528208,0.0072172117846372045,0.03440441266361258,0.18548426527232054,0.2767613723415879,0.8900155313857152,617.1724294011107,0.2167682844555407,270.2283686922478,187.9393157603943,0.3738043394619871,1.9638151792918153,-0.19917293874153943,0.5293406925816061,0.8478225883580273,0.5889931692587372,1.2203930008810404,0,measured,"RIF,INH,EMB",353,
screen_years,-0.024076261140936264,3.692708666317658e-05,1.6393569684206757e-05,5.3867108670190235e-05,0.00733942154874553,0.4587424445781182,-3.280403091855574,293.23606848338574,0.31447802611295833,236.51683279629603,130.92003085172763,0.0011616650463980238,1.9680868814783041,-0.03852088040866152,-0.009631641873211009,1.0243684344175037,1.0096781754139417,1.0392724285644477,0,measured,"RIF,INH,EMB",353,1.0
