,id,seqres_id,coord_id,one_letter_code,three_letter_code,chain_index,chain_id,sec_struct,sec_struct_3state,hetatm,coord
0,22,1,22,S,SER,0,C,NA,NA,False,[196.078 151.872   3.679]
1,23,2,23,N,ASN,0,C,NA,NA,False,[194.279 153.774   6.448]
2,24,3,24,N,ASN,0,C,NA,NA,False,[193.269 151.467   9.306]
3,25,4,25,S,SER,0,C,NA,NA,False,[195.59  148.453   9.122]
4,26,5,26,V,VAL,0,C,NA,NA,False,[194.503 147.095  12.501]
5,27,6,27,P,PRO,0,C,NA,NA,False,[191.601 144.609  12.432]
6,28,7,28,G,GLY,0,C,NA,NA,False,[191.849 142.55    9.241]
7,29,8,29,A,ALA,0,C,NA,NA,False,[189.808 144.819   6.998]
8,30,9,30,P,PRO,0,C,NA,NA,False,[189.473 145.507   3.283]
9,31,10,31,N,ASN,0,C,NA,NA,False,[192.311 147.7     1.988]
10,32,11,32,R,ARG,0,C,NA,NA,False,[191.076 151.257   1.478]
11,33,12,33,V,VAL,0,C,NA,NA,False,[1.93952e+02 1.53276e+02 5.00000e-02]
12,34,13,34,S,SER,0,C,NA,NA,False,[194.175 156.86    1.31 ]
13,35,14,35,F,PHE,0,C,NA,NA,False,[1.95336e+02 1.60241e+02 4.80000e-02]
14,36,15,36,A,ALA,0,C,NA,NA,False,[196.912 161.455   3.28 ]
15,37,16,37,K,LYS,0,C,NA,NA,False,[199.7   162.954   5.29 ]
16,38,17,38,L,LEU,0,C,NA,NA,False,[200.835 160.06    7.489]
17,39,18,39,R,ARG,0,C,NA,NA,False,[198.575 159.888  10.536]
18,40,19,40,E,GLU,0,C,NA,NA,False,[200.224 158.062  13.421]
19,41,20,41,P,PRO,0,C,NA,NA,False,[199.197 159.991  16.536]
20,42,21,42,L,LEU,0,C,NA,NA,False,[196.548 157.544  17.798]
21,43,22,43,E,GLU,0,C,NA,NA,False,[193.752 155.242  16.631]
22,44,23,44,V,VAL,0,C,NA,NA,False,[190.164 156.398  17.067]
23,45,24,45,P,PRO,0,C,NA,NA,False,[189.387 155.628  20.723]
24,46,25,46,G,GLY,0,C,NA,NA,False,[186.383 153.424  21.499]
25,47,26,47,L,LEU,0,C,NA,NA,False,[183.333 155.326  20.29 ]
26,48,27,48,L,LEU,0,C,NA,NA,False,[180.916 153.626  22.691]
27,49,28,49,D,ASP,0,C,NA,NA,False,[183.244 154.454  25.597]
28,50,29,50,V,VAL,0,C,NA,NA,False,[181.118 157.453  26.623]
29,51,30,51,Q,GLN,0,C,NA,NA,False,[178.338 155.149  27.818]
30,52,31,52,T,THR,0,C,NA,NA,False,[180.569 152.223  28.825]
31,53,32,53,D,ASP,0,C,NA,NA,False,[183.228 153.923  30.981]
32,54,33,54,S,SER,0,C,NA,NA,False,[180.466 155.92   32.667]
33,55,34,55,F,PHE,0,C,NA,NA,False,[178.292 152.977  33.736]
34,56,35,56,E,GLU,0,C,NA,NA,False,[181.386 151.002  34.74 ]
35,57,36,57,W,TRP,0,C,NA,NA,False,[182.104 153.801  37.2  ]
36,58,37,58,L,LEU,0,C,NA,NA,False,[178.579 153.458  38.563]
37,59,38,59,I,ILE,0,C,NA,NA,False,[178.906 149.777  39.493]
38,60,39,60,G,GLY,0,C,NA,NA,False,[182.635 150.032  40.199]
39,61,40,61,S,SER,0,C,NA,NA,False,[183.588 147.263  37.774]
40,62,41,62,P,PRO,0,C,NA,NA,False,[187.078 145.663  37.672]
41,63,42,63,R,ARG,0,C,NA,NA,False,[187.847 147.275  34.299]
42,64,43,64,W,TRP,0,C,NA,NA,False,[187.205 150.648  35.94 ]
43,65,44,65,R,ARG,0,C,NA,NA,False,[189.366 150.185  39.037]
44,66,45,66,E,GLU,0,C,NA,NA,False,[192.125 149.149  36.636]
45,67,46,67,S,SER,0,C,NA,NA,False,[191.306 152.177  34.484]
46,68,47,68,A,ALA,0,C,NA,NA,False,[191.421 154.215  37.69 ]
47,69,48,69,A,ALA,0,C,NA,NA,False,[194.814 152.661  38.377]
48,70,49,70,E,GLU,0,C,NA,NA,False,[196.114 153.243  34.833]
49,71,50,71,R,ARG,0,C,NA,NA,False,[195.029 156.896  34.974]
50,72,51,72,G,GLY,0,C,NA,NA,False,[196.753 157.217  38.338]
51,73,52,73,D,ASP,0,C,NA,NA,False,[193.645 158.068  40.337]
52,74,53,74,V,VAL,0,C,NA,NA,False,[194.313 158.081  44.081]
53,75,54,75,N,ASN,0,C,NA,NA,False,[191.654 156.178  46.053]
54,76,55,76,P,PRO,0,C,NA,NA,False,[188.874 155.586  43.484]
55,77,56,77,V,VAL,0,C,NA,NA,False,[185.263 155.646  44.714]
56,78,57,78,G,GLY,0,C,NA,NA,False,[182.44  154.077  42.707]
57,79,58,79,G,GLY,0,C,NA,NA,False,[179.114 155.712  41.899]
58,80,59,80,L,LEU,0,C,NA,NA,False,[177.324 153.361  44.283]
59,81,60,81,E,GLU,0,C,NA,NA,False,[180.147 153.46   46.85 ]
60,82,61,82,E,GLU,0,C,NA,NA,False,[179.87  157.263  46.966]
61,83,62,83,V,VAL,0,C,NA,NA,False,[176.137 157.392  47.668]
62,84,63,84,L,LEU,0,C,NA,NA,False,[176.566 155.068  50.658]
63,85,64,85,Y,TYR,0,C,NA,NA,False,[179.384 157.099  52.237]
64,86,65,86,E,GLU,0,C,NA,NA,False,[177.406 160.34   52.001]
65,87,66,87,L,LEU,0,C,NA,NA,False,[174.412 158.634  53.581]
66,88,67,88,S,SER,0,C,NA,NA,False,[176.295 156.702  56.268]
67,89,68,89,P,PRO,0,C,NA,NA,False,[175.923 156.693  59.095]
68,90,69,90,I,ILE,0,C,NA,NA,False,[172.208 157.218  59.728]
69,91,70,91,E,GLU,0,C,NA,NA,False,[171.611 158.319  63.319]
70,92,71,92,D,ASP,0,C,NA,NA,False,[168.606 159.868  65.049]
71,93,72,93,F,PHE,0,C,NA,NA,False,[168.639 163.024  67.191]
72,94,73,94,S,SER,0,C,NA,NA,False,[169.58  161.026  70.29 ]
73,95,74,95,G,GLY,0,C,NA,NA,False,[172.68  159.45   68.753]
74,96,75,96,S,SER,0,C,NA,NA,False,[171.563 156.161  70.28 ]
75,97,76,97,M,MET,0,C,NA,NA,False,[170.869 154.295  67.04 ]
76,98,77,98,S,SER,0,C,NA,NA,False,[173.16 154.19  64.  ]
77,99,78,99,L,LEU,0,C,NA,NA,False,[172.57  152.615  60.591]
78,100,79,100,S,SER,0,C,NA,NA,False,[175.356 152.424  58.001]
79,101,80,101,F,PHE,0,C,NA,NA,False,[175.972 150.756  54.632]
80,102,81,102,S,SER,0,C,NA,NA,False,[178.999 149.336  52.823]
81,103,82,103,D,ASP,0,C,NA,NA,False,[180.231 146.76   50.284]
82,104,83,104,P,PRO,0,C,NA,NA,False,[177.71  146.734  47.414]
83,105,84,105,R,ARG,0,C,NA,NA,False,[177.672 143.599  45.239]
84,106,85,106,F,PHE,0,C,NA,NA,False,[175.717 142.113  42.329]
85,107,86,107,D,ASP,0,C,NA,NA,False,[174.449 138.664  41.415]
86,108,87,108,D,ASP,0,C,NA,NA,False,[174.313 137.315  37.871]
87,109,88,109,V,VAL,0,C,NA,NA,False,[171.709 138.799  35.545]
88,110,89,110,K,LYS,0,C,NA,NA,False,[168.294 137.23   36.064]
89,111,90,111,A,ALA,0,C,NA,NA,False,[167.831 136.662  32.321]
90,112,91,112,P,PRO,0,C,NA,NA,False,[169.927 136.935  29.118]
91,113,92,113,V,VAL,0,C,NA,NA,False,[169.514 139.95   26.798]
92,114,93,114,D,ASP,0,C,NA,NA,False,[167.617 138.127  24.056]
93,115,94,115,E,GLU,0,C,NA,NA,False,[165.065 136.715  26.496]
94,116,95,116,C,CYS,0,C,NA,NA,False,[164.421 140.158  27.959]
95,117,96,117,K,LYS,0,C,NA,NA,False,[163.63  141.607  24.528]
96,118,97,118,D,ASP,0,C,NA,NA,False,[161.403 138.612  23.838]
97,119,98,119,K,LYS,0,C,NA,NA,False,[159.521 138.388  27.136]
98,120,99,120,D,ASP,0,C,NA,NA,False,[159.338 142.182  27.579]
99,121,100,121,M,MET,0,C,NA,NA,False,[161.154 142.251  30.922]
100,122,101,122,T,THR,0,C,NA,NA,False,[164.005 144.483  32.107]
101,123,102,123,Y,TYR,0,C,NA,NA,False,[167.642 143.406  31.714]
102,124,103,124,A,ALA,0,C,NA,NA,False,[168.851 143.575  35.306]
103,125,104,125,A,ALA,0,C,NA,NA,False,[171.102 142.021  37.948]
104,126,105,126,P,PRO,0,C,NA,NA,False,[169.985 142.029  41.614]
105,127,106,127,L,LEU,0,C,NA,NA,False,[171.875 144.309  44.023]
106,128,107,128,F,PHE,0,C,NA,NA,False,[172.965 143.544  47.599]
107,129,108,129,V,VAL,0,C,NA,NA,False,[174.481 145.632  50.4  ]
108,130,109,130,T,THR,0,C,NA,NA,False,[175.796 144.941  53.901]
109,131,110,131,A,ALA,0,C,NA,NA,False,[173.906 146.915  56.542]
110,132,111,132,E,GLU,0,C,NA,NA,False,[174.615 147.054  60.27 ]
111,133,112,133,F,PHE,0,C,NA,NA,False,[172.607 148.593  63.106]
112,134,113,134,I,ILE,0,C,NA,NA,False,[174.968 150.281  65.566]
113,135,114,135,N,ASN,0,C,NA,NA,False,[173.607 151.154  69.004]
114,136,115,136,N,ASN,0,C,NA,NA,False,[175.623 153.331  71.382]
115,137,116,137,N,ASN,0,C,NA,NA,False,[173.589 152.548  74.5  ]
116,138,117,138,T,THR,0,C,NA,NA,False,[173.449 148.754  74.273]
117,139,118,139,G,GLY,0,C,NA,NA,False,[176.844 148.708  72.562]
118,140,119,140,E,GLU,0,C,NA,NA,False,[175.704 145.742  70.465]
119,141,120,141,I,ILE,0,C,NA,NA,False,[175.855 145.504  66.666]
120,142,121,142,K,LYS,0,C,NA,NA,False,[173.612 143.5    64.335]
121,143,122,143,S,SER,0,C,NA,NA,False,[175.1   143.238  60.834]
122,144,123,144,Q,GLN,0,C,NA,NA,False,[173.437 141.461  57.913]
123,145,124,145,T,THR,0,C,NA,NA,False,[172.953 141.523  54.138]
124,146,125,146,V,VAL,0,C,NA,NA,False,[170.003 143.387  52.612]
125,147,126,147,F,PHE,0,C,NA,NA,False,[168.356 142.982  49.193]
126,148,127,148,M,MET,0,C,NA,NA,False,[168.036 146.314  47.389]
127,149,128,149,G,GLY,0,C,NA,NA,False,[166.12  145.464  44.219]
128,150,129,150,D,ASP,0,C,NA,NA,False,[166.693 144.403  40.625]
129,151,130,151,F,PHE,0,C,NA,NA,False,[169.158 146.833  39.05 ]
130,152,131,152,P,PRO,0,C,NA,NA,False,[169.07  147.668  35.305]
131,153,132,153,M,MET,0,C,NA,NA,False,[172.365 146.631  33.698]
132,154,133,154,M,MET,0,C,NA,NA,False,[173.918 148.095  30.537]
133,155,134,155,T,THR,0,C,NA,NA,False,[174.71  145.863  27.562]
134,156,135,156,E,GLU,0,C,NA,NA,False,[177.888 145.606  25.486]
135,157,136,157,K,LYS,0,C,NA,NA,False,[176.392 147.78   22.744]
136,158,137,158,G,GLY,0,C,NA,NA,False,[176.011 150.427  25.453]
137,159,138,159,T,THR,0,C,NA,NA,False,[172.23  150.367  25.8  ]
138,160,139,160,F,PHE,0,C,NA,NA,False,[169.632 149.375  28.374]
139,161,140,161,I,ILE,0,C,NA,NA,False,[166.63  147.101  28.091]
140,162,141,162,I,ILE,0,C,NA,NA,False,[163.513 148.378  29.821]
141,163,142,163,N,ASN,0,C,NA,NA,False,[160.381 146.281  29.351]
142,164,143,164,G,GLY,0,C,NA,NA,False,[161.463 144.613  26.117]
143,165,144,165,T,THR,0,C,NA,NA,False,[162.546 147.751  24.281]
144,166,145,166,E,GLU,0,C,NA,NA,False,[166.137 148.869  23.792]
145,167,146,167,R,ARG,0,C,NA,NA,False,[166.681 152.263  25.426]
146,168,147,168,V,VAL,0,C,NA,NA,False,[169.574 154.749  25.62 ]
147,169,148,169,V,VAL,0,C,NA,NA,False,[170.57  157.259  28.315]
148,170,149,170,V,VAL,0,C,NA,NA,False,[171.735 160.51   26.707]
149,171,150,171,S,SER,0,C,NA,NA,False,[174.355 162.706  28.394]
150,172,151,172,Q,GLN,0,C,NA,NA,False,[173.122 166.098  29.622]
151,173,152,173,L,LEU,0,C,NA,NA,False,[174.873 169.481  29.294]
152,174,153,174,V,VAL,0,C,NA,NA,False,[174.241 171.409  32.499]
153,175,154,175,R,ARG,0,C,NA,NA,False,[175.606 174.515  34.157]
154,176,155,176,S,SER,0,C,NA,NA,False,[178.528 173.492  36.366]
155,177,156,177,P,PRO,0,C,NA,NA,False,[178.298 174.555  40.027]
156,178,157,178,G,GLY,0,C,NA,NA,False,[180.707 177.22   41.264]
157,179,158,179,V,VAL,0,C,NA,NA,False,[181.23  180.964  41.55 ]
158,180,159,180,Y,TYR,0,C,NA,NA,False,[180.826 183.003  38.351]
159,181,160,181,F,PHE,0,C,NA,NA,False,[181.603 186.638  37.59 ]
160,182,161,182,D,ASP,0,C,NA,NA,False,[179.738 188.793  35.08 ]
161,183,162,183,E,GLU,0,C,NA,NA,False,[180.431 192.262  33.664]
162,184,163,184,T,THR,0,C,NA,NA,False,[177.201 194.077  32.85 ]
163,185,164,185,I,ILE,0,C,NA,NA,False,[177.211 197.573  31.342]
164,186,165,186,D,ASP,0,C,NA,NA,False,[174.807 200.074  32.918]
165,187,166,187,K,LYS,0,C,NA,NA,False,[172.269 201.791  30.648]
166,188,167,188,S,SER,0,C,NA,NA,False,[172.2   205.197  32.337]
167,189,168,189,T,THR,0,C,NA,NA,False,[175.629 205.784  33.883]
168,190,169,190,D,ASP,0,C,NA,NA,False,[177.446 203.812  31.151]
169,191,170,191,K,LYS,0,C,NA,NA,False,[179.917 202.532  33.751]
170,192,171,192,T,THR,0,C,NA,NA,False,[181.119 198.945  34.152]
171,193,172,193,L,LEU,0,C,NA,NA,False,[179.192 197.032  36.821]
172,194,173,194,H,HIS,0,C,NA,NA,False,[180.326 193.61   38.044]
173,195,174,195,S,SER,0,C,NA,NA,False,[177.989 190.868  39.253]
174,196,175,196,V,VAL,0,C,NA,NA,False,[178.786 187.586  41.01 ]
175,197,176,197,K,LYS,0,C,NA,NA,False,[176.534 184.523  41.358]
176,198,177,198,V,VAL,0,C,NA,NA,False,[177.175 181.48   43.578]
177,199,178,199,I,ILE,0,C,NA,NA,False,[175.545 178.261  42.372]
178,200,179,200,P,PRO,0,C,NA,NA,False,[175.265 175.229  44.657]
179,201,180,201,S,SER,0,C,NA,NA,False,[174.704 171.714  43.338]
180,202,181,202,R,ARG,0,C,NA,NA,False,[171.588 171.982  45.481]
181,203,182,203,G,GLY,0,C,NA,NA,False,[170.539 174.658  47.95 ]
182,204,183,204,A,ALA,0,C,NA,NA,False,[169.887 178.353  48.471]
183,205,184,205,W,TRP,0,C,NA,NA,False,[171.086 181.162  46.213]
184,206,185,206,L,LEU,0,C,NA,NA,False,[173.795 183.75   46.867]
185,207,186,207,E,GLU,0,C,NA,NA,False,[174.84  186.578  44.55 ]
186,208,187,208,F,PHE,0,C,NA,NA,False,[176.958 189.672  45.193]
187,209,188,209,D,ASP,0,C,NA,NA,False,[176.502 192.559  42.751]
188,210,189,210,V,VAL,0,C,NA,NA,False,[177.948 196.064  42.446]
189,211,190,211,D,ASP,0,C,NA,NA,False,[175.752 199.149  42.07 ]
190,212,191,212,K,LYS,0,C,NA,NA,False,[176.414 202.26   40.017]
191,213,192,213,R,ARG,0,C,NA,NA,False,[176.389 203.941  43.428]
192,214,193,214,D,ASP,0,C,NA,NA,False,[179.706 202.267  44.319]
193,215,194,215,T,THR,0,C,NA,NA,False,[177.935 200.31   47.074]
194,216,195,216,V,VAL,0,C,NA,NA,False,[178.17  196.519  47.329]
195,217,196,217,G,GLY,0,C,NA,NA,False,[174.97  194.517  47.79 ]
196,218,197,218,V,VAL,0,C,NA,NA,False,[173.923 190.906  48.311]
197,219,198,219,R,ARG,0,C,NA,NA,False,[170.757 189.085  47.24 ]
198,220,199,220,I,ILE,0,C,NA,NA,False,[170.003 185.871  49.14 ]
199,221,200,221,D,ASP,0,C,NA,NA,False,[167.628 183.478  47.344]
200,222,201,222,R,ARG,0,C,NA,NA,False,[166.295 186.416  45.299]
201,223,202,223,K,LYS,0,C,NA,NA,False,[165.513 188.589  48.329]
202,224,203,224,R,ARG,0,C,NA,NA,False,[165.957 192.376  48.143]
203,225,204,225,R,ARG,0,C,NA,NA,False,[169.41  193.987  48.074]
204,226,205,226,Q,GLN,0,C,NA,NA,False,[171.282 194.896  51.268]
205,227,206,227,P,PRO,0,C,NA,NA,False,[174.778 196.349  51.908]
206,228,207,228,V,VAL,0,C,NA,NA,False,[177.518 193.697  51.969]
207,229,208,229,T,THR,0,C,NA,NA,False,[178.887 194.888  55.32 ]
208,230,209,230,V,VAL,0,C,NA,NA,False,[175.614 193.769  56.915]
209,231,210,231,L,LEU,0,C,NA,NA,False,[176.66  190.214  56.073]
210,232,211,232,L,LEU,0,C,NA,NA,False,[180.204 190.54   57.441]
211,233,212,233,K,LYS,0,C,NA,NA,False,[179.018 192.01   60.754]
212,234,213,234,A,ALA,0,C,NA,NA,False,[176.585 189.09   60.866]
213,235,214,235,L,LEU,0,C,NA,NA,False,[179.424 186.586  60.47 ]
214,236,215,236,G,GLY,0,C,NA,NA,False,[181.2   187.995  63.509]
215,237,216,237,W,TRP,0,C,NA,NA,False,[183.859 190.007  61.696]
216,238,217,238,T,THR,0,C,NA,NA,False,[184.649 193.222  63.592]
217,239,218,239,S,SER,0,C,NA,NA,False,[183.941 196.656  62.1  ]
218,240,219,240,E,GLU,0,C,NA,NA,False,[187.714 197.165  62.146]
219,241,220,241,Q,GLN,0,C,NA,NA,False,[188.573 193.978  60.23 ]
220,242,221,242,I,ILE,0,C,NA,NA,False,[186.244 195.267  57.508]
221,243,222,243,V,VAL,0,C,NA,NA,False,[188.449 198.351  57.192]
222,244,223,244,E,GLU,0,C,NA,NA,False,[191.55  196.131  56.991]
223,245,224,245,R,ARG,0,C,NA,NA,False,[190.749 193.487  54.373]
224,246,225,246,F,PHE,0,C,NA,NA,False,[188.769 195.651  51.944]
225,247,226,247,G,GLY,0,C,NA,NA,False,[190.303 199.043  52.724]
226,248,227,248,F,PHE,0,C,NA,NA,False,[192.385 199.139  49.536]
227,249,228,249,S,SER,0,C,NA,NA,False,[189.224 200.248  47.712]
228,250,229,250,E,GLU,0,C,NA,NA,False,[187.109 203.388  48.039]
229,251,230,251,I,ILE,0,C,NA,NA,False,[183.917 201.524  47.109]
230,252,231,252,M,MET,0,C,NA,NA,False,[184.086 199.328  50.227]
231,253,232,253,R,ARG,0,C,NA,NA,False,[184.871 202.305  52.45 ]
232,254,233,254,S,SER,0,C,NA,NA,False,[181.757 203.899  50.968]
233,255,234,255,T,THR,0,C,NA,NA,False,[179.714 200.821  51.868]
234,256,235,256,L,LEU,0,C,NA,NA,False,[180.752 200.399  55.502]
235,257,236,257,E,GLU,0,C,NA,NA,False,[180.096 204.132  55.843]
236,258,237,258,K,LYS,0,C,NA,NA,False,[176.616 204.082  54.289]
237,259,238,259,D,ASP,0,C,NA,NA,False,[176.    201.042  56.495]
238,260,239,260,N,ASN,0,C,NA,NA,False,[172.697 201.537  58.304]
239,261,240,261,T,THR,0,C,NA,NA,False,[173.191 199.699  61.589]
240,262,241,262,V,VAL,0,C,NA,NA,False,[176.16  198.291  63.507]
241,263,242,263,G,GLY,0,C,NA,NA,False,[176.347 195.334  65.896]
242,264,243,264,T,THR,0,C,NA,NA,False,[176.663 191.556  65.616]
243,265,244,265,D,ASP,0,C,NA,NA,False,[173.136 191.173  67.005]
244,266,245,266,E,GLU,0,C,NA,NA,False,[171.66  194.006  64.928]
245,267,246,267,A,ALA,0,C,NA,NA,False,[173.023 192.489  61.71 ]
246,268,247,268,L,LEU,0,C,NA,NA,False,[171.66  188.976  62.245]
247,269,248,269,L,LEU,0,C,NA,NA,False,[168.259 190.421  63.153]
248,270,249,270,D,ASP,0,C,NA,NA,False,[168.348 192.616  60.045]
249,271,250,271,I,ILE,0,C,NA,NA,False,[169.13  189.71   57.715]
250,272,251,272,Y,TYR,0,C,NA,NA,False,[166.53  187.547  59.477]
251,273,252,273,R,ARG,0,C,NA,NA,False,[163.869 190.266  59.093]
252,274,253,274,K,LYS,0,C,NA,NA,False,[164.306 190.411  55.326]
253,275,254,275,L,LEU,0,C,NA,NA,False,[164.682 186.659  54.81 ]
254,276,255,276,R,ARG,0,C,NA,NA,False,[161.681 185.279  56.696]
255,277,256,277,P,PRO,0,C,NA,NA,False,[159.027 187.842  57.684]
256,278,257,278,G,GLY,0,C,NA,NA,False,[156.178 186.38   59.739]
257,279,258,279,E,GLU,0,C,NA,NA,False,[158.382 184.734  62.346]
258,280,259,280,P,PRO,0,C,NA,NA,False,[159.581 185.861  65.811]
259,281,260,281,P,PRO,0,C,NA,NA,False,[163.271 186.932  65.666]
260,282,261,282,T,THR,0,C,NA,NA,False,[165.284 185.368  68.483]
261,283,262,283,K,LYS,0,C,NA,NA,False,[169.011 186.089  68.704]
262,284,263,284,E,GLU,0,C,NA,NA,False,[169.28 182.29  68.67]
263,285,264,285,S,SER,0,C,NA,NA,False,[167.041 181.778  65.631]
264,286,265,286,A,ALA,0,C,NA,NA,False,[168.789 184.33   63.412]
265,287,266,287,Q,GLN,0,C,NA,NA,False,[172.17  182.844  64.291]
266,288,267,288,T,THR,0,C,NA,NA,False,[170.877 179.359  63.505]
267,289,268,289,L,LEU,0,C,NA,NA,False,[169.538 179.64   59.951]
268,290,269,290,L,LEU,0,C,NA,NA,False,[172.561 181.614  58.745]
269,291,270,291,E,GLU,0,C,NA,NA,False,[174.529 178.466  59.602]
270,292,271,292,N,ASN,0,C,NA,NA,False,[172.146 176.013  57.913]
271,293,272,293,L,LEU,0,C,NA,NA,False,[171.368 177.85   54.66 ]
272,294,273,294,F,PHE,0,C,NA,NA,False,[175.017 178.006  53.601]
273,295,274,295,F,PHE,0,C,NA,NA,False,[177.287 176.006  55.934]
274,296,275,296,K,LYS,0,C,NA,NA,False,[175.542 172.673  56.563]
275,297,276,297,E,GLU,0,C,NA,NA,False,[175.573 169.513  54.437]
276,298,277,298,K,LYS,0,C,NA,NA,False,[171.83  169.152  54.959]
277,299,278,299,R,ARG,0,C,NA,NA,False,[170.475 172.342  53.379]
278,300,279,300,Y,TYR,0,C,NA,NA,False,[173.511 173.358  51.311]
279,301,280,301,D,ASP,0,C,NA,NA,False,[175.869 171.373  49.1  ]
280,302,281,302,L,LEU,0,C,NA,NA,False,[178.47  172.054  46.457]
281,303,282,303,A,ALA,0,C,NA,NA,False,[179.279 168.812  44.656]
282,304,283,304,R,ARG,0,C,NA,NA,False,[182.831 167.507  44.25 ]
283,305,284,305,V,VAL,0,C,NA,NA,False,[182.809 169.616  41.102]
284,306,285,306,G,GLY,0,C,NA,NA,False,[181.06  172.408  43.015]
285,307,286,307,R,ARG,0,C,NA,NA,False,[183.879 172.541  45.557]
286,308,287,308,Y,TYR,0,C,NA,NA,False,[186.621 171.993  42.98 ]
287,309,288,309,K,LYS,0,C,NA,NA,False,[185.289 174.751  40.717]
288,310,289,310,V,VAL,0,C,NA,NA,False,[185.054 177.311  43.532]
289,311,290,311,N,ASN,0,C,NA,NA,False,[188.592 176.422  44.58 ]
290,312,291,312,K,LYS,0,C,NA,NA,False,[190.137 176.867  41.117]
291,313,292,313,K,LYS,0,C,NA,NA,False,[188.495 180.281  40.762]
292,314,293,314,L,LEU,0,C,NA,NA,False,[189.66  181.439  44.199]
293,315,294,315,G,GLY,0,C,NA,NA,False,[192.85  179.387  44.481]
294,316,295,316,L,LEU,0,C,NA,NA,False,[192.646 178.181  48.073]
295,317,296,317,H,HIS,0,C,NA,NA,False,[193.3   174.628  49.325]
296,318,297,318,V,VAL,0,C,NA,NA,False,[194.314 173.946  45.745]
297,319,298,319,G,GLY,0,C,NA,NA,False,[196.611 171.064  46.685]
298,320,299,320,E,GLU,0,C,NA,NA,False,[194.477 169.636  49.483]
299,321,300,321,P,PRO,0,C,NA,NA,False,[192.267 166.667  48.432]
300,322,301,322,I,ILE,0,C,NA,NA,False,[188.49  167.005  48.019]
301,323,302,323,T,THR,0,C,NA,NA,False,[186.961 166.401  51.464]
302,324,303,324,S,SER,0,C,NA,NA,False,[184.776 169.502  51.872]
303,325,304,325,S,SER,0,C,NA,NA,False,[181.322 169.438  50.281]
304,326,305,326,T,THR,0,C,NA,NA,False,[180.224 172.676  51.931]
305,327,306,327,L,LEU,0,C,NA,NA,False,[180.719 176.42   51.572]
306,328,307,328,T,THR,0,C,NA,NA,False,[182.817 178.238  54.184]
307,329,308,329,E,GLU,0,C,NA,NA,False,[183.349 181.738  55.583]
308,330,309,330,E,GLU,0,C,NA,NA,False,[186.76  181.827  53.885]
309,331,310,331,D,ASP,0,C,NA,NA,False,[185.077 181.37   50.517]
310,332,311,332,V,VAL,0,C,NA,NA,False,[182.526 184.109  51.238]
311,333,312,333,V,VAL,0,C,NA,NA,False,[185.203 186.675  52.064]
312,334,313,334,A,ALA,0,C,NA,NA,False,[187.583 185.613  49.28 ]
313,335,314,335,T,THR,0,C,NA,NA,False,[184.665 185.989  46.862]
314,336,315,336,I,ILE,0,C,NA,NA,False,[183.9   189.556  47.93 ]
315,337,316,337,E,GLU,0,C,NA,NA,False,[187.621 190.273  47.514]
316,338,317,338,Y,TYR,0,C,NA,NA,False,[187.467 188.826  43.995]
317,339,318,339,L,LEU,0,C,NA,NA,False,[184.568 191.132  43.125]
318,340,319,340,V,VAL,0,C,NA,NA,False,[186.002 194.444  44.323]
319,341,320,341,R,ARG,0,C,NA,NA,False,[189.427 194.06   42.682]
320,342,321,342,L,LEU,0,C,NA,NA,False,[187.909 193.084  39.329]
321,343,322,343,H,HIS,0,C,NA,NA,False,[185.707 196.17   39.672]
322,344,323,344,E,GLU,0,C,NA,NA,False,[188.512 198.73   39.978]
323,345,324,345,G,GLY,0,C,NA,NA,False,[190.589 197.213  37.178]
324,346,325,346,Q,GLN,0,C,NA,NA,False,[192.849 194.708  38.942]
325,347,326,347,T,THR,0,C,NA,NA,False,[193.961 191.795  36.792]
326,348,327,348,T,THR,0,C,NA,NA,False,[195.367 189.398  39.384]
327,349,328,349,M,MET,0,C,NA,NA,False,[194.985 188.519  43.069]
328,350,329,350,T,THR,0,C,NA,NA,False,[196.372 186.221  45.752]
329,351,330,351,V,VAL,0,C,NA,NA,False,[193.952 185.003  48.411]
330,352,331,352,P,PRO,0,C,NA,NA,False,[195.653 184.985  51.845]
331,353,332,353,G,GLY,0,C,NA,NA,False,[196.565 181.325  52.255]
332,354,333,354,G,GLY,0,C,NA,NA,False,[196.193 180.68   48.541]
333,355,334,355,V,VAL,0,C,NA,NA,False,[198.094 180.624  45.249]
334,356,335,356,E,GLU,0,C,NA,NA,False,[197.844 183.431  42.648]
335,357,336,357,V,VAL,0,C,NA,NA,False,[194.723 183.395  40.448]
336,358,337,358,P,PRO,0,C,NA,NA,False,[193.793 185.147  37.164]
337,359,338,359,V,VAL,0,C,NA,NA,False,[191.036 187.68   37.848]
338,360,339,360,E,GLU,0,C,NA,NA,False,[188.425 188.063  35.107]
339,361,340,361,T,THR,0,C,NA,NA,False,[184.741 187.761  34.233]
340,362,341,362,D,ASP,0,C,NA,NA,False,[183.64  184.178  33.588]
341,363,342,363,D,ASP,0,C,NA,NA,False,[181.821 183.028  30.46 ]
342,364,343,364,I,ILE,0,C,NA,NA,False,[178.949 180.664  31.265]
343,365,344,365,D,ASP,0,C,NA,NA,False,[179.162 178.784  27.954]
344,366,345,366,H,HIS,0,C,NA,NA,False,[182.873 177.941  28.112]
345,367,346,367,F,PHE,0,C,NA,NA,False,[183.304 174.164  28.397]
346,368,347,368,G,GLY,0,C,NA,NA,False,[185.349 174.65   31.567]
347,369,348,369,N,ASN,0,C,NA,NA,False,[182.254 176.115  33.21 ]
348,370,349,370,R,ARG,0,C,NA,NA,False,[179.815 174.001  31.212]
349,371,350,371,R,ARG,0,C,NA,NA,False,[179.417 170.482  32.567]
350,372,351,372,L,LEU,0,C,NA,NA,False,[178.702 167.146  30.891]
351,373,352,373,R,ARG,0,C,NA,NA,False,[176.884 164.757  33.241]
352,374,353,374,T,THR,0,C,NA,NA,False,[177.069 161.218  31.841]
353,375,354,375,V,VAL,0,C,NA,NA,False,[174.903 158.117  32.28 ]
354,376,355,376,G,GLY,0,C,NA,NA,False,[176.463 157.157  35.602]
355,377,356,377,E,GLU,0,C,NA,NA,False,[175.77  160.425  37.405]
356,378,357,378,L,LEU,0,C,NA,NA,False,[172.279 160.641  35.909]
357,379,358,379,I,ILE,0,C,NA,NA,False,[171.436 157.26   37.406]
358,380,359,380,Q,GLN,0,C,NA,NA,False,[173.412 158.153  40.532]
359,381,360,381,N,ASN,0,C,NA,NA,False,[171.319 161.298  41.072]
360,382,361,382,Q,GLN,0,C,NA,NA,False,[168.084 159.316  40.821]
361,383,362,383,I,ILE,0,C,NA,NA,False,[169.545 156.744  43.193]
362,384,363,384,R,ARG,0,C,NA,NA,False,[170.462 159.511  45.654]
363,385,364,385,V,VAL,0,C,NA,NA,False,[166.84  160.659  45.42 ]
364,386,365,386,G,GLY,0,C,NA,NA,False,[165.619 157.204  46.413]
365,387,366,387,M,MET,0,C,NA,NA,False,[168.086 156.765  49.27 ]
366,388,367,388,S,SER,0,C,NA,NA,False,[166.894 160.072  50.748]
367,389,368,389,R,ARG,0,C,NA,NA,False,[163.299 158.852  50.633]
368,390,369,390,M,MET,0,C,NA,NA,False,[163.99  155.623  52.508]
369,391,370,391,E,GLU,0,C,NA,NA,False,[166.237 157.477  54.977]
370,392,371,392,R,ARG,0,C,NA,NA,False,[163.118 159.419  55.938]
371,393,372,393,V,VAL,0,C,NA,NA,False,[161.324 156.128  56.546]
372,394,373,394,V,VAL,0,C,NA,NA,False,[164.36  154.784  58.432]
373,395,374,395,R,ARG,0,C,NA,NA,False,[164.232 157.716  60.869]
374,396,375,396,E,GLU,0,C,NA,NA,False,[160.523 157.059  61.371]
375,397,376,397,R,ARG,0,C,NA,NA,False,[160.931 153.307  61.848]
376,398,377,398,M,MET,0,C,NA,NA,False,[163.633 153.957  64.461]
377,399,378,399,T,THR,0,C,NA,NA,False,[161.514 156.008  66.87 ]
378,400,379,400,T,THR,0,C,NA,NA,False,[158.578 153.594  66.571]
379,401,380,401,Q,GLN,0,C,NA,NA,False,[160.086 150.166  67.224]
380,402,381,402,D,ASP,0,C,NA,NA,False,[161.927 149.122  70.394]
381,403,382,403,V,VAL,0,C,NA,NA,False,[165.738 149.219  70.647]
382,404,383,404,E,GLU,0,C,NA,NA,False,[166.182 145.483  71.309]
383,405,384,405,A,ALA,0,C,NA,NA,False,[164.151 144.245  68.339]
384,406,385,406,I,ILE,0,C,NA,NA,False,[165.695 146.512  65.699]
385,407,386,407,T,THR,0,C,NA,NA,False,[167.367 144.865  62.719]
386,408,387,408,P,PRO,0,C,NA,NA,False,[168.249 146.537  59.417]
387,409,388,409,Q,GLN,0,C,NA,NA,False,[165.596 144.279  57.845]
388,410,389,410,T,THR,0,C,NA,NA,False,[162.928 146.043  59.915]
389,411,390,411,L,LEU,0,C,NA,NA,False,[164.337 149.532  59.328]
390,412,391,412,I,ILE,0,C,NA,NA,False,[164.866 149.235  55.583]
391,413,392,413,N,ASN,0,C,NA,NA,False,[162.075 149.775  53.071]
392,414,393,414,I,ILE,0,C,NA,NA,False,[163.54  149.573  49.558]
393,415,394,415,R,ARG,0,C,NA,NA,False,[160.177 150.341  47.932]
394,416,395,416,P,PRO,0,C,NA,NA,False,[161.048 153.997  47.251]
395,417,396,417,V,VAL,0,C,NA,NA,False,[164.403 152.895  45.778]
396,418,397,418,V,VAL,0,C,NA,NA,False,[163.106 150.383  43.232]
397,419,398,419,A,ALA,0,C,NA,NA,False,[160.458 152.956  42.319]
398,420,399,420,A,ALA,0,C,NA,NA,False,[162.966 155.78   41.842]
399,421,400,421,I,ILE,0,C,NA,NA,False,[165.101 153.815  39.384]
400,422,401,422,K,LYS,0,C,NA,NA,False,[162.05  152.367  37.612]
401,423,402,423,E,GLU,0,C,NA,NA,False,[160.526 155.821  37.286]
402,424,403,424,F,PHE,0,C,NA,NA,False,[163.666 157.255  35.693]
403,425,404,425,F,PHE,0,C,NA,NA,False,[164.139 154.671  32.938]
404,426,405,426,G,GLY,0,C,NA,NA,False,[160.483 155.024  31.914]
405,427,406,427,T,THR,0,C,NA,NA,False,[159.604 158.688  32.384]
406,428,407,428,S,SER,0,C,NA,NA,False,[162.715 160.871  32.194]
407,429,408,429,Q,GLN,0,C,NA,NA,False,[163.467 162.901  29.077]
408,430,409,430,L,LEU,0,C,NA,NA,False,[166.816 161.11   28.848]
409,431,410,431,S,SER,0,C,NA,NA,False,[165.633 157.494  28.816]
410,432,411,432,Q,GLN,0,C,NA,NA,False,[164.964 157.31   25.109]
411,433,412,433,F,PHE,0,C,NA,NA,False,[163.63  154.811  22.6  ]
412,434,413,434,M,MET,0,C,NA,NA,False,[166.791 153.774  20.721]
413,435,414,435,D,ASP,0,C,NA,NA,False,[167.076 155.215  17.208]
414,436,415,436,Q,GLN,0,C,NA,NA,False,[167.353 151.966  15.248]
415,437,416,437,N,ASN,0,C,NA,NA,False,[166.978 152.969  11.604]
416,438,417,438,N,ASN,0,C,NA,NA,False,[170.543 151.964  10.729]
417,439,418,439,P,PRO,0,C,NA,NA,False,[173.71  151.014  12.653]
418,440,419,440,L,LEU,0,C,NA,NA,False,[175.073 154.577  12.506]
419,441,420,441,S,SER,0,C,NA,NA,False,[171.681 155.854  13.658]
420,442,421,442,G,GLY,0,C,NA,NA,False,[172.124 153.941  16.908]
421,443,422,443,L,LEU,0,C,NA,NA,False,[175.789 154.844  17.25 ]
422,444,423,444,T,THR,0,C,NA,NA,False,[175.031 158.556  16.891]
423,445,424,445,H,HIS,0,C,NA,NA,False,[172.193 158.392  19.406]
424,446,425,446,K,LYS,0,C,NA,NA,False,[174.552 157.137  22.125]
425,447,426,447,R,ARG,0,C,NA,NA,False,[176.897 160.09   21.607]
426,448,427,448,R,ARG,0,C,NA,NA,False,[174.3   162.877  21.8  ]
427,449,428,449,L,LEU,0,C,NA,NA,False,[174.847 165.853  24.09 ]
428,450,429,450,S,SER,0,C,NA,NA,False,[171.583 167.585  25.029]
429,451,430,451,A,ALA,0,C,NA,NA,False,[171.098 170.705  27.125]
430,452,431,452,L,LEU,0,C,NA,NA,False,[167.471 169.689  27.627]
431,453,432,453,G,GLY,0,C,NA,NA,False,[166.002 167.722  30.509]
432,454,433,454,P,PRO,0,C,NA,NA,False,[165.56  168.107  34.295]
433,455,434,455,G,GLY,0,C,NA,NA,False,[168.284 170.213  35.897]
434,456,435,456,G,GLY,0,C,NA,NA,False,[169.001 171.691  32.486]
435,457,436,457,L,LEU,0,C,NA,NA,False,[167.093 174.289  30.483]
436,458,437,458,S,SER,0,C,NA,NA,False,[163.714 174.481  28.755]
437,459,438,459,R,ARG,0,C,NA,NA,False,[163.347 175.168  25.029]
438,460,439,460,E,GLU,0,C,NA,NA,False,[161.763 178.591  25.535]
439,461,440,461,R,ARG,0,C,NA,NA,False,[164.342 179.635  28.129]
440,462,441,462,A,ALA,0,C,NA,NA,False,[167.284 179.144  25.764]
441,463,442,463,G,GLY,0,C,NA,NA,False,[168.376 182.383  24.086]
442,464,443,464,L,LEU,0,C,NA,NA,False,[170.68  182.785  21.076]
443,465,444,465,E,GLU,0,C,NA,NA,False,[173.952 182.41   23.013]
444,466,445,466,V,VAL,0,C,NA,NA,False,[173.436 178.832  24.232]
445,467,446,467,R,ARG,0,C,NA,NA,False,[172.858 177.554  20.72 ]
446,468,447,468,D,ASP,0,C,NA,NA,False,[175.687 178.907  18.546]
447,469,448,469,V,VAL,0,C,NA,NA,False,[179.18  177.434  18.121]
448,470,449,470,H,HIS,0,C,NA,NA,False,[181.578 178.227  20.989]
449,471,450,471,P,PRO,0,C,NA,NA,False,[185.399 178.299  20.526]
450,472,451,472,S,SER,0,C,NA,NA,False,[185.97  175.701  23.272]
451,473,452,473,H,HIS,0,C,NA,NA,False,[183.887 173.166  21.321]
452,474,453,474,Y,TYR,0,C,NA,NA,False,[186.953 172.408  19.194]
453,475,454,475,G,GLY,0,C,NA,NA,False,[187.799 168.707  19.398]
454,476,455,476,R,ARG,0,C,NA,NA,False,[185.187 168.234  22.125]
455,477,456,477,M,MET,0,C,NA,NA,False,[181.737 168.808  20.604]
456,478,457,478,C,CYS,0,C,NA,NA,False,[180.863 169.043  16.911]
457,479,458,479,P,PRO,0,C,NA,NA,False,[179.908 172.438  15.408]
458,480,459,480,I,ILE,0,C,NA,NA,False,[178.181 170.782  12.44 ]
459,481,460,481,E,GLU,0,C,NA,NA,False,[175.926 168.006  13.764]
460,482,461,482,T,THR,0,C,NA,NA,False,[172.781 169.499  15.305]
461,483,462,483,P,PRO,0,C,NA,NA,False,[169.054 169.362  14.446]
462,484,463,484,E,GLU,0,C,NA,NA,False,[167.462 171.71   11.907]
463,485,464,485,G,GLY,0,C,NA,NA,False,[164.321 172.374  13.917]
464,486,465,486,P,PRO,0,C,NA,NA,False,[163.516 174.328  17.103]
465,487,466,487,N,ASN,0,C,NA,NA,False,[166.04  172.174  18.963]
466,488,467,488,I,ILE,0,C,NA,NA,False,[168.986 173.471  16.958]
467,489,468,489,G,GLY,0,C,NA,NA,False,[172.117 174.228  18.982]
468,490,469,490,L,LEU,0,C,NA,NA,False,[170.635 172.574  22.067]
469,491,470,491,I,ILE,0,C,NA,NA,False,[171.542 169.135  20.751]
470,492,471,492,G,GLY,0,C,NA,NA,False,[174.919 167.991  19.473]
471,493,472,493,S,SER,0,C,NA,NA,False,[177.278 165.059  19.029]
472,494,473,494,L,LEU,0,C,NA,NA,False,[180.58  164.344  20.804]
473,495,474,495,S,SER,0,C,NA,NA,False,[183.744 164.874  18.77 ]
474,496,475,496,V,VAL,0,C,NA,NA,False,[185.523 161.669  17.767]
475,497,476,497,Y,TYR,0,C,NA,NA,False,[188.729 161.884  19.791]
476,498,477,498,A,ALA,0,C,NA,NA,False,[187.201 163.404  22.925]
477,499,478,499,R,ARG,0,C,NA,NA,False,[186.544 161.712  26.263]
478,500,479,500,V,VAL,0,C,NA,NA,False,[185.067 162.555  29.676]
479,501,480,501,N,ASN,0,C,NA,NA,False,[187.237 163.219  32.739]
480,502,481,502,P,PRO,0,C,NA,NA,False,[186.203 162.102  36.293]
481,503,482,503,F,PHE,0,C,NA,NA,False,[184.736 165.566  37.042]
482,504,483,504,G,GLY,0,C,NA,NA,False,[182.283 165.672  34.15 ]
483,505,484,505,F,PHE,0,C,NA,NA,False,[184.198 168.002  31.833]
484,506,485,506,I,ILE,0,C,NA,NA,False,[185.296 167.208  28.29 ]
485,507,486,507,E,GLU,0,C,NA,NA,False,[188.939 166.412  27.582]
486,508,487,508,T,THR,0,C,NA,NA,False,[190.588 166.189  24.165]
487,509,488,509,P,PRO,0,C,NA,NA,False,[193.936 164.844  22.872]
488,510,489,510,Y,TYR,0,C,NA,NA,False,[196.883 167.004  21.778]
489,511,490,511,R,ARG,0,C,NA,NA,False,[200.445 166.087  20.745]
490,512,491,512,K,LYS,0,C,NA,NA,False,[203.178 167.452  23.019]
491,513,492,513,V,VAL,0,C,NA,NA,False,[205.926 169.598  21.496]
492,514,493,514,V,VAL,0,C,NA,NA,False,[209.026 169.849  23.686]
493,515,494,515,D,ASP,0,C,NA,NA,False,[210.927 172.514  21.748]
494,516,495,516,G,GLY,0,C,NA,NA,False,[209.812 172.787  18.137]
495,517,496,517,V,VAL,0,C,NA,NA,False,[209.99  168.993  18.131]
496,518,497,518,V,VAL,0,C,NA,NA,False,[206.807 166.922  17.948]
497,519,498,519,S,SER,0,C,NA,NA,False,[206.676 164.112  20.498]
498,520,499,520,D,ASP,0,C,NA,NA,False,[204.398 161.047  20.315]
499,521,500,521,E,GLU,0,C,NA,NA,False,[203.652 161.67   24.013]
500,522,501,522,I,ILE,0,C,NA,NA,False,[199.999 162.689  24.311]
501,523,502,523,V,VAL,0,C,NA,NA,False,[198.178 164.456  27.136]
502,524,503,524,Y,TYR,0,C,NA,NA,False,[194.433 165.12   27.367]
503,525,504,525,L,LEU,0,C,NA,NA,False,[193.531 168.761  28.029]
504,526,505,526,T,THR,0,C,NA,NA,False,[190.384 170.35   29.403]
505,527,506,527,A,ALA,0,C,NA,NA,False,[188.767 173.509  28.026]
506,528,507,528,D,ASP,0,C,NA,NA,False,[190.185 176.136  30.398]
507,529,508,529,E,GLU,0,C,NA,NA,False,[193.568 174.388  30.631]
508,530,509,530,E,GLU,0,C,NA,NA,False,[194.065 174.69   26.866]
509,531,510,531,D,ASP,0,C,NA,NA,False,[193.327 178.416  27.087]
510,532,511,532,R,ARG,0,C,NA,NA,False,[196.414 178.885  29.266]
511,533,512,533,H,HIS,0,C,NA,NA,False,[198.499 177.213  26.56 ]
512,534,513,534,V,VAL,0,C,NA,NA,False,[199.134 177.632  22.838]
513,535,514,535,V,VAL,0,C,NA,NA,False,[198.204 175.045  20.192]
514,536,515,536,A,ALA,0,C,NA,NA,False,[199.373 174.509  16.606]
515,537,516,537,Q,GLN,0,C,NA,NA,False,[197.178 173.265  13.754]
516,538,517,538,A,ALA,0,C,NA,NA,False,[197.419 169.577  12.808]
517,539,518,539,N,ASN,0,C,NA,NA,False,[198.44  170.041   9.169]
518,540,519,540,S,SER,0,C,NA,NA,False,[201.527 172.15    9.962]
519,541,520,541,P,PRO,0,C,NA,NA,False,[204.588 170.781   8.082]
520,542,521,542,I,ILE,0,C,NA,NA,False,[206.805 168.606  10.286]
521,543,522,543,D,ASP,0,C,NA,NA,False,[210.378 167.363   9.891]
522,544,523,544,A,ALA,0,C,NA,NA,False,[210.922 163.6     9.582]
523,545,524,545,D,ASP,0,C,NA,NA,False,[212.529 163.804  13.027]
524,546,525,546,G,GLY,0,C,NA,NA,False,[209.836 165.977  14.588]
525,547,526,547,R,ARG,0,C,NA,NA,False,[210.741 169.605  13.937]
526,548,527,548,F,PHE,0,C,NA,NA,False,[208.717 172.385  12.3  ]
527,549,528,549,V,VAL,0,C,NA,NA,False,[209.434 173.827   8.856]
528,550,529,550,E,GLU,0,C,NA,NA,False,[208.721 177.545   9.302]
529,551,530,551,P,PRO,0,C,NA,NA,False,[209.511 179.631  12.418]
530,552,531,552,R,ARG,0,C,NA,NA,False,[206.045 181.175  12.387]
531,553,532,553,V,VAL,0,C,NA,NA,False,[203.152 178.702  12.273]
532,554,533,554,L,LEU,0,C,NA,NA,False,[199.359 178.782  12.547]
533,555,534,555,V,VAL,0,C,NA,NA,False,[198.387 179.042  16.226]
534,556,535,556,R,ARG,0,C,NA,NA,False,[195.185 178.613  18.251]
535,557,536,557,R,ARG,0,C,NA,NA,False,[194.783 180.887  21.286]
536,558,537,558,K,LYS,0,C,NA,NA,False,[192.347 181.59   24.133]
537,559,538,559,A,ALA,0,C,NA,NA,False,[189.044 183.329  23.243]
538,560,539,560,G,GLY,0,C,NA,NA,False,[189.06  181.94   19.696]
539,561,540,561,E,GLU,0,C,NA,NA,False,[191.813 184.31   18.57 ]
540,562,541,562,V,VAL,0,C,NA,NA,False,[194.502 183.205  16.107]
541,563,542,563,E,GLU,0,C,NA,NA,False,[197.938 184.563  15.176]
542,564,543,564,Y,TYR,0,C,NA,NA,False,[201.326 183.616  13.731]
543,565,544,565,V,VAL,0,C,NA,NA,False,[203.743 182.614  16.491]
544,566,545,566,P,PRO,0,C,NA,NA,False,[207.469 181.652  16.426]
545,567,546,567,S,SER,0,C,NA,NA,False,[208.347 177.961  16.799]
546,568,547,568,S,SER,0,C,NA,NA,False,[209.94  178.554  20.21 ]
547,569,548,569,E,GLU,0,C,NA,NA,False,[206.559 179.317  21.76 ]
548,570,549,570,V,VAL,0,C,NA,NA,False,[204.665 176.283  20.446]
549,571,550,571,D,ASP,0,C,NA,NA,False,[203.346 174.165  23.329]
550,572,551,572,Y,TYR,0,C,NA,NA,False,[201.036 171.593  21.712]
551,573,552,573,M,MET,0,C,NA,NA,False,[199.613 170.708  18.296]
552,574,553,574,D,ASP,0,C,NA,NA,False,[196.439 168.937  17.15 ]
553,575,554,575,V,VAL,0,C,NA,NA,False,[196.235 165.161  16.897]
554,576,555,576,S,SER,0,C,NA,NA,False,[194.385 165.048  13.582]
555,577,556,577,P,PRO,0,C,NA,NA,False,[192.988 167.44   10.94 ]
556,578,557,578,R,ARG,0,C,NA,NA,False,[189.627 165.752  11.546]
557,579,558,579,Q,GLN,0,C,NA,NA,False,[189.852 166.349  15.304]
558,580,559,580,M,MET,0,C,NA,NA,False,[187.019 168.877  15.616]
559,581,560,581,V,VAL,0,C,NA,NA,False,[184.326 166.821  13.877]
560,582,561,582,S,SER,0,C,NA,NA,False,[181.921 164.133  15.057]
561,583,562,583,V,VAL,0,C,NA,NA,False,[181.508 160.523  13.917]
562,584,563,584,A,ALA,0,C,NA,NA,False,[178.812 161.073  11.288]
563,585,564,585,T,THR,0,C,NA,NA,False,[180.471 164.333  10.246]
564,586,565,586,A,ALA,0,C,NA,NA,False,[183.835 162.747   9.432]
565,587,566,587,M,MET,0,C,NA,NA,False,[181.958 160.419   7.078]
566,588,567,588,I,ILE,0,C,NA,NA,False,[181.315 163.289   4.666]
567,589,568,589,P,PRO,0,C,NA,NA,False,[183.919 163.209   1.843]
568,590,569,590,F,PHE,0,C,NA,NA,False,[185.253 166.634   0.819]
569,591,570,591,L,LEU,0,C,NA,NA,False,[183.533 168.225   3.826]
570,592,571,592,E,GLU,0,C,NA,NA,False,[185.634 171.371   3.419]
571,593,572,593,H,HIS,0,C,NA,NA,False,[1.83956e+02 1.71959e+02 3.80000e-02]
572,594,573,594,D,ASP,0,C,NA,NA,False,[180.39  172.153   1.345]
573,595,574,595,D,ASP,0,C,NA,NA,False,[178.868 175.029   3.293]
574,596,575,596,A,ALA,0,C,NA,NA,False,[177.936 174.395   6.918]
575,597,576,597,N,ASN,0,C,NA,NA,False,[174.24  174.74    6.081]
576,598,577,598,R,ARG,0,C,NA,NA,False,[174.043 171.781   3.713]
577,599,578,599,A,ALA,0,C,NA,NA,False,[176.859 169.887   5.431]
578,600,579,600,L,LEU,0,C,NA,NA,False,[174.689 170.025   8.555]
579,601,580,601,M,MET,0,C,NA,NA,False,[171.85  168.325   6.698]
580,602,581,602,G,GLY,0,C,NA,NA,False,[174.414 165.965   5.186]
581,603,582,603,A,ALA,0,C,NA,NA,False,[175.197 164.714   8.685]
582,604,583,604,N,ASN,0,C,NA,NA,False,[171.617 164.64    9.956]
583,605,584,605,M,MET,0,C,NA,NA,False,[170.259 162.689   6.975]
584,606,585,606,Q,GLN,0,C,NA,NA,False,[172.771 159.82    7.206]
585,607,586,607,R,ARG,0,C,NA,NA,False,[171.093 158.909  10.475]
586,608,587,608,Q,GLN,0,C,NA,NA,False,[167.88 158.49   8.45]
587,609,588,609,A,ALA,0,C,NA,NA,False,[169.301 155.942   5.991]
588,610,589,610,V,VAL,0,C,NA,NA,False,[167.425 152.675   5.4  ]
589,611,590,611,P,PRO,0,C,NA,NA,False,[168.931 149.154   5.388]
590,612,591,612,L,LEU,0,C,NA,NA,False,[168.554 147.678   1.908]
591,613,592,613,V,VAL,0,C,NA,NA,False,[168.15  144.019   0.866]
592,614,593,614,R,ARG,0,C,NA,NA,False,[171.911 143.781   0.519]
593,615,594,615,S,SER,0,C,NA,NA,False,[174.367 146.64    0.979]
594,616,595,616,E,GLU,0,C,NA,NA,False,[177.44  147.885  -0.915]
595,617,596,617,A,ALA,0,C,NA,NA,False,[180.367 149.85    0.512]
596,618,597,618,P,PRO,0,C,NA,NA,False,[180.858 153.32   -1.028]
597,619,598,619,L,LEU,0,C,NA,NA,False,[183.411 153.684  -3.835]
598,620,599,620,V,VAL,0,C,NA,NA,False,[184.425 156.955  -2.198]
599,621,600,621,G,GLY,0,C,NA,NA,False,[185.178 156.616   1.508]
600,622,601,622,T,THR,0,C,NA,NA,False,[186.711 158.65    4.317]
601,623,602,623,G,GLY,0,C,NA,NA,False,[188.128 155.764   6.347]
602,624,603,624,M,MET,0,C,NA,NA,False,[185.623 156.323   9.144]
603,625,604,625,E,GLU,0,C,NA,NA,False,[183.266 153.747   7.602]
604,626,605,626,L,LEU,0,C,NA,NA,False,[185.191 150.899   9.253]
605,627,606,627,R,ARG,0,C,NA,NA,False,[185.515 151.939  12.897]
606,628,607,628,A,ALA,0,C,NA,NA,False,[181.928 153.174  12.835]
607,629,608,629,A,ALA,0,C,NA,NA,False,[180.674 149.757  11.721]
608,630,609,630,I,ILE,0,C,NA,NA,False,[182.677 147.863  14.331]
609,631,610,631,D,ASP,0,C,NA,NA,False,[181.876 150.15   17.258]
610,632,611,632,A,ALA,0,C,NA,NA,False,[178.193 150.016  16.298]
611,633,612,633,G,GLY,0,C,NA,NA,False,[177.73  146.582  17.85 ]
612,634,613,634,D,ASP,0,C,NA,NA,False,[175.369 145.687  15.024]
613,635,614,635,V,VAL,0,C,NA,NA,False,[178.072 143.554  13.417]
614,636,615,636,V,VAL,0,C,NA,NA,False,[179.635 140.341  14.717]
615,637,616,637,V,VAL,0,C,NA,NA,False,[183.186 140.666  16.015]
616,638,617,638,A,ALA,0,C,NA,NA,False,[185.349 137.667  16.919]
617,639,618,639,E,GLU,0,C,NA,NA,False,[186.283 137.638  20.608]
618,640,619,640,E,GLU,0,C,NA,NA,False,[189.281 135.305  20.555]
619,641,620,641,S,SER,0,C,NA,NA,False,[191.495 134.189  17.672]
620,642,621,642,G,GLY,0,C,NA,NA,False,[191.036 130.855  15.905]
621,643,622,643,V,VAL,0,C,NA,NA,False,[189.498 129.108  12.909]
622,644,623,644,I,ILE,0,C,NA,NA,False,[185.897 128.849  11.704]
623,645,624,645,E,GLU,0,C,NA,NA,False,[184.873 125.336  12.755]
624,646,625,646,E,GLU,0,C,NA,NA,False,[181.404 125.546  11.163]
625,647,626,647,V,VAL,0,C,NA,NA,False,[179.316 128.168   9.37 ]
626,648,627,648,S,SER,0,C,NA,NA,False,[175.611 128.274   8.585]
627,649,628,649,A,ALA,0,C,NA,NA,False,[173.052 130.975   7.842]
628,650,629,650,D,ASP,0,C,NA,NA,False,[171.987 130.415  11.449]
629,651,630,651,Y,TYR,0,C,NA,NA,False,[175.255 130.585  13.384]
630,652,631,652,I,ILE,0,C,NA,NA,False,[179.047 130.697  13.249]
631,653,632,653,T,THR,0,C,NA,NA,False,[181.249 128.503  15.436]
632,654,633,654,V,VAL,0,C,NA,NA,False,[184.835 129.512  16.238]
633,655,634,655,M,MET,0,C,NA,NA,False,[187.516 127.051  17.38 ]
634,656,635,656,H,HIS,0,C,NA,NA,False,[189.993 129.     19.526]
635,657,636,657,D,ASP,0,C,NA,NA,False,[193.671 128.224  20.105]
636,658,637,658,N,ASN,0,C,NA,NA,False,[193.284 126.909  23.666]
637,659,638,659,G,GLY,0,C,NA,NA,False,[190.483 124.559  22.645]
638,660,639,660,T,THR,0,C,NA,NA,False,[187.332 126.32   23.832]
639,661,640,661,R,ARG,0,C,NA,NA,False,[184.486 126.982  21.391]
640,662,641,662,R,ARG,0,C,NA,NA,False,[182.42  130.152  21.205]
641,663,642,663,T,THR,0,C,NA,NA,False,[179.335 130.229  18.998]
642,664,643,664,Y,TYR,0,C,NA,NA,False,[177.994 133.471  17.511]
643,665,644,665,R,ARG,0,C,NA,NA,False,[174.29  133.388  16.652]
644,666,645,666,M,MET,0,C,NA,NA,False,[173.056 135.462  13.708]
645,667,646,667,R,ARG,0,C,NA,NA,False,[170.237 137.973  14.146]
646,668,647,668,K,LYS,0,C,NA,NA,False,[168.017 136.95   11.242]
647,669,648,669,F,PHE,0,C,NA,NA,False,[165.153 139.121   9.968]
648,670,649,670,A,ALA,0,C,NA,NA,False,[164.489 140.925  13.264]
649,671,650,671,R,ARG,0,C,NA,NA,False,[162.32  144.033  13.547]
650,672,651,672,S,SER,0,C,NA,NA,False,[164.177 147.083  14.821]
651,673,652,673,N,ASN,0,C,NA,NA,False,[162.674 149.857  16.91 ]
652,674,653,674,H,HIS,0,C,NA,NA,False,[161.707 151.605  13.676]
653,675,654,675,G,GLY,0,C,NA,NA,False,[160.476 148.699  11.567]
654,676,655,676,T,THR,0,C,NA,NA,False,[163.695 148.425   9.57 ]
655,677,656,677,C,CYS,0,C,NA,NA,False,[165.326 145.069   8.844]
656,678,657,678,A,ALA,0,C,NA,NA,False,[168.162 144.044  11.158]
657,679,658,679,N,ASN,0,C,NA,NA,False,[169.483 141.015   9.262]
658,680,659,680,Q,GLN,0,C,NA,NA,False,[172.976 139.557   9.721]
659,681,660,681,C,CYS,0,C,NA,NA,False,[174.974 137.387   7.327]
660,682,661,682,P,PRO,0,C,NA,NA,False,[178.212 135.388   7.804]
661,683,662,683,I,ILE,0,C,NA,NA,False,[181.218 136.917   6.032]
662,684,663,684,V,VAL,0,C,NA,NA,False,[183.754 134.153   6.61 ]
663,685,664,685,D,ASP,0,C,NA,NA,False,[183.641 130.734   4.954]
664,686,665,686,A,ALA,0,C,NA,NA,False,[184.213 127.482   6.858]
665,687,666,687,G,GLY,0,C,NA,NA,False,[187.894 126.963   7.615]
666,688,667,688,D,ASP,0,C,NA,NA,False,[189.076 130.557   7.406]
667,689,668,689,R,ARG,0,C,NA,NA,False,[191.809 131.693   9.793]
668,690,669,690,V,VAL,0,C,NA,NA,False,[190.32  134.509  11.864]
669,691,670,691,E,GLU,0,C,NA,NA,False,[192.128 136.712  14.377]
670,692,671,692,A,ALA,0,C,NA,NA,False,[190.672 138.587  17.348]
671,693,672,693,G,GLY,0,C,NA,NA,False,[188.773 141.803  16.68 ]
672,694,673,694,Q,GLN,0,C,NA,NA,False,[187.99  140.801  13.119]
673,695,674,695,V,VAL,0,C,NA,NA,False,[184.481 141.156  11.676]
674,696,675,696,I,ILE,0,C,NA,NA,False,[183.287 137.637  10.88 ]
675,697,676,697,A,ALA,0,C,NA,NA,False,[179.692 138.608  10.088]
676,698,677,698,D,ASP,0,C,NA,NA,False,[178.198 142.067   9.484]
677,699,678,699,G,GLY,0,C,NA,NA,False,[174.642 143.366   9.761]
678,700,679,700,P,PRO,0,C,NA,NA,False,[172.284 145.726   7.894]
679,701,680,701,C,CYS,0,C,NA,NA,False,[173.986 148.64    6.114]
680,702,681,702,T,THR,0,C,NA,NA,False,[177.352 146.874   6.273]
681,703,682,703,D,ASP,0,C,NA,NA,False,[179.621 145.463   3.551]
682,704,683,704,D,ASP,0,C,NA,NA,False,[182.757 143.662   4.763]
683,705,684,705,G,GLY,0,C,NA,NA,False,[182.719 145.422   8.135]
684,706,685,706,E,GLU,0,C,NA,NA,False,[182.094 148.898   6.725]
685,707,686,707,M,MET,0,C,NA,NA,False,[179.176 151.307   7.094]
686,708,687,708,A,ALA,0,C,NA,NA,False,[177.2   150.753   3.906]
687,709,688,709,L,LEU,0,C,NA,NA,False,[174.595 153.502   4.09 ]
688,710,689,710,G,GLY,0,C,NA,NA,False,[173.749 153.439   0.376]
689,711,690,711,K,LYS,0,C,NA,NA,False,[174.564 152.402  -3.17 ]
690,712,691,712,N,ASN,0,C,NA,NA,False,[177.067 153.538  -5.791]
691,713,692,713,L,LEU,0,C,NA,NA,False,[175.007 155.085  -8.583]
692,714,693,714,L,LEU,0,C,NA,NA,False,[175.986 156.217 -12.069]
693,715,694,715,V,VAL,0,C,NA,NA,False,[175.03  159.891 -11.934]
694,716,695,716,A,ALA,0,C,NA,NA,False,[174.388 162.535 -14.606]
695,717,696,717,I,ILE,0,C,NA,NA,False,[174.482 166.262 -13.786]
696,718,697,718,M,MET,0,C,NA,NA,False,[171.867 167.809 -16.074]
697,719,698,719,P,PRO,0,C,NA,NA,False,[168.288 169.005 -16.466]
698,720,699,720,W,TRP,0,C,NA,NA,False,[166.172 166.386 -18.234]
699,721,700,721,E,GLU,0,C,NA,NA,False,[162.683 167.194 -19.522]
700,722,701,722,G,GLY,0,C,NA,NA,False,[161.96  169.    -16.243]
701,723,702,723,H,HIS,0,C,NA,NA,False,[161.324 165.831 -14.249]
702,724,703,724,N,ASN,0,C,NA,NA,False,[164.084 166.854 -11.834]
703,725,704,725,Y,TYR,0,C,NA,NA,False,[162.968 170.477 -11.474]
704,726,705,726,E,GLU,0,C,NA,NA,False,[163.36  171.851  -7.927]
705,727,706,727,D,ASP,0,C,NA,NA,False,[165.468 169.109  -6.304]
706,728,707,728,A,ALA,0,C,NA,NA,False,[163.404 166.19   -7.63 ]
707,729,708,729,I,ILE,0,C,NA,NA,False,[165.224 163.023  -8.722]
708,730,709,730,I,ILE,0,C,NA,NA,False,[164.997 160.766 -11.781]
709,731,710,731,L,LEU,0,C,NA,NA,False,[165.864 157.085 -11.417]
710,732,711,732,S,SER,0,C,NA,NA,False,[166.74  154.254 -13.773]
711,733,712,733,N,ASN,0,C,NA,NA,False,[164.28  151.356 -13.677]
712,734,713,734,R,ARG,0,C,NA,NA,False,[167.38  149.188 -13.267]
713,735,714,735,L,LEU,0,C,NA,NA,False,[167.2   150.133  -9.577]
714,736,715,736,V,VAL,0,C,NA,NA,False,[163.738 148.553  -9.515]
715,737,716,737,E,GLU,0,C,NA,NA,False,[164.502 145.479 -11.635]
716,738,717,738,E,GLU,0,C,NA,NA,False,[167.67  144.718  -9.664]
717,739,718,739,D,ASP,0,C,NA,NA,False,[166.399 145.784  -6.23 ]
718,740,719,740,V,VAL,0,C,NA,NA,False,[169.349 148.17   -5.889]
719,741,720,741,L,LEU,0,C,NA,NA,False,[167.315 150.524  -3.698]
720,742,721,742,T,THR,0,C,NA,NA,False,[164.819 148.007  -2.333]
721,743,722,743,S,SER,0,C,NA,NA,False,[164.22  147.585   1.407]
722,744,723,744,I,ILE,0,C,NA,NA,False,[162.466 145.288   3.883]
723,745,724,745,H,HIS,0,C,NA,NA,False,[160.135 146.747   6.518]
724,746,725,746,I,ILE,0,C,NA,NA,False,[158.717 144.768   9.443]
725,747,726,747,E,GLU,0,C,NA,NA,False,[155.651 145.67   11.511]
726,748,727,748,E,GLU,0,C,NA,NA,False,[154.492 144.278  14.857]
727,749,728,749,H,HIS,0,C,NA,NA,False,[150.74  143.849  15.2  ]
728,750,729,750,E,GLU,0,C,NA,NA,False,[149.271 143.166  18.633]
729,751,730,751,I,ILE,0,C,NA,NA,False,[145.899 142.319  20.174]
730,752,731,752,D,ASP,0,C,NA,NA,False,[144.719 140.802  23.462]
731,753,732,753,A,ALA,0,C,NA,NA,False,[141.757 139.034  25.047]
732,754,733,754,R,ARG,0,C,NA,NA,False,[140.487 140.393  28.364]
733,755,734,755,D,ASP,0,C,NA,NA,False,[137.954 139.54   31.05 ]
734,756,735,756,T,THR,0,C,NA,NA,False,[134.852 141.685  30.613]
735,757,736,757,K,LYS,0,C,NA,NA,False,[131.616 142.04   32.577]
736,758,737,758,L,LEU,0,C,NA,NA,False,[129.618 140.169  29.949]
737,759,738,759,G,GLY,0,C,NA,NA,False,[132.056 137.251  29.998]
738,760,739,760,A,ALA,0,C,NA,NA,False,[135.505 137.085  28.43 ]
739,761,740,761,E,GLU,0,C,NA,NA,False,[137.033 137.817  25.04 ]
740,762,741,762,E,GLU,0,C,NA,NA,False,[137.929 134.572  23.272]
741,763,742,763,I,ILE,0,C,NA,NA,False,[140.205 134.15   20.273]
742,764,743,764,T,THR,0,C,NA,NA,False,[138.392 131.884  17.844]
743,765,744,765,R,ARG,0,C,NA,NA,False,[138.206 131.04   14.145]
744,766,745,766,D,ASP,0,C,NA,NA,False,[134.425 131.585  14.296]
745,767,746,767,I,ILE,0,C,NA,NA,False,[133.506 135.208  13.548]
746,768,747,768,P,PRO,0,C,NA,NA,False,[129.818 136.256  13.126]
747,769,748,769,N,ASN,0,C,NA,NA,False,[128.598 136.671   9.528]
748,770,749,770,I,ILE,0,C,NA,NA,False,[131.902 135.959   7.773]
749,771,750,771,S,SER,0,C,NA,NA,False,[132.371 133.606   4.812]
750,772,751,772,D,ASP,0,C,NA,NA,False,[134.915 130.798   4.748]
751,773,752,773,E,GLU,0,C,NA,NA,False,[136.754 132.687   1.998]
752,774,753,774,V,VAL,0,C,NA,NA,False,[137.866 135.38    4.444]
753,775,754,775,L,LEU,0,C,NA,NA,False,[138.746 132.872   7.165]
754,776,755,776,A,ALA,0,C,NA,NA,False,[140.659 130.747   4.644]
755,777,756,777,D,ASP,0,C,NA,NA,False,[144.093 131.977   5.759]
756,778,757,778,L,LEU,0,C,NA,NA,False,[143.597 131.18    9.473]
757,779,758,779,D,ASP,0,C,NA,NA,False,[144.387 128.047  11.465]
758,780,759,780,E,GLU,0,C,NA,NA,False,[142.057 126.281  13.896]
759,781,760,781,R,ARG,0,C,NA,NA,False,[142.768 128.777  16.674]
760,782,761,782,G,GLY,0,C,NA,NA,False,[141.907 131.945  14.768]
761,783,762,783,I,ILE,0,C,NA,NA,False,[145.5   132.934  14.049]
762,784,763,784,V,VAL,0,C,NA,NA,False,[146.85  133.612  10.567]
763,785,764,785,R,ARG,0,C,NA,NA,False,[149.233 130.957   9.255]
764,786,765,786,I,ILE,0,C,NA,NA,False,[152.907 131.838   8.832]
765,787,766,787,G,GLY,0,C,NA,NA,False,[153.78  132.566   5.207]
766,788,767,788,A,ALA,0,C,NA,NA,False,[150.26  133.673   4.345]
767,789,768,789,E,GLU,0,C,NA,NA,False,[149.643 136.839   2.357]
768,790,769,790,V,VAL,0,C,NA,NA,False,[147.84  139.744   4.012]
769,791,770,791,R,ARG,0,C,NA,NA,False,[146.242 142.824   2.481]
770,792,771,792,D,ASP,0,C,NA,NA,False,[144.469 145.69    4.244]
771,793,772,793,G,GLY,0,C,NA,NA,False,[141.075 144.871   5.726]
772,794,773,794,D,ASP,0,C,NA,NA,False,[141.918 141.167   6.048]
773,795,774,795,I,ILE,0,C,NA,NA,False,[141.828 139.341   9.387]
774,796,775,796,L,LEU,0,C,NA,NA,False,[144.965 138.506  11.386]
775,797,776,797,V,VAL,0,C,NA,NA,False,[143.607 137.36   14.748]
776,798,777,798,G,GLY,0,C,NA,NA,False,[139.932 136.491  15.059]
777,799,778,799,K,LYS,0,C,NA,NA,False,[138.581 137.698  18.379]
778,800,779,800,V,VAL,0,C,NA,NA,False,[134.958 138.016  19.502]
779,801,780,801,T,THR,0,C,NA,NA,False,[133.54  139.639  22.643]
780,802,781,802,P,PRO,0,C,NA,NA,False,[130.187 139.185  24.403]
781,803,782,803,K,LYS,0,C,NA,NA,False,[128.167 142.287  23.493]
782,804,783,804,G,GLY,0,C,NA,NA,False,[125.815 143.821  26.054]
783,805,784,805,E,GLU,0,C,NA,NA,False,[122.355 142.297  26.248]
784,806,785,806,T,THR,0,C,NA,NA,False,[120.617 145.47   25.096]
785,807,786,807,E,GLU,0,C,NA,NA,False,[117.252 145.274  23.34 ]
786,808,787,808,L,LEU,0,C,NA,NA,False,[117.989 144.558  19.684]
787,809,788,809,T,THR,0,C,NA,NA,False,[116.228 146.722  17.106]
788,810,789,810,P,PRO,0,C,NA,NA,False,[112.5   145.999  16.595]
789,811,790,811,E,GLU,0,C,NA,NA,False,[113.307 146.427  12.892]
790,812,791,812,E,GLU,0,C,NA,NA,False,[116.163 143.945  13.275]
791,813,792,813,R,ARG,0,C,NA,NA,False,[113.968 141.731  15.45 ]
792,814,793,814,L,LEU,0,C,NA,NA,False,[111.538 141.577  12.527]
793,815,794,815,L,LEU,0,C,NA,NA,False,[114.448 140.877  10.185]
794,816,795,816,R,ARG,0,C,NA,NA,False,[115.54  137.934  12.34 ]
795,817,796,817,A,ALA,0,C,NA,NA,False,[112.105 136.299  12.359]
796,818,797,818,I,ILE,0,C,NA,NA,False,[111.764 136.215   8.564]
797,819,798,819,F,PHE,0,C,NA,NA,False,[115.069 134.431   7.95 ]
798,820,799,820,G,GLY,0,C,NA,NA,False,[114.725 132.744  11.325]
799,821,800,821,E,GLU,0,C,NA,NA,False,[118.365 133.295  12.262]
800,822,801,822,K,LYS,0,C,NA,NA,False,[118.898 133.784  15.99 ]
801,823,802,823,A,ALA,0,C,NA,NA,False,[121.33  136.565  16.88 ]
802,824,803,824,R,ARG,0,C,NA,NA,False,[124.605 135.685  18.588]
803,825,804,825,E,GLU,0,C,NA,NA,False,[125.671 137.664  21.654]
804,826,805,826,V,VAL,0,C,NA,NA,False,[129.23  137.951  20.343]
805,827,806,827,R,ARG,0,C,NA,NA,False,[130.405 141.071  18.467]
806,828,807,828,D,ASP,0,C,NA,NA,False,[133.326 141.07   16.009]
807,829,808,829,T,THR,0,C,NA,NA,False,[136.416 142.517  17.724]
808,830,809,830,S,SER,0,C,NA,NA,False,[138.984 141.046  15.362]
809,831,810,831,L,LEU,0,C,NA,NA,False,[142.49  142.313  14.632]
810,832,811,832,K,LYS,0,C,NA,NA,False,[142.376 143.382  11.003]
811,833,812,833,V,VAL,0,C,NA,NA,False,[145.22  144.771   8.905]
812,834,813,834,P,PRO,0,C,NA,NA,False,[145.493 148.602   9.096]
813,835,814,835,H,HIS,0,C,NA,NA,False,[144.99  150.693   5.948]
814,836,815,836,G,GLY,0,C,NA,NA,False,[148.115 150.74    3.801]
815,837,816,837,E,GLU,0,C,NA,NA,False,[149.891 147.815   5.452]
816,838,817,838,S,SER,0,C,NA,NA,False,[150.455 144.579   3.506]
817,839,818,839,G,GLY,0,C,NA,NA,False,[152.976 141.766   3.107]
818,840,819,840,K,LYS,0,C,NA,NA,False,[153.898 138.226   4.128]
819,841,820,841,V,VAL,0,C,NA,NA,False,[153.252 136.926   7.646]
820,842,821,842,I,ILE,0,C,NA,NA,False,[156.71  135.954   8.882]
821,843,822,843,G,GLY,0,C,NA,NA,False,[155.981 134.739  12.412]
822,844,823,844,I,ILE,0,C,NA,NA,False,[153.573 134.303  15.317]
823,845,824,845,R,ARG,0,C,NA,NA,False,[154.136 134.929  19.022]
824,846,825,846,V,VAL,0,C,NA,NA,False,[151.333 133.785  21.307]
825,847,826,847,F,PHE,0,C,NA,NA,False,[151.221 134.251  25.081]
826,848,827,848,S,SER,0,C,NA,NA,False,[148.554 132.326  26.99 ]
827,849,828,849,R,ARG,0,C,NA,NA,False,[147.616 132.648  30.657]
828,850,829,850,E,GLU,0,C,NA,NA,False,[146.768 128.969  30.248]
829,851,830,851,D,ASP,0,C,NA,NA,False,[150.318 127.988  29.27 ]
830,852,831,852,E,GLU,0,C,NA,NA,False,[151.58  129.72   32.439]
831,853,832,853,D,ASP,0,C,NA,NA,False,[152.928 132.666  30.41 ]
832,854,833,854,E,GLU,0,C,NA,NA,False,[152.787 135.494  32.959]
833,855,834,855,L,LEU,0,C,NA,NA,False,[150.348 138.171  31.808]
834,856,835,856,P,PRO,0,C,NA,NA,False,[148.971 141.44   33.21 ]
835,857,836,857,A,ALA,0,C,NA,NA,False,[145.813 141.263  35.344]
836,858,837,858,G,GLY,0,C,NA,NA,False,[142.826 140.589  33.107]
837,859,838,859,V,VAL,0,C,NA,NA,False,[144.476 139.184  29.985]
838,860,839,860,N,ASN,0,C,NA,NA,False,[144.104 135.583  28.786]
839,861,840,861,E,GLU,0,C,NA,NA,False,[145.534 135.203  25.288]
840,862,841,862,L,LEU,0,C,NA,NA,False,[147.877 137.714  23.644]
841,863,842,863,V,VAL,0,C,NA,NA,False,[148.833 137.36   19.978]
842,864,843,864,R,ARG,0,C,NA,NA,False,[151.704 138.949  18.058]
843,865,844,865,V,VAL,0,C,NA,NA,False,[151.7   138.611  14.277]
844,866,845,866,Y,TYR,0,C,NA,NA,False,[154.758 139.926  12.434]
845,867,846,867,V,VAL,0,C,NA,NA,False,[154.384 141.122   8.845]
846,868,847,868,A,ALA,0,C,NA,NA,False,[157.255 142.175   6.599]
847,869,848,869,Q,GLN,0,C,NA,NA,False,[157.058 144.109   3.336]
848,870,849,870,K,LYS,0,C,NA,NA,False,[159.467 144.057   0.405]
849,871,850,871,R,ARG,0,C,NA,NA,False,[159.206 147.716  -0.597]
850,872,851,872,K,LYS,0,C,NA,NA,False,[160.897 148.456  -3.907]
851,873,852,873,I,ILE,0,C,NA,NA,False,[161.775 152.108  -4.488]
852,874,853,874,S,SER,0,C,NA,NA,False,[159.    154.23   -6.034]
853,875,854,875,D,ASP,0,C,NA,NA,False,[157.836 157.793  -6.737]
854,876,855,876,G,GLY,0,C,NA,NA,False,[157.966 160.13   -3.744]
855,877,856,877,D,ASP,0,C,NA,NA,False,[160.576 158.174  -1.814]
856,878,857,878,K,LYS,0,C,NA,NA,False,[163.156 160.553  -0.356]
857,879,858,879,L,LEU,0,C,NA,NA,False,[166.737 159.906  -1.502]
858,880,859,880,A,ALA,0,C,NA,NA,False,[169.893 161.783  -0.536]
859,881,860,881,G,GLY,0,C,NA,NA,False,[173.667 162.013  -0.708]
860,882,861,882,R,ARG,0,C,NA,NA,False,[176.155 162.846   2.04 ]
861,883,862,883,H,HIS,0,C,NA,NA,False,[176.396 166.508   1.027]
862,884,863,884,G,GLY,0,C,NA,NA,False,[172.961 167.728   2.07 ]
863,885,864,885,N,ASN,0,C,NA,NA,False,[171.657 167.002  -1.411]
864,886,865,886,K,LYS,0,C,NA,NA,False,[168.189 165.639  -0.665]
865,887,866,887,G,GLY,0,C,NA,NA,False,[164.983 165.314  -2.679]
866,888,867,888,V,VAL,0,C,NA,NA,False,[162.222 162.899  -3.656]
867,889,868,889,I,ILE,0,C,NA,NA,False,[161.901 160.603  -6.67 ]
868,890,869,890,G,GLY,0,C,NA,NA,False,[160.015 162.505  -9.34 ]
869,891,870,891,K,LYS,0,C,NA,NA,False,[159.964 159.832 -12.012]
870,892,871,892,I,ILE,0,C,NA,NA,False,[161.457 156.422 -12.751]
871,893,872,893,L,LEU,0,C,NA,NA,False,[161.831 155.983 -16.512]
872,894,873,894,P,PRO,0,C,NA,NA,False,[162.222 152.623 -18.272]
873,895,874,895,V,VAL,0,C,NA,NA,False,[165.873 151.594 -18.645]
874,896,875,896,E,GLU,0,C,NA,NA,False,[165.931 152.536 -22.354]
875,897,876,897,D,ASP,0,C,NA,NA,False,[164.724 156.126 -21.83 ]
876,898,877,898,M,MET,0,C,NA,NA,False,[167.825 156.828 -19.78 ]
877,899,878,899,P,PRO,0,C,NA,NA,False,[170.611 159.108 -21.108]
878,900,879,900,F,PHE,0,C,NA,NA,False,[173.456 156.678 -21.877]
879,901,880,901,L,LEU,0,C,NA,NA,False,[177.186 156.798 -22.654]
880,902,881,902,A,ALA,0,C,NA,NA,False,[178.847 155.758 -25.923]
881,903,882,903,D,ASP,0,C,NA,NA,False,[179.174 152.079 -24.972]
882,904,883,904,G,GLY,0,C,NA,NA,False,[175.454 151.753 -24.245]
883,905,884,905,T,THR,0,C,NA,NA,False,[175.486 151.829 -20.449]
884,906,885,906,P,PRO,0,C,NA,NA,False,[172.493 153.787 -19.084]
885,907,886,907,V,VAL,0,C,NA,NA,False,[173.012 156.131 -16.129]
886,908,887,908,D,ASP,0,C,NA,NA,False,[171.172 155.334 -12.903]
887,909,888,909,I,ILE,0,C,NA,NA,False,[170.291 158.75  -11.509]
888,910,889,910,I,ILE,0,C,NA,NA,False,[169.744 162.162 -13.121]
889,911,890,911,L,LEU,0,C,NA,NA,False,[170.396 165.109 -10.8  ]
890,912,891,912,N,ASN,0,C,NA,NA,False,[169.502 168.662 -11.816]
891,913,892,913,T,THR,0,C,NA,NA,False,[172.318 171.142 -12.444]
892,914,893,914,H,HIS,0,C,NA,NA,False,[170.457 174.177 -11.097]
893,915,894,915,G,GLY,0,C,NA,NA,False,[170.4   173.064  -7.459]
894,916,895,916,V,VAL,0,C,NA,NA,False,[174.16  172.71   -7.024]
895,917,896,917,P,PRO,0,C,NA,NA,False,[176.011 176.045  -6.939]
896,918,897,918,R,ARG,0,C,NA,NA,False,[173.303 177.597  -4.767]
897,919,898,919,R,ARG,0,C,NA,NA,False,[173.893 175.148  -1.944]
898,920,899,920,M,MET,0,C,NA,NA,False,[177.683 175.623  -2.035]
899,921,900,921,N,ASN,0,C,NA,NA,False,[177.961 171.862  -1.537]
900,922,901,922,I,ILE,0,C,NA,NA,False,[180.11  171.186  -4.616]
901,923,902,923,G,GLY,0,C,NA,NA,False,[181.729 168.322  -2.715]
902,924,903,924,Q,GLN,0,C,NA,NA,False,[179.076 166.247  -4.442]
903,925,904,925,I,ILE,0,C,NA,NA,False,[180.796 167.273  -7.665]
904,926,905,926,L,LEU,0,C,NA,NA,False,[184.244 166.193  -6.474]
905,927,906,927,E,GLU,0,C,NA,NA,False,[182.733 162.904  -5.267]
906,928,907,928,T,THR,0,C,NA,NA,False,[181.466 162.35   -8.816]
907,929,908,929,H,HIS,0,C,NA,NA,False,[184.93  162.908 -10.317]
908,930,909,930,L,LEU,0,C,NA,NA,False,[186.835 160.708  -7.856]
909,931,910,931,G,GLY,0,C,NA,NA,False,[183.879 158.344  -8.041]
910,932,911,932,W,TRP,0,C,NA,NA,False,[184.439 157.823 -11.748]
911,933,912,933,C,CYS,0,C,NA,NA,False,[188.21  157.395 -11.422]
912,934,913,934,A,ALA,0,C,NA,NA,False,[187.473 154.746  -8.807]
913,935,914,935,H,HIS,0,C,NA,NA,False,[185.126 152.832 -11.122]
914,936,915,936,S,SER,0,C,NA,NA,False,[187.312 152.885 -14.235]
915,937,916,937,G,GLY,0,C,NA,NA,False,[190.68  152.668 -12.505]
916,938,917,938,W,TRP,0,C,NA,NA,False,[193.738 154.729 -13.394]
917,939,918,939,K,LYS,0,C,NA,NA,False,[197.503 154.851 -13.876]
918,940,919,940,V,VAL,0,C,NA,NA,False,[199.772 157.903 -13.528]
919,941,920,941,D,ASP,0,C,NA,NA,False,[202.446 158.296 -16.234]
920,942,921,942,A,ALA,0,C,NA,NA,False,[205.786 157.209 -14.738]
921,943,922,943,A,ALA,0,C,NA,NA,False,[207.725 157.601 -17.988]
922,944,923,944,K,LYS,0,C,NA,NA,False,[209.885 160.748 -17.869]
923,945,924,945,G,GLY,0,C,NA,NA,False,[209.517 160.445 -14.085]
924,946,925,946,V,VAL,0,C,NA,NA,False,[206.701 161.062 -11.617]
925,947,926,947,P,PRO,0,C,NA,NA,False,[204.603 164.105 -12.687]
926,948,927,948,D,ASP,0,C,NA,NA,False,[204.653 167.257 -10.519]
927,949,928,949,W,TRP,0,C,NA,NA,False,[200.941 167.22   -9.644]
928,950,929,950,A,ALA,0,C,NA,NA,False,[201.012 163.592  -8.473]
929,951,930,951,A,ALA,0,C,NA,NA,False,[204.16  164.228  -6.432]
930,952,931,952,R,ARG,0,C,NA,NA,False,[202.387 164.444  -3.075]
931,953,932,953,L,LEU,0,C,NA,NA,False,[200.31  161.411  -4.036]
932,954,933,954,P,PRO,0,C,NA,NA,False,[201.427 158.4    -1.939]
933,955,934,955,D,ASP,0,C,NA,NA,False,[202.908 155.508  -3.917]
934,956,935,956,E,GLU,0,C,NA,NA,False,[199.943 153.156  -3.494]
935,957,936,957,L,LEU,0,C,NA,NA,False,[197.584 155.341  -5.561]
936,958,937,958,L,LEU,0,C,NA,NA,False,[199.741 155.715  -8.673]
937,959,938,959,E,GLU,0,C,NA,NA,False,[198.022 152.631 -10.094]
938,960,939,960,A,ALA,0,C,NA,NA,False,[194.431 151.559  -9.446]
939,961,940,961,Q,GLN,0,C,NA,NA,False,[192.208 148.669 -10.521]
940,962,941,962,P,PRO,0,C,NA,NA,False,[188.648 148.927 -11.883]
941,963,942,963,N,ASN,0,C,NA,NA,False,[186.148 149.227  -9.009]
942,964,943,964,A,ALA,0,C,NA,NA,False,[188.734 150.357  -6.461]
943,965,944,965,I,ILE,0,C,NA,NA,False,[188.039 151.781  -3.005]
944,966,945,966,V,VAL,0,C,NA,NA,False,[189.74  154.914  -1.654]
945,967,946,967,S,SER,0,C,NA,NA,False,[189.746 157.28    1.337]
946,968,947,968,T,THR,0,C,NA,NA,False,[189.39  161.059   1.426]
947,969,948,969,P,PRO,0,C,NA,NA,False,[189.753 161.98    5.121]
948,970,949,970,V,VAL,0,C,NA,NA,False,[188.191 165.307   6.098]
949,971,950,971,F,PHE,0,C,NA,NA,False,[190.662 168.217   5.91 ]
950,972,951,972,D,ASP,0,C,NA,NA,False,[193.058 165.817   4.189]
951,973,952,973,G,GLY,0,C,NA,NA,False,[192.816 163.508   1.188]
952,974,953,974,A,ALA,0,C,NA,NA,False,[192.374 164.526  -2.434]
953,975,954,975,Q,GLN,0,C,NA,NA,False,[193.122 168.05   -3.657]
954,976,955,976,E,GLU,0,C,NA,NA,False,[191.751 169.631  -6.845]
955,977,956,977,A,ALA,0,C,NA,NA,False,[195.044 169.305  -8.759]
956,978,957,978,E,GLU,0,C,NA,NA,False,[195.335 165.548  -8.224]
957,979,958,979,L,LEU,0,C,NA,NA,False,[191.658 165.013  -9.032]
958,980,959,980,Q,GLN,0,C,NA,NA,False,[191.985 166.842 -12.364]
959,981,960,981,G,GLY,0,C,NA,NA,False,[195.077 164.812 -13.215]
960,982,961,982,L,LEU,0,C,NA,NA,False,[193.397 161.535 -12.279]
961,983,962,983,L,LEU,0,C,NA,NA,False,[190.582 162.368 -14.699]
962,984,963,984,S,SER,0,C,NA,NA,False,[193.22  162.144 -17.432]
963,985,964,985,C,CYS,0,C,NA,NA,False,[194.386 158.801 -16.056]
964,986,965,986,T,THR,0,C,NA,NA,False,[190.974 157.175 -16.525]
965,987,966,987,L,LEU,0,C,NA,NA,False,[191.405 153.652 -17.916]
966,988,967,988,P,PRO,0,C,NA,NA,False,[189.405 152.741 -21.049]
967,989,968,989,N,ASN,0,C,NA,NA,False,[186.49  150.305 -20.968]
968,990,969,990,R,ARG,0,C,NA,NA,False,[186.391 146.761 -22.354]
969,991,970,991,D,ASP,0,C,NA,NA,False,[186.139 148.1   -25.905]
970,992,971,992,G,GLY,0,C,NA,NA,False,[189.4   149.992 -25.448]
971,993,972,993,D,ASP,0,C,NA,NA,False,[187.789 153.439 -25.334]
972,994,973,994,V,VAL,0,C,NA,NA,False,[187.928 156.113 -22.627]
973,995,974,995,L,LEU,0,C,NA,NA,False,[184.437 157.379 -21.77 ]
974,996,975,996,V,VAL,0,C,NA,NA,False,[185.051 160.651 -19.912]
975,997,976,997,D,ASP,0,C,NA,NA,False,[187.532 163.478 -20.529]
976,998,977,998,A,ALA,0,C,NA,NA,False,[189.962 165.508 -18.414]
977,999,978,999,D,ASP,0,C,NA,NA,False,[187.088 167.864 -17.593]
978,1000,979,1000,G,GLY,0,C,NA,NA,False,[185.223 164.923 -16.087]
979,1001,980,1001,K,LYS,0,C,NA,NA,False,[182.444 165.275 -18.653]
980,1002,981,1002,A,ALA,0,C,NA,NA,False,[181.232 162.818 -21.28 ]
981,1003,982,1003,M,MET,0,C,NA,NA,False,[178.917 162.72  -24.277]
982,1004,983,1004,L,LEU,0,C,NA,NA,False,[175.421 161.337 -23.737]
983,1005,984,1005,F,PHE,0,C,NA,NA,False,[172.732 160.093 -26.098]
984,1006,985,1006,D,ASP,0,C,NA,NA,False,[169.119 161.013 -25.349]
985,1007,986,1007,G,GLY,0,C,NA,NA,False,[167.399 157.635 -25.053]
986,1008,987,1008,R,ARG,0,C,NA,NA,False,[164.147 159.158 -26.285]
987,1009,988,1009,S,SER,0,C,NA,NA,False,[165.102 161.065 -29.428]
988,1010,989,1010,G,GLY,0,C,NA,NA,False,[168.319 159.123 -30.06 ]
989,1011,990,1011,E,GLU,0,C,NA,NA,False,[170.276 162.227 -31.081]
990,1012,991,1012,P,PRO,0,C,NA,NA,False,[173.384 163.043 -29.011]
991,1013,992,1013,F,PHE,0,C,NA,NA,False,[173.073 165.779 -26.385]
992,1014,993,1014,P,PRO,0,C,NA,NA,False,[174.661 168.96  -27.796]
993,1015,994,1015,Y,TYR,0,C,NA,NA,False,[177.106 169.492 -24.957]
994,1016,995,1016,P,PRO,0,C,NA,NA,False,[179.317 167.242 -22.79 ]
995,1017,996,1017,V,VAL,0,C,NA,NA,False,[177.572 166.246 -19.542]
996,1018,997,1018,T,THR,0,C,NA,NA,False,[179.381 165.656 -16.241]
997,1019,998,1019,V,VAL,0,C,NA,NA,False,[179.168 161.914 -15.584]
998,1020,999,1020,G,GLY,0,C,NA,NA,False,[180.473 159.785 -12.715]
999,1021,1000,1021,Y,TYR,0,C,NA,NA,False,[179.533 157.677  -9.71 ]
1000,1022,1001,1022,M,MET,0,C,NA,NA,False,[177.858 158.997  -6.562]
1001,1023,1002,1023,Y,TYR,0,C,NA,NA,False,[176.846 157.4    -3.233]
1002,1024,1003,1024,I,ILE,0,C,NA,NA,False,[173.091 157.696  -2.704]
1003,1025,1004,1025,M,MET,0,C,NA,NA,False,[171.27  156.682   0.497]
1004,1026,1005,1026,K,LYS,0,C,NA,NA,False,[167.661 155.577   0.977]
1005,1027,1006,1027,L,LEU,0,C,NA,NA,False,[166.133 157.755   3.69 ]
1006,1028,1007,1028,H,HIS,0,C,NA,NA,False,[163.248 156.743   5.931]
1007,1029,1008,1029,H,HIS,0,C,NA,NA,False,[160.624 159.073   4.477]
1008,1030,1009,1030,L,LEU,0,C,NA,NA,False,[158.671 156.732   2.213]
1009,1031,1010,1031,V,VAL,0,C,NA,NA,False,[155.312 157.513   0.606]
1010,1032,1011,1032,D,ASP,0,C,NA,NA,False,[153.904 154.13    1.659]
1011,1033,1012,1033,D,ASP,0,C,NA,NA,False,[153.964 155.543   5.196]
1012,1034,1013,1034,K,LYS,0,C,NA,NA,False,[153.437 159.191   4.32 ]
1013,1035,1014,1035,I,ILE,0,C,NA,NA,False,[150.266 158.804   2.255]
1014,1036,1015,1036,H,HIS,0,C,NA,NA,False,[146.906 158.986   4.023]
1015,1037,1016,1037,A,ALA,0,C,NA,NA,False,[143.26  159.924   3.461]
1016,1038,1017,1038,R,ARG,0,C,NA,NA,False,[139.82  159.713   5.066]
1017,1039,1018,1039,S,SER,0,C,NA,NA,False,[136.157 160.128   4.113]
1018,1040,1019,1040,T,THR,0,C,NA,NA,False,[134.563 159.641   7.515]
1019,1041,1020,1041,G,GLY,0,C,NA,NA,False,[135.978 157.856  10.561]
1020,1042,1021,1042,P,PRO,0,C,NA,NA,False,[136.45  158.291  14.326]
1021,1043,1022,1043,Y,TYR,0,C,NA,NA,False,[135.566 161.53   16.148]
1022,1044,1023,1044,S,SER,0,C,NA,NA,False,[136.742 163.461  19.224]
1023,1045,1024,1045,M,MET,0,C,NA,NA,False,[135.013 162.494  22.459]
1024,1046,1025,1046,I,ILE,0,C,NA,NA,False,[134.522 166.083  23.645]
1025,1047,1026,1047,T,THR,0,C,NA,NA,False,[134.797 168.547  20.754]
1026,1048,1027,1048,Q,GLN,0,C,NA,NA,False,[133.086 165.991  18.478]
1027,1049,1028,1049,Q,GLN,0,C,NA,NA,False,[135.603 166.937  15.761]
1028,1050,1029,1050,P,PRO,0,C,NA,NA,False,[137.577 164.397  13.688]
1029,1051,1030,1051,L,LEU,0,C,NA,NA,False,[140.543 162.663  15.321]
1030,1052,1031,1052,G,GLY,0,C,NA,NA,False,[144.104 163.328  14.211]
1031,1053,1032,1053,G,GLY,0,C,NA,NA,False,[146.863 161.199  12.718]
1032,1054,1033,1054,K,LYS,0,C,NA,NA,False,[147.283 158.339  10.247]
1033,1055,1034,1055,A,ALA,0,C,NA,NA,False,[147.408 155.915  13.172]
1034,1056,1035,1056,Q,GLN,0,C,NA,NA,False,[143.895 156.869  14.223]
1035,1057,1036,1057,F,PHE,0,C,NA,NA,False,[142.68  157.35   10.637]
1036,1058,1037,1058,G,GLY,0,C,NA,NA,False,[142.022 161.044  11.239]
1037,1059,1038,1059,G,GLY,0,C,NA,NA,False,[141.418 163.912   8.85 ]
1038,1060,1039,1060,Q,GLN,0,C,NA,NA,False,[143.647 166.902   8.164]
1039,1061,1040,1061,R,ARG,0,C,NA,NA,False,[143.546 170.105  10.208]
1040,1062,1041,1062,F,PHE,0,C,NA,NA,False,[142.129 173.2     8.544]
1041,1063,1042,1063,G,GLY,0,C,NA,NA,False,[143.885 175.717  10.768]
1042,1064,1043,1064,E,GLU,0,C,NA,NA,False,[143.526 179.418  11.541]
1043,1065,1044,1065,M,MET,0,C,NA,NA,False,[145.993 180.18    8.75 ]
1044,1066,1045,1066,E,GLU,0,C,NA,NA,False,[143.969 178.21    6.208]
1045,1067,1046,1067,C,CYS,0,C,NA,NA,False,[140.703 179.882   7.243]
1046,1068,1047,1068,W,TRP,0,C,NA,NA,False,[142.261 183.204   6.28 ]
1047,1069,1048,1069,A,ALA,0,C,NA,NA,False,[143.    181.969   2.776]
1048,1070,1049,1070,M,MET,0,C,NA,NA,False,[139.352 180.94    2.392]
1049,1071,1050,1071,Q,GLN,0,C,NA,NA,False,[138.147 184.237   3.835]
1050,1072,1051,1072,A,ALA,0,C,NA,NA,False,[140.449 186.134   1.457]
1051,1073,1052,1073,Y,TYR,0,C,NA,NA,False,[139.035 184.288  -1.548]
1052,1074,1053,1074,G,GLY,0,C,NA,NA,False,[135.493 184.885  -0.334]
1053,1075,1054,1075,A,ALA,0,C,NA,NA,False,[134.439 181.245  -0.429]
1054,1076,1055,1076,A,ALA,0,C,NA,NA,False,[131.899 181.339   2.404]
1055,1077,1056,1077,Y,TYR,0,C,NA,NA,False,[130.142 178.071   1.527]
1056,1078,1057,1078,T,THR,0,C,NA,NA,False,[133.415 176.167   1.241]
1057,1079,1058,1079,L,LEU,0,C,NA,NA,False,[134.619 177.568   4.56 ]
1058,1080,1059,1080,Q,GLN,0,C,NA,NA,False,[131.26  176.959   6.271]
1059,1081,1060,1081,E,GLU,0,C,NA,NA,False,[131.092 173.37    5.026]
1060,1082,1061,1082,L,LEU,0,C,NA,NA,False,[134.599 172.591   6.279]
1061,1083,1062,1083,L,LEU,0,C,NA,NA,False,[133.818 173.778   9.809]
1062,1084,1063,1084,T,THR,0,C,NA,NA,False,[130.245 172.447   9.962]
1063,1085,1064,1085,I,ILE,0,C,NA,NA,False,[129.143 169.339   8.05 ]
1064,1086,1065,1086,K,LYS,0,C,NA,NA,False,[132.73 168.3    7.4 ]
1065,1087,1066,1087,S,SER,0,C,NA,NA,False,[133.655 168.652  11.071]
1066,1088,1067,1088,D,ASP,0,C,NA,NA,False,[131.683 168.522  14.321]
1067,1089,1068,1089,D,ASP,0,C,NA,NA,False,[128.058 168.885  13.242]
1068,1090,1069,1090,T,THR,0,C,NA,NA,False,[126.691 165.764  14.942]
1069,1091,1070,1091,V,VAL,0,C,NA,NA,False,[123.514 165.553  12.876]
1070,1092,1071,1092,G,GLY,0,C,NA,NA,False,[124.982 167.145   9.745]
1071,1093,1072,1093,R,ARG,0,C,NA,NA,False,[127.824 164.811   8.766]
1072,1094,1073,1094,V,VAL,0,C,NA,NA,False,[125.465 161.84    8.962]
1073,1095,1074,1095,K,LYS,0,C,NA,NA,False,[122.856 163.553   6.783]
1074,1096,1075,1096,V,VAL,0,C,NA,NA,False,[125.605 164.545   4.363]
1075,1097,1076,1097,Y,TYR,0,C,NA,NA,False,[126.691 160.915   3.985]
1076,1098,1077,1098,E,GLU,0,C,NA,NA,False,[123.079 159.984   3.237]
1077,1099,1078,1099,A,ALA,0,C,NA,NA,False,[122.494 162.855   0.797]
1078,1100,1079,1100,I,ILE,0,C,NA,NA,False,[125.583 161.729  -1.12 ]
1079,1101,1080,1101,V,VAL,0,C,NA,NA,False,[124.816 158.02   -1.317]
1080,1102,1081,1102,K,LYS,0,C,NA,NA,False,[121.234 158.796  -2.379]
1081,1103,1082,1103,G,GLY,0,C,NA,NA,False,[122.531 161.289  -4.959]
1082,1104,1083,1104,E,GLU,0,C,NA,NA,False,[120.519 164.241  -3.658]
1083,1105,1084,1105,N,ASN,0,C,NA,NA,False,[121.723 167.735  -2.744]
1084,1106,1085,1106,I,ILE,0,C,NA,NA,False,[123.889 168.596   0.263]
1085,1107,1086,1107,P,PRO,0,C,NA,NA,False,[121.594 169.823   3.081]
1086,1108,1087,1108,E,GLU,0,C,NA,NA,False,[122.047 173.059   5.037]
1087,1109,1088,1109,P,PRO,0,C,NA,NA,False,[124.625 172.923   7.882]
1088,1110,1089,1110,G,GLY,0,C,NA,NA,False,[123.52  173.24   11.494]
1089,1111,1090,1111,I,ILE,0,C,NA,NA,False,[125.233 174.292  14.702]
1090,1112,1091,1112,P,PRO,0,C,NA,NA,False,[128.862 173.274  15.424]
1091,1113,1092,1113,E,GLU,0,C,NA,NA,False,[128.713 171.001  18.506]
1092,1114,1093,1114,S,SER,0,C,NA,NA,False,[132.008 172.568  19.58 ]
1093,1115,1094,1115,F,PHE,0,C,NA,NA,False,[130.231 175.907  19.961]
1094,1116,1095,1116,K,LYS,0,C,NA,NA,False,[127.699 174.224  22.244]
1095,1117,1096,1117,V,VAL,0,C,NA,NA,False,[130.652 173.037  24.321]
1096,1118,1097,1118,L,LEU,0,C,NA,NA,False,[132.009 176.574  24.637]
1097,1119,1098,1119,L,LEU,0,C,NA,NA,False,[128.657 177.986  25.774]
1098,1120,1099,1120,K,LYS,0,C,NA,NA,False,[128.578 175.289  28.444]
1099,1121,1100,1121,E,GLU,0,C,NA,NA,False,[132.198 175.831  29.476]
1100,1122,1101,1122,L,LEU,0,C,NA,NA,False,[131.444 179.532  29.903]
1101,1123,1102,1123,Q,GLN,0,C,NA,NA,False,[128.376 178.695  31.993]
1102,1124,1103,1124,S,SER,0,C,NA,NA,False,[130.544 176.585  34.307]
1103,1125,1104,1125,L,LEU,0,C,NA,NA,False,[132.566 179.741  34.946]
1104,1126,1105,1126,C,CYS,0,C,NA,NA,False,[129.532 181.676  36.249]
1105,1127,1106,1127,L,LEU,0,C,NA,NA,False,[129.173 183.566  32.976]
1106,1128,1107,1128,N,ASN,0,C,NA,NA,False,[125.482 183.859  32.076]
1107,1129,1108,1129,V,VAL,0,C,NA,NA,False,[125.737 183.406  28.317]
1108,1130,1109,1130,E,GLU,0,C,NA,NA,False,[122.456 183.514  26.414]
1109,1131,1110,1131,V,VAL,0,C,NA,NA,False,[121.673 183.268  22.698]
1110,1132,1111,1132,L,LEU,0,C,NA,NA,False,[119.041 185.717  21.477]
1111,1133,1112,1133,S,SER,0,C,NA,NA,False,[116.766 185.739  18.44 ]
1112,1134,1113,1134,S,SER,0,C,NA,NA,False,[115.869 188.996  16.676]
1113,1135,1114,1135,D,ASP,0,C,NA,NA,False,[113.12  189.772  19.2  ]
1114,1136,1115,1136,G,GLY,0,C,NA,NA,False,[115.418 189.454  22.217]
1115,1137,1116,1137,A,ALA,0,C,NA,NA,False,[114.237 186.178  23.717]
1116,1138,1117,1138,A,ALA,0,C,NA,NA,False,[116.651 183.507  24.953]
1117,1139,1118,1139,I,ILE,0,C,NA,NA,False,[116.208 180.491  22.678]
1118,1140,1119,1140,E,GLU,0,C,NA,NA,False,[117.046 176.899  23.565]
1119,1141,1120,1141,L,LEU,0,C,NA,NA,False,[120.066 175.014  22.212]
1120,1142,1121,1142,R,ARG,0,C,NA,NA,False,[118.635 171.488  21.708]
1121,1143,1122,1143,E,GLU,0,C,NA,NA,False,[118.253 171.568  25.501]
1122,1144,1123,1144,G,GLY,0,C,NA,NA,False,[116.486 173.294  28.385]
1123,1145,1124,1145,E,GLU,0,C,NA,NA,False,[117.16  174.878  31.775]
1124,1146,1125,1146,D,ASP,0,C,NA,NA,False,[115.473 173.456  34.901]
1125,1147,1126,1147,E,GLU,0,C,NA,NA,False,[116.088 173.938  38.616]
