residue,average
5,0.002130050724837476
6,0.00910374217026313
7,0.019913801026595918
8,0.007169799639408938
10,0.00828155339683219
11,0.0028624831397787206
13,0.013724921367117388
14,0.005574917372365272
15,0.008107761464509968
16,0.007666660414120921
18,0.0007327655703389086
19,0.07102638069859464
22,0.023884730741293624
24,0.0056406796764870955
25,0.003228290063629931
26,0.003564707698413909
27,0.0016144200436958027
32,0.010062530216106081
34,0.010104486552766028
35,0.012360372830591035
36,0.01283768758348623
39,0.003968281606976673
40,0.001171755105091876
41,0.001954903949810125
43,0.009671780093258907
54,0.004288074659995346
63,0.0013883004664408986
80,0.005577089734833361
81,0.00882526434000823
82,0.00822715575987635
83,0.03227327568918529
84,0.0062528441487563055
160,0.009914336943330047
180,0.017155198066350272
182,0.01923186874519196
183,0.005214703961666054
197,0.012513303954491661
198,0.03405099482039519
199,0.023693636436743847
200,0.009619889247170664
201,0.015060454119749383
202,0.0023901939158062035
203,0.004906656871287917
204,0.009672552022980705
205,0.01355194065501939
206,0.005091860689208429
207,0.003214443012632897
208,0.0002597159540491938
209,0.00432678915028983
210,0.009460245106889054
211,0.01895936828510461
212,0.008618676441765432
213,0.009158681291600012
215,0.002630215634089688
216,0.0025992923240679244
217,0.00255582837177468
220,0.006085725105910686
221,0.011524406197779188
222,0.015502515582043545
223,0.016531494608417314
225,0.0012122015578343037
226,0.0061788355757657785
243,0.006392117581581658
244,0.031028057316447633
245,0.008833741172948073
246,0.0017994594156605264
247,0.0039512502986036755
248,0.0061736895378155555
250,0.0013212845367320688
275,0.0011740574315194721
291,0.010402143783016373
292,0.029057217502782076
293,0.007675575122627411
294,0.002095685252903996
296,0.010779842752747121
330,0.0032266209931278446
379,0.03252667777559486
387,0.009952843428619336
389,0.005204369029273999
397,0.00043219742396368794
399,0.02256104771409285
401,0.014348374673238837
402,0.002548230887423156
403,0.0005556931516688064
404,0.009534160887846524
405,0.004861690924647373
406,0.009566817925300656
407,0.0030346371107482866
408,0.0015027432907119532
433,0.009023946537218948
444,0.018461535544416856
445,0.0034901995757228286
446,0.024863320128989386
447,0.010095928013066037
448,0.007934875691239126
449,0.0038626585273730187
450,0.0012493267643362651
455,0.0017004950315648911
456,0.011556214353933862
458,0.004588586194848164
466,0.01300690882600411
467,0.0030875648865432937
468,0.0025548193529637358
469,0.00836607452073604
470,0.000870463895674806
504,0.004403841438469083
505,0.0030851827547365277
506,0.0015373959425426865
507,0.003136261065397283
508,0.014488286293335852
509,0.005846975309497598
510,0.0018451522696084476
511,0.013154838466661817
512,0.0015575949697301035
513,0.004603507587614565
514,0.00544408027120829
515,0.009087234508773944
521,0.010223643108029421
522,0.009084360762606242
523,0.0037868441620629066
525,0.004602044075334771
527,0.0011947592963505204
528,0.004361727318683621
529,0.009435451095867645
530,0.0035962467677321764
531,0.02707378290241089
532,0.008246056490860668
533,0.00975185606585621
542,0.0014365242118496036
544,0.0025898430464445627
545,0.015171306581888434
547,0.008467797922275677
549,0.001552864865292743
554,0.006377648644767677
555,0.0035788915901627688
556,0.006937781384451338
557,0.014225883710320374
558,0.0018172679410490698
559,0.008583132108105055
562,0.0034154890955567026
563,0.004639190292603125
564,0.007490669784154767
565,0.010112834578412215
567,7.089815502816901e-05
570,0.0014923639815543662
574,0.005955105840068039
579,0.0004901073832711479
641,0.000518365076019613
651,0.009711292776428926
652,0.005296564505321908
662,1.42709815146286e-05
664,0.018868681020723452
665,0.002533579601298322
666,0.00527003936195419
677,0.0019035005964280615
678,0.002175285352642873
680,0.0023352763321704694
681,0.00779070400715786
682,0.004740961336338961
683,0.005488369192796575
685,0.00018611424182291895
712,0.0048630657695869686
717,0.01968573734395827
718,0.014725152856460805
719,0.005083959933032885
720,0.005069306272859664
721,0.011255220928217426
722,0.014683444945740544
