Continent,Country,Region (Province or State),Organism,"SubType (e.g., Rif-S, Rif-R, MDR, Pre-XDR, XDR-TB)",WGS_fastqID,Date of DST,Investigator Name,BDQ MGIT,BDQ Agar,BDQ Broth,INH,RMP,LZD,CFZ,LVX,OFX,MXF,CAP,KAN,AMI,EMB
Africa,South Africa,KwaZulu-Natal,M. tuberculosis,Rif-R,BE01391332,02/03/2016,CTB,0.5,0.12,0.06,0.06,>4,1,0.06,0.25,0.5,0.25,2,4,1,1
Africa,South Africa,KwaZulu-Natal,M. tuberculosis,Rif-S,BF01114045,08/02/2016,CTB,0.5,0.06,≤0.008,0.06,0.25,1,0.12,≤0.12,2,0.25,2,4,1,1
Africa,South Africa,KwaZulu-Natal,M. tuberculosis,Pre-XDR,BF01298605,26/01/2016,CTB,0.5,0.25,0.015,8,>4,1,0.03,>4,>8,4,2,2,1,>16
Africa,South Africa,KwaZulu-Natal,M. tuberculosis,MDR,BF01457875,26/01/2016,CTB,0.5,0.12,0.06,8,>4,1,0.03,0.5,1,0.25,2,2,0.5,4
Africa,South Africa,KwaZulu-Natal,M. tuberculosis,Rif-S,BF01481932,08/02/2016,CTB,0.5,0.5,0.03,≤0.03,0.12,0.5,≤0.015,0.25,0.5,0.12,1,1,1,0.5
Africa,South Africa,KwaZulu-Natal,M. tuberculosis,Rif-S,BH00962940,15/02/2016,CTB,1,0.25,0.015,0.06,≤0.06,0.5,≤0.015,≤0.12,0.5,0.12,2,2,1,1
Africa,South Africa,KwaZulu-Natal,M. tuberculosis,MDR,BN00042248,29/01/2016,CTB,0.5,0.25,0.03,>16,>4,1,0.06,0.5,1,0.25,2,2,1,8
Africa,South Africa,KwaZulu-Natal,M. tuberculosis,MDR,BR00096736,02/03/2016,CTB,0.25,0.12,0.03,0.5,>4,1,0.06,0.5,1,0.25,2,2,1,4
Africa,South Africa,KwaZulu-Natal,M. tuberculosis,MDR,CD00862479,26/01/2016,CTB,0.5,0.5,0.06,>16,>4,0.5,0.03,0.25,0.5,0.25,2,1,0.5,8
Africa,South Africa,KwaZulu-Natal,M. tuberculosis,Pre-XDR,CD00862502,02/01/2016,CTB,1,0.12,0.06,>16,>4,1,0.25,0.5,1,0.25,>16,>16,>16,8
Africa,South Africa,KwaZulu-Natal,M. tuberculosis,Rif-R,CE01544376,02/03/2016,CTB,0.25,0.25,0.06,≤0.03,>4,0.5,0.03,0.25,≤0.12,0.12,1,0.5,0.5,2
Africa,South Africa,KwaZulu-Natal,M. tuberculosis,MDR,CE01607859,26/01/2016,CTB,≤0.12,0.12,0.03,8,>4,1,0.12,0.5,1,0.25,2,2,1,4
Africa,South Africa,KwaZulu-Natal,M. tuberculosis,XDR,CE01705388,25/01/2016,CTB,0.25,0.25,0.06,>16,>4,4,0.25,4,4,1,8,>16,>16,16
Africa,South Africa,KwaZulu-Natal,M. tuberculosis,Rif-S,DA00302840,08/02/2016,CTB,0.5,0.5,0.015,0.06,0.12,0.5,≤0.015,0.25,0.5,0.12,2,2,0.5,1
Africa,South Africa,KwaZulu-Natal,M. tuberculosis,MDR,DH00680828,28/01/2016,CTB,0.5,0.25,0.06,4,>4,1,0.12,0.25,0.5,≤0.06,4,4,1,4
Africa,South Africa,KwaZulu-Natal,M. tuberculosis,Pre-XDR,DH00695092,27/01/2016,CTB,1,0.25,0.03,16,>4,0.5,0.03,4,8,1,2,2,1,>16
Africa,South Africa,KwaZulu-Natal,M. tuberculosis,Rif-R,DH00704921,02/03/2016,CTB,0.5,0.06,0.03,≤0.03,>4,0.5,0.03,0.25,0.5,0.25,1,2,1,2
Africa,South Africa,KwaZulu-Natal,M. tuberculosis,Rif-S,DH00748222,08/02/2016,CTB,0.25,0.5,0.03,0.06,≤0.06,1,≤0.015,≤0.12,1,0.25,2,1,0.5,1
Africa,South Africa,KwaZulu-Natal,M. tuberculosis,MDR,EI00664567,25/01/2016,CTB,1,0.25,0.015,4,>4,0.5,0.03,0.25,0.5,0.12,1,2,0.5,1
Africa,South Africa,KwaZulu-Natal,M. tuberculosis,MDR,FD00214542,20/01/2016,CTB,1,0.5,0.06,4,>4,1,0.03,0.5,0.5,0.12,2,2,1,1
Africa,South Africa,KwaZulu-Natal,M. tuberculosis,Pre-XDR,FD00222433,16/03/2016,CTB,0.5,0.12,0.06,>16,>4,1,0.03,>4,>8,4,1,2,0.5,16
Africa,South Africa,KwaZulu-Natal,M. tuberculosis,Rif-R,GH00350830,22/01/2016,CTB,0.25,0.25,0.03,≤0.03,>4,2,0.25,4,1,0.5,4,4,2,1
Africa,South Africa,Gauteng,M. tuberculosis,MDR,IF00091761,16/03/2016,CTB,0.5,0.25,0.06,8,>4,1,0.25,0.5,1,0.12,4,4,2,4
Africa,South Africa,Free State,M. tuberculosis,Rif-R,JA00127310,25/01/2016,CTB,0.25,0.25,0.03,≤0.03,>4,0.5,0.03,0.25,0.5,≤0.06,2,2,0.5,8
Africa,South Africa,Free State,M. tuberculosis,MDR,JA00176841,20/01/2016,CTB,≤0.12,0.25,0.03,4,>4,1,0.06,0.25,0.5,0.12,2,2,1,4
Africa,South Africa,Free State,M. tuberculosis,Rif-S,JA00213685,05/02/2016,CTB,0.5,0.5,0.03,0.06,0.12,1,≤0.015,0.25,0.5,0.25,2,2,1,1
Africa,South Africa,Free State,M. tuberculosis,Rif-R,JA00214410,25/01/2016,CTB,0.5,0.25,0.06,0.25,>4,2,0.5,4,8,2,2,2,1,1
Africa,South Africa,Free State,M. tuberculosis,Rif-S,JA00225792,08/02/2016,CTB,0.5,0.5,0.06,0.06,0.25,1,0.12,0.5,1,0.25,2,4,1,1
Africa,South Africa,Free State,M. tuberculosis,Rif-S,JC00272049,05/02/2016,CTB,≤0.12,0.03,0.015,0.06,0.12,1,≤0.015,0.5,1,0.25,4,4,2,1
Africa,South Africa,Free State,M. tuberculosis,Rif-S,JC00272056,15/02/2016,CTB,0.5,0.5,0.06,0.12,0.12,1,0.12,0.5,1,0.25,16,8,2,2
Africa,South Africa,Free State,M. tuberculosis,Rif-S,JC00276287,08/02/2016,CTB,0.5,0.5,0.03,0.06,0.12,0.5,≤0.015,0.25,0.5,0.12,2,4,1,1
Africa,South Africa,Free State,M. tuberculosis,Rif-R,JD00110569,20/01/2016,CTB,1,0.5,0.12,0.12,>4,2,0.12,0.25,1,0.5,2,4,1,1
Africa,South Africa,Free State,M. tuberculosis,MDR,JD00128975,25/01/2016,CTB,0.25,0.5,0.06,8,>4,1,0.06,≤0.12,0.5,≤0.06,2,2,1,1
Africa,South Africa,Free State,M. tuberculosis,Rif-S,JF00065486,08/02/2016,CTB,0.5,0.5,0.03,0.12,0.25,0.5,0.03,0.25,1,0.25,2,2,1,2
Africa,South Africa,Free State,M. tuberculosis,MDR,JG00224441,25/01/2016,CTB,0.25,0.12,0.06,8,>4,0.25,0.12,0.5,0.5,0.12,2,1,1,8
Africa,South Africa,Free State,M. tuberculosis,MDR,JG00225783,25/01/2016,CTB,1,0.12,0.06,0.5,>4,1,0.06,0.5,1,0.25,1,2,0.5,2
Africa,South Africa,Free State,M. tuberculosis,MDR,JG00244947,28/01/2016,CTB,0.5,0.25,0.03,2,>4,1,0.06,1,1,0.25,1,4,1,2
Africa,South Africa,Free State,M. tuberculosis,MDR,JG00304736,25/01/2016,CTB,0.5,0.25,0.03,8,>4,1,0.25,0.5,2,0.5,4,2,4,16
Africa,South Africa,Free State,M. tuberculosis,Rif-S,JG00406558,04/02/2016,CTB,0.5,0.25,0.015,0.06,≤0.06,0.5,≤0.015,0.25,0.5,0.12,2,4,0.5,1
Africa,South Africa,Free State,M. tuberculosis,Rif-S,JG00406968,08/02/2016,CTB,0.5,0.25,0.015,0.06,0.12,0.5,≤0.015,0.5,0.5,0.12,2,2,0.5,1
Africa,South Africa,Free State,M. tuberculosis,Rif-S,JG00407001,08/02/2016,CTB,≤0.12,0.25,0.015,0.06,0.12,0.5,≤0.015,0.25,0.5,0.25,2,2,0.5,2
Africa,South Africa,Free State,M. tuberculosis,Rif-S,JG00421329,27/01/2016,CTB,0.5,0.25,0.015,≤0.03,0.25,0.5,0.06,0.5,≤0.12,≤0.06,2,2,0.5,1
Africa,South Africa,Free State,M. tuberculosis,Rif-S,JG00423359,15/02/2016,CTB,≤0.12,0.06,0.06,0.06,≤0.06,1,0.25,0.25,0.5,0.12,4,2,1,2
Africa,South Africa,Free State,M. tuberculosis,Rif-S,JG00432562,08/02/2016,CTB,1,0.25,0.03,0.06,0.12,1,0.03,0.25,0.5,0.12,2,2,1,0.5
Africa,South Africa,Northern Cape,M. tuberculosis,Rif-S,KD00109931,15/02/2016,CTB,0.25,0.12,0.06,0.25,≤0.06,1,0.03,0.25,0.5,0.12,2,2,1,2
Africa,South Africa,Northern Cape,M. tuberculosis,Rif-S,KD00166042,29/01/2016,CTB,0.5,0.06,0.03,≤0.03,≤0.06,0.5,0.03,0.25,0.5,≤0.06,2,1,0.5,2
Africa,South Africa,Northern Cape,M. tuberculosis,Rif-R,KD00184898,02/03/2016,CTB,0.5,0.12,0.03,≤0.03,>4,0.5,0.06,0.5,1,0.25,1,2,0.5,2
Africa,South Africa,North West,M. tuberculosis,Rif-S,KF00065920,21/01/2016,CTB,0.25,0.12,0.06,0.06,0.12,1,0.25,0.5,1,0.25,4,8,1,2
Africa,South Africa,Northern Cape,M. tuberculosis,MDR,KG00082202,26/01/2016,CTB,≤0.12,0.25,0.03,>16,>4,0.5,≤0.015,0.25,0.5,≤0.06,1,1,0.5,1
Africa,South Africa,Limpopo,M. tuberculosis,Rif-S,NC00179466,04/02/2016,CTB,0.5,0.25,0.03,0.06,0.25,1,0.03,0.5,1,0.25,2,2,1,1
Africa,South Africa,Limpopo,M. tuberculosis,MDR,ND00124877,26/01/2016,CTB,0.5,0.5,0.12,16,>4,2,0.06,0.5,2,0.25,2,4,1,>16
Africa,South Africa,Limpopo,M. tuberculosis,Rif-R,NE00095715,28/01/2016,CTB,0.5,0.5,0.06,0.12,>4,1,0.03,0.25,0.5,≤0.06,2,2,1,1
Africa,South Africa,Limpopo,M. tuberculosis,Rif-R,NF00130189,15/02/2016,CTB,0.5,0.25,0.06,≤0.03,>4,0.5,0.06,0.25,0.5,0.12,2,4,1,4
Africa,South Africa,Limpopo,M. tuberculosis,MDR,OB00111392,26/01/2016,CTB,0.5,0.25,0.06,8,>4,0.5,0.12,0.25,0.5,≤0.06,≤0.12,0.25,1,1
Africa,South Africa,Limpopo,M. tuberculosis,MDR,OB00115404,23/02/2016,CTB,0.5,0.25,0.015,8,>4,0.5,0.03,0.25,0.5,0.12,1,2,1,8
Africa,South Africa,Limpopo,M. tuberculosis,Rif-R,OB00122369,26/01/2016,CTB,0.25,0.12,≤0.008,0.25,>4,0.5,0.06,0.25,0.5,0.12,1,2,0.5,4
Africa,South Africa,Limpopo,M. tuberculosis,Rif-R,OC00061697,20/01/2016,CTB,0.5,0.25,0.06,0.12,>4,2,0.5,0.5,1,0.5,4,4,2,2
Africa,South Africa,Limpopo,M. tuberculosis,Rif-S,OC00091135,05/02/2016,CTB,0.5,0.25,0.03,0.12,≤0.06,1,0.06,0.5,1,0.25,4,4,1,1
Africa,South Africa,Limpopo,M. tuberculosis,Rif-R,OI00115044,08/02/2016,CTB,0.5,0.12,0.06,≤0.03,>4,2,0.06,0.5,1,0.12,2,4,1,1
Africa,South Africa,Limpopo,M. tuberculosis,Rif-R,OK00054059,28/01/2016,CTB,0.5,0.25,0.06,≤0.03,4,2,0.06,0.25,0.5,0.12,4,8,1,0.5
Africa,South Africa,Limpopo,M. tuberculosis,Rif-S,ON00035801,16/03/2016,CTB,0.5,0.5,0.03,0.12,0.5,1,0.5,0.5,2,0.25,4,8,1,4
Africa,South Africa,Limpopo,M. tuberculosis,Rif-R,OO00095615,29/01/2016,CTB,0.5,0.25,0.03,0.12,>4,1,0.03,0.25,0.5,0.12,2,2,1,2
Africa,South Africa,Limpopo,M. tuberculosis,Rif-S,OS00120406,26/01/2016,CTB,0.5,0.25,0.015,≤0.03,≤0.06,1,0.06,0.25,0.5,≤0.06,4,1,1,2
Africa,South Africa,Mpumalanga,M. tuberculosis,MDR,PA00070896,21/01/2016,CTB,0.5,0.5,0.06,4,>4,0.5,0.06,0.5,1,0.25,2,2,0.5,16
Africa,South Africa,Mpumalanga,M. tuberculosis,Rif-R,PA00082962,26/01/2016,CTB,≤0.12,0.25,0.06,0.12,>4,0.5,0.06,0.25,0.5,0.12,2,2,1,1
Africa,South Africa,Mpumalanga,M. tuberculosis,Rif-R,PD00160471,25/01/2016,CTB,0.5,0.12,0.03,0.06,1,1,0.06,≤0.12,≤0.12,0.12,2,4,2,1
Africa,South Africa,Mpumalanga,M. tuberculosis,MDR,PE00190349,25/01/2016,CTB,0.5,0.03,0.12,>16,>4,1,0.25,0.5,1,0.5,4,4,2,16
Africa,South Africa,Mpumalanga,M. tuberculosis,MDR,PE00291237,20/01/2016,CTB,0.5,0.25,0.06,2,>4,0.5,0.12,1,2,0.25,2,2,0.5,16
Africa,South Africa,Mpumalanga,M. tuberculosis,Rif-R,PE00318284,16/03/2016,CTB,0.5,0.25,0.06,0.06,>4,1,0.25,0.5,1,0.25,2,4,1,≤0.25
Africa,South Africa,Mpumalanga,M. tuberculosis,MDR,PF00076589,25/01/2016,CTB,0.25,0.25,0.03,16,>4,2,0.06,1,0.5,0.25,4,2,2,2
Africa,South Africa,Mpumalanga,M. tuberculosis,MDR,PH00104960,27/01/2016,CTB,0.25,0.25,0.06,>16,>4,1,0.06,0.5,1,0.25,2,2,1,16
Africa,South Africa,Mpumalanga,M. tuberculosis,Rif-R,PI00148593,28/01/2016,CTB,≤0.12,0.25,0.03,0.06,>4,0.5,0.12,0.5,1,0.25,2,2,1,1
Africa,South Africa,Mpumalanga,M. tuberculosis,MDR,PI00170885,26/01/2016,CTB,0.5,0.25,0.03,2,>4,0.5,0.06,1,2,0.25,1,2,0.5,16
Africa,South Africa,Mpumalanga,M. tuberculosis,MDR,PJ00162888,21/01/2016,CTB,0.5,0.5,0.06,16,>4,1,0.06,0.5,0.5,0.12,2,4,1,>16
Africa,South Africa,Mpumalanga,M. tuberculosis,Rif-S,PJ00172527,25/01/2016,CTB,0.5,0.5,0.06,0.06,0.12,1,0.12,0.25,0.5,0.25,2,2,1,1
Africa,South Africa,Mpumalanga,M. tuberculosis,MDR,PK00524261,16/03/2016,CTB,0.5,0.12,0.06,4,>4,1,0.06,1,1,0.5,2,2,0.5,8
Africa,South Africa,Mpumalanga,M. tuberculosis,Pre-XDR,PK00537387,20/01/2016,CTB,0.5,0.25,0.06,4,>4,1,1,4,4,2,4,4,1,8
Africa,South Africa,Mpumalanga,M. tuberculosis,MDR,PK00561581,21/01/2016,CTB,1,0.5,0.12,8,>4,2,0.12,1,2,0.5,1,2,2,16
Africa,South Africa,Mpumalanga,M. tuberculosis,MDR,PK00599668,02/01/2016,CTB,1,0.12,0.03,8,>4,0.5,0.12,1,1,0.5,2,2,1,8
Africa,South Africa,Mpumalanga,M. tuberculosis,MDR,PK00651442,26/01/2016,CTB,≤0.12,0.25,0.03,0.5,>4,1,0.06,0.25,0.5,≤0.06,2,2,1,4
Africa,South Africa,Mpumalanga,M. tuberculosis,MDR,PK00685617,26/01/2016,CTB,0.5,0.25,0.03,2,>4,0.25,0.03,0.5,1,0.25,1,1,0.5,8
Africa,South Africa,Mpumalanga,M. tuberculosis,Rif-S,PK00709697,20/01/2016,CTB,0.25,0.12,0.015,≤0.03,≤0.06,1,0.03,0.5,0.5,≤0.06,2,2,2,1
Africa,South Africa,Mpumalanga,M. tuberculosis,MDR,PL00048658,26/01/2016,CTB,0.5,0.5,0.03,8,>4,1,0.12,1,2,0.5,2,2,1,16
Africa,South Africa,Mpumalanga,M. tuberculosis,MDR,PL00097805,26/01/2016,CTB,0.5,0.06,0.03,4,>4,0.5,0.03,0.5,1,0.25,1,2,0.5,1
Africa,South Africa,Mpumalanga,M. tuberculosis,MDR,PM00152727,20/01/2016,CTB,0.25,0.12,≤0.008,4,>4,4,0.06,0.5,2,0.5,8,4,1,4
Africa,South Africa,Mpumalanga,M. tuberculosis,Rif-S,PM00210785,26/01/2016,CTB,0.5,0.5,0.03,≤0.03,0.12,1,0.06,0.5,0.5,0.25,2,2,1,1
Africa,South Africa,Mpumalanga,M. tuberculosis,MDR,PM00232791,21/01/2016,CTB,1,0.5,0.12,8,>4,0.5,0.12,1,1,0.25,0.5,1,0.5,16
Africa,South Africa,Mpumalanga,M. tuberculosis,Rif-S,PM00233485,04/02/2016,CTB,≤0.12,0.25,0.03,0.06,≤0.06,1,0.03,0.5,0.5,0.12,2,4,1,16
Africa,South Africa,Mpumalanga,M. tuberculosis,Rif-S,PN00175023,04/02/2016,CTB,0.5,0.5,0.03,0.06,0.12,1,≤0.015,0.25,0.5,0.12,4,2,1,4
Africa,South Africa,Mpumalanga,M. tuberculosis,Rif-R,PO00209791,29/01/2016,CTB,0.5,0.25,0.12,0.12,>4,1,0.25,0.5,1,0.25,4,2,1,1
Africa,South Africa,Mpumalanga,M. tuberculosis,MDR,PO00214147,26/01/2016,CTB,0.5,0.5,0.06,>16,>4,1,0.5,0.5,1,0.25,2,4,1,>16
Africa,South Africa,Mpumalanga,M. tuberculosis,Rif-S,PO00237248,04/02/2016,CTB,0.5,0.25,0.03,0.06,0.12,0.5,≤0.015,0.25,0.5,0.12,2,4,1,1
Africa,South Africa,Mpumalanga,M. tuberculosis,Rif-S,PP00150885,02/03/2016,CTB,0.5,0.25,0.06,0.25,0.12,2,≤0.015,0.25,1,0.12,4,4,1,1
Africa,South Africa,Mpumalanga,M. tuberculosis,MDR,PS00326134,25/01/2016,CTB,1,0.12,0.03,4,>4,1,0.06,1,1,0.25,2,4,1,1
Africa,South Africa,Mpumalanga,M. tuberculosis,MDR,PS00217691,27/01/2016,CTB,0.5,0.5,0.06,2,>4,1,0.06,≤0.12,0.5,0.25,2,4,1,1
Africa,South Africa,Mpumalanga,M. tuberculosis,Pre-XDR,PS00263922,26/01/2016,CTB,≤0.12,0.015,0.015,0.5,>4,1,0.03,4,4,1,0.25,2,0.5,8
Africa,South Africa,Mpumalanga,M. tuberculosis,Rif-R,PS00307966,25/01/2016,CTB,0.5,0.5,0.03,≤0.03,>4,0.5,0.06,0.25,0.5,0.12,2,4,1,1
Africa,South Africa,Mpumalanga,M. tuberculosis,Rif-R,PS00308033,02/03/2016,CTB,0.5,0.12,0.03,0.06,>4,1,0.03,0.5,1,0.25,4,2,1,2
Africa,South Africa,Mpumalanga,M. tuberculosis,XDR,PS00313772,25/01/2016,CTB,≤0.12,0.06,0.03,2,>4,8,0.06,>4,>8,2,2,4,0.5,16
Africa,South Africa,Mpumalanga,M. tuberculosis,Rif-S,PS00353535,26/01/2016,CTB,0.5,0.25,0.03,0.06,0.25,1,0.03,0.5,1,0.25,2,4,1,1
Africa,South Africa,North West,M. tuberculosis,Pre-XDR,QE00093878,26/01/2016,CTB,0.25,0.25,0.06,4,>4,2,0.12,0.5,1,0.25,2,8,1,1
Africa,South Africa,North West,M. tuberculosis,MDR,QE00098167,21/01/2016,CTB,0.5,0.12,0.06,16,>4,2,1,1,1,0.5,4,4,4,8
Africa,South Africa,North West,M. tuberculosis,Rif-R,QF00383820,25/02/2016,CTB,1,0.12,0.12,0.12,4,1,0.06,1,0.5,0.25,4,2,1,0.5
Africa,South Africa,North West,M. tuberculosis,Rif-R,QF00450839,21/01/2016,CTB,0.5,0.25,0.03,0.12,>4,0.5,0.06,0.25,0.5,0.12,2,2,1,1
Africa,South Africa,North West,M. tuberculosis,MDR,QH00194828,25/02/2016,CTB,0.25,0.06,0.03,2,>4,1,0.06,0.5,0.5,0.12,4,2,1,1
Africa,South Africa,North West,M. tuberculosis,Rif-R,QH00201945,27/01/2016,CTB,0.5,0.25,0.015,0.06,>4,0.25,0.03,0.5,2,0.25,1,1,0.5,2
Africa,South Africa,North West,M. tuberculosis,MDR,RB00104514,02/01/2016,CTB,0.5,0.06,0.03,4,>4,1,0.06,0.25,0.5,0.12,2,2,0.5,1
Africa,South Africa,Mpumalanga,M. tuberculosis,Rif-S,RD00095112,28/01/2016,CTB,≤0.12,0.25,0.03,0.5,0.12,0.5,0.06,0.25,0.5,0.12,2,4,1,2
Africa,South Africa,Mpumalanga,M. tuberculosis,MDR,RF00127752,25/02/2016,CTB,0.25,0.12,0.015,16,>4,0.5,0.03,0.5,0.5,0.12,1,1,0.5,8
Africa,South Africa,North West,M. tuberculosis,MDR,RJ00247078,21/01/2016,CTB,0.5,0.12,0.06,>16,>4,2,0.06,1,1,0.25,1,2,0.5,16
Africa,South Africa,North West,M. tuberculosis,Rif-S,RJ00263599,20/01/2016,CTB,0.25,0.5,0.06,0.06,0.25,1,0.06,0.25,0.5,0.25,2,2,1,1
Africa,South Africa,North West,M. tuberculosis,Rif-S,RJ00284466,08/02/2016,CTB,0.5,0.25,0.06,0.06,0.12,0.25,0.03,0.5,0.5,0.12,4,4,1,1
Africa,South Africa,Eastern Cape,M. tuberculosis,Rif-R,TH00083947,29/01/2016,CTB,≤0.12,0.06,≤0.008,0.25,>4,0.5,≤0.015,0.25,0.5,≤0.06,2,2,1,2
Africa,South Africa,Gauteng,M. tuberculosis,Rif-R,TRL0016762,28/01/2016,CTB,0.5,0.12,≤0.008,≤0.03,>4,≤0.12,0.03,0.5,1,0.25,1,2,0.5,2
Africa,South Africa,Gauteng,M. tuberculosis,Rif-R,TRL0018609,28/01/2016,CTB,0.25,0.25,0.015,0.25,>4,0.5,≤0.015,0.25,0.5,0.12,2,2,1,2
Africa,South Africa,Northern Cape,M. tuberculosis,Pre-XDR,TRL0022086,25/02/2016,CTB,0.5,0.25,0.06,8,>4,1,0.06,4,8,1,2,4,1,16
Africa,South Africa,Gauteng,M. tuberculosis,MDR,TRL0022753,16/03/2016,CTB,0.5,0.12,0.06,>16,>4,2,0.12,0.5,1,0.25,4,4,0.5,>16
Africa,South Africa,Northern Cape,M. tuberculosis,XDR,TRL0022765,20/01/2016,CTB,1,0.25,0.12,4,>4,1,0.25,4,8,2,8,>16,>16,16
Africa,South Africa,Gauteng,M. tuberculosis,Pre-XDR,TRL0023642,25/01/2016,CTB,0.25,0.06,0.015,16,>4,1,0.12,4,8,2,2,2,1,8
Africa,South Africa,North West,M. tuberculosis,MDR,TRL0023983,20/01/2016,CTB,0.25,0.5,0.06,0.5,>4,2,0.06,0.25,0.5,0.12,2,4,1,1
Africa,South Africa,Gauteng,M. tuberculosis,MDR,TRL0024410,16/03/2016,CTB,0.5,0.25,0.06,1,>4,0.5,0.06,1,1,0.25,4,2,1,4
Africa,South Africa,Gauteng,M. tuberculosis,MDR,TRL0025866,29/01/2016,CTB,0.25,0.25,0.015,>16,>4,8,2,0.5,0.5,0.12,4,2,0.5,>16
Africa,South Africa,Northern Cape,M. tuberculosis,MDR,TRL0031160,25/01/2016,CTB,1,0.25,0.06,1,>4,1,0.25,≤0.12,1,0.5,4,2,1,8
Africa,South Africa,Gauteng,M. tuberculosis,Rif-R,TRL0031813,28/01/2016,CTB,0.5,0.25,0.06,0.06,>4,0.5,0.06,0.5,0.5,0.25,1,2,1,1
Africa,South Africa,North West,M. tuberculosis,Rif-S,TRL0037452,19/01/2016,CTB,0.5,0.5,0.06,0.06,0.12,0.5,0.06,0.25,0.5,0.12,4,4,1,1
Africa,South Africa,North West,M. tuberculosis,Rif-S,TRL0037975,21/01/2016,CTB,0.5,0.25,0.03,0.06,≤0.06,0.5,0.03,0.25,0.5,0.12,2,4,1,1
Africa,South Africa,Northern Cape,M. tuberculosis,Rif-S,TRL0038616,20/01/2016,CTB,≤0.12,0.06,≤0.008,0.25,0.5,1,0.03,0.25,0.5,0.12,2,2,1,2
Africa,South Africa,Northern Cape,M. tuberculosis,Rif-R,TRL0038641,25/01/2016,CTB,0.5,0.5,0.03,≤0.03,>4,0.5,0.06,0.25,0.5,0.12,1,2,0.5,1
Africa,South Africa,Gauteng,M. tuberculosis,Rif-R,TRL0039162,28/01/2016,CTB,0.25,0.12,0.03,0.06,>4,0.5,≤0.015,0.5,0.5,0.12,2,4,1,1
Africa,South Africa,Limpopo,M. tuberculosis,Rif-R,TRL0039481,16/03/2016,CTB,1,0.12,0.03,≤0.03,>4,1,0.03,0.5,0.5,0.12,2,4,1,0.5
Africa,South Africa,Gauteng,M. tuberculosis,MDR,TRL0039576,28/01/2016,CTB,≤0.12,0.25,0.03,8,>4,0.5,0.06,0.5,0.25,0.12,1,1,≤0.12,4
Africa,South Africa,Gauteng,M. tuberculosis,MDR,TRL0039671,20/01/2016,CTB,0.5,0.5,0.06,8,>4,0.5,0.25,0.25,0.5,0.12,2,2,1,4
Africa,South Africa,North West,M. tuberculosis,MDR,TRL0040091,25/01/2016,CTB,0.25,0.25,0.03,8,>4,0.5,0.06,0.5,1,0.25,2,2,0.5,8
Africa,South Africa,Eastern Cape,M. tuberculosis,Rif-S,TRL0041018,16/03/2016,CTB,0.5,0.25,0.06,0.5,0.5,1,0.25,0.5,1,1,4,8,2,2
Africa,South Africa,Northern Cape,M. tuberculosis,Rif-S,TRL0043835,20/01/2016,CTB,0.25,0.5,0.06,0.06,≤0.06,0.5,0.03,0.25,0.5,0.12,2,2,1,1
Africa,South Africa,North West,M. tuberculosis,MDR,TRL0044786,20/01/2016,CTB,0.25,0.5,0.03,8,>4,0.5,0.03,0.5,0.5,0.25,2,2,1,1
Africa,South Africa,Gauteng,M. tuberculosis,Rif-S,TRL0045387,27/01/2016,CTB,0.25,0.5,0.06,0.12,≤0.06,2,0.06,0.25,0.5,0.12,2,4,1,1
Africa,South Africa,Eastern Cape,M. tuberculosis,MDR,TRL0051487,16/03/2016,CTB,0.25,0.25,0.06,>16,>4,2,0.12,2,1,0.25,4,2,1,16
Africa,South Africa,Gauteng,M. tuberculosis,Rif-R,TRL0053150,28/01/2016,CTB,0.5,0.5,0.06,≤0.03,>4,2,0.06,1,1,0.25,2,4,1,1
Africa,South Africa,North West,M. tuberculosis,MDR,TRL0056535,25/01/2016,CTB,0.5,0.25,0.06,16,>4,0.5,1,1,1,0.25,2,2,1,8
Africa,South Africa,Gauteng,M. tuberculosis,Rif-R,TRL0057671,16/03/2016,CTB,≤0.12,0.06,0.015,0.25,>4,1,0.03,0.5,0.5,0.25,4,4,2,2
Africa,South Africa,Northern Cape,M. tuberculosis,Rif-S,TRL0060765,25/02/2016,CTB,≤0.12,0.06,≤0.008,0.06,0.5,0.5,0.03,0.5,1,≤0.06,2,1,0.5,2
Africa,South Africa,Gauteng,M. tuberculosis,Rif-R,TRL0063481,25/01/2016,CTB,0.5,0.12,0.03,0.25,>4,0.5,0.12,0.5,0.5,0.12,2,2,0.5,2
Africa,South Africa,Western Cape,M. tuberculosis,Rif-S,TRL0065056,21/01/2016,CTB,0.5,0.25,0.03,≤0.03,≤0.06,1,0.06,0.25,0.25,0.25,2,4,1,1
Africa,South Africa,Northern Cape,M. tuberculosis,MDR,TRL0065060,04/02/2016,CTB,≤0.12,0.06,0.015,1,>4,0.5,0.06,0.25,0.5,0.12,4,0.5,1,>16
Africa,South Africa,Western Cape,M. tuberculosis,Pre-XDR,TRL0065126,21/01/2016,CTB,0.5,0.06,0.06,0.5,0.12,0.5,0.25,1,2,0.25,4,8,1,2
Africa,South Africa,Northern Cape,M. tuberculosis,Rif-S,TRL0066006,21/01/2016,CTB,0.5,0.25,0.06,0.06,0.12,2,0.06,1,1,0.25,4,4,2,2
Africa,South Africa,Northern Cape,M. tuberculosis,MDR,TRL0069553,20/01/2016,CTB,≤0.12,0.12,0.03,8,>4,2,0.03,0.5,1,0.25,2,2,1,4
Africa,South Africa,Western Cape,M. tuberculosis,Rif-R,TRL0071026,20/01/2016,CTB,0.5,0.12,0.03,≤0.03,>4,1,≤0.015,0.25,0.5,0.12,4,4,1,1
Africa,South Africa,Gauteng,M. tuberculosis,Rif-R,TRL0072847,21/01/2016,CTB,0.5,0.25,≤0.008,0.06,>4,0.5,0.03,0.5,1,0.25,2,2,1,1
Africa,South Africa,Limpopo,M. tuberculosis,Rif-S,TRL0073196,26/01/2016,CTB,0.25,0.25,0.015,4,0.5,0.5,≤0.015,0.5,0.5,0.12,1,1,0.5,4
Africa,South Africa,Limpopo,M. tuberculosis,MDR,TRL0073861,25/01/2016,CTB,0.25,0.12,0.03,4,>4,1,0.03,0.5,1,0.25,2,2,0.5,2
Africa,South Africa,Western Cape,M. tuberculosis,Pre-XDR,TRL0074347,27/01/2016,CTB,0.25,0.25,0.03,8,>4,0.5,0.06,4,8,1,0.5,1,0.5,16
Africa,South Africa,Western Cape,M. tuberculosis,Rif-R,TRL0074450,02/01/2016,CTB,0.25,0.06,0.03,≤0.03,>4,1,0.12,0.25,0.5,0.12,2,4,1,1
Africa,South Africa,Western Cape,M. tuberculosis,XDR,TRL0078924,26/01/2016,CTB,0.5,0.25,0.06,>16,>4,1,0.12,>4,>8,4,16,>16,>16,8
Africa,South Africa,Western Cape,M. tuberculosis,Rif-R,TRL0079859,25/01/2016,CTB,0.5,0.5,0.03,≤0.03,>4,1,0.06,0.25,0.5,0.25,2,2,0.5,1
Africa,South Africa,Gauteng,M. tuberculosis,Rif-R,TRL0080690,25/01/2016,CTB,0.25,0.5,0.06,≤0.03,>4,1,0.06,≤0.12,0.5,0.12,2,4,2,≤0.25
Africa,South Africa,Gauteng,M. tuberculosis,MDR,TRL0080727,28/01/2016,CTB,0.25,0.12,≤0.008,0.5,>4,≤0.12,≤0.015,0.5,1,0.12,0.5,0.5,≤0.12,16
Africa,South Africa,Gauteng,M. tuberculosis,MDR,TRL0081287,21/01/2016,CTB,0.25,0.25,0.06,1,>4,8,0.06,2,2,0.12,2,2,1,2
Africa,South Africa,Gauteng,M. tuberculosis,Rif-S,TRL0083443,04/02/2016,CTB,0.25,0.12,0.03,≤0.03,≤0.06,1,0.03,0.25,0.5,≤0.06,0.5,1,1,1
Africa,South Africa,Gauteng,M. tuberculosis,Rif-S,TRL0083468,05/02/2016,CTB,0.5,0.25,0.03,0.12,0.12,1,0.06,0.5,1,0.25,4,4,1,2
Africa,South Africa,Gauteng,M. tuberculosis,Rif-S,TRL0083502,05/02/2016,CTB,0.25,0.06,≤0.008,≤0.03,≤0.06,1,0.06,0.25,0.5,≤0.06,2,1,1,1
Africa,South Africa,Western Cape,M. tuberculosis,MDR,TRL0084661,20/01/2016,CTB,≤0.12,0.06,≤0.008,>16,>4,1,≤0.015,0.25,0.5,0.12,2,2,1,16
Africa,South Africa,Western Cape,M. tuberculosis,MDR,TRL0084676,25/01/2016,CTB,0.5,0.12,0.03,0.5,>4,1,0.25,0.5,1,0.25,4,2,2,2
Africa,South Africa,Limpopo,M. tuberculosis,Rif-S,TRL0085353,22/01/2016,CTB,0.5,0.25,0.06,0.12,≤0.06,4,1,1,1,0.25,4,2,2,2
Africa,South Africa,Limpopo,M. tuberculosis,MDR,TRL0085451,27/01/2016,CTB,1,0.25,0.03,>16,>4,2,0.5,1,1,0.12,4,4,1,>16
Africa,South Africa,Limpopo,M. tuberculosis,MDR,TRL0085876,21/01/2016,CTB,0.5,0.25,0.06,8,>4,0.5,0.12,0.5,0.5,0.25,2,4,1,1
Africa,South Africa,Limpopo,M. tuberculosis,MDR,TRL0086437,21/01/2016,CTB,0.5,0.25,0.03,8,>4,0.5,0.03,0.5,0.5,0.25,2,2,0.5,16
Africa,South Africa,Western Cape,M. tuberculosis,Rif-R,TRL0086755,02/03/2016,CTB,1,0.25,0.12,0.06,>4,0.5,0.5,0.5,1,0.25,2,4,1,2
Africa,South Africa,Western Cape,M. tuberculosis,Pre-XDR,TRL0088085,16/03/2016,CTB,≤0.12,0.03,≤0.008,1,>4,0.5,0.03,4,8,2,4,4,2,16
Africa,South Africa,Western Cape,M. tuberculosis,Rif-R,TRL0090177,04/02/2016,CTB,0.5,0.03,0.015,≤0.03,>4,1,0.03,0.25,0.5,≤0.06,2,2,0.5,1
Africa,South Africa,Northern Cape,M. tuberculosis,MDR,TRL0090417,16/03/2016,CTB,≤0.12,0.06,0.015,8,>4,1,0.03,0.25,0.5,0.12,2,2,1,8
Africa,South Africa,Limpopo,M. tuberculosis,Rif-S,TRL0090790,25/01/2016,CTB,0.25,0.25,≤0.008,≤0.03,≤0.06,0.5,0.03,0.25,≤0.12,0.12,2,0.5,0.5,1
Africa,South Africa,Limpopo,M. tuberculosis,Rif-R,TRL0090962,02/03/2016,CTB,0.25,0.25,0.06,0.06,>4,0.5,0.12,0.5,1,0.25,4,2,1,2
Africa,South Africa,Western Cape,M. tuberculosis,MDR,TRL0091794,27/01/2016,CTB,≤0.12,0.12,0.015,16,>4,1,0.06,1,1,0.25,0.5,1,0.5,4
Africa,South Africa,Mpumalanga,M. tuberculosis,MDR,TRL0091844,26/01/2016,CTB,≤0.12,0.25,0.06,1,>4,0.25,0.03,0.5,1,0.25,1,0.5,0.25,16
Africa,South Africa,Gauteng,M. tuberculosis,Rif-S,TRL0093860,05/02/2016,CTB,0.5,0.03,0.03,0.06,0.5,2,0.12,0.5,1,0.25,2,2,0.25,2
Africa,South Africa,Western Cape,M. tuberculosis,MDR,TRL0095023,20/01/2016,CTB,0.25,0.25,0.03,4,>4,1,0.03,0.5,1,0.25,2,2,1,4
Africa,South Africa,Limpopo,M. tuberculosis,Rif-S,TRL0095895,04/02/2016,CTB,0.5,0.12,0.12,0.06,0.25,0.25,0.03,0.5,1,0.25,2,4,1,1
Africa,South Africa,Western Cape,M. tuberculosis,MDR,TRL0097309,26/01/2016,CTB,≤0.12,0.12,0.015,1,>4,1,0.03,0.5,0.5,0.12,4,2,1,16
Africa,South Africa,Western Cape,M. tuberculosis,Rif-R,TRL0099205,16/03/2016,CTB,0.5,0.12,0.015,≤0.03,>4,0.25,0.03,0.25,0.5,0.25,2,2,1,2
Africa,South Africa,Western Cape,M. tuberculosis,MDR,TRL0100824,04/02/2016,CTB,0.25,0.06,0.015,8,>4,0.5,0.03,0.25,0.5,≤0.06,1,0.25,0.5,8
Africa,South Africa,Western Cape,M. tuberculosis,MDR,TRL0101440,20/01/2016,CTB,≤0.12,0.03,≤0.008,0.5,>4,1,≤0.015,≤0.12,0.5,0.25,2,2,1,8
Africa,South Africa,Free State,M. tuberculosis,MDR,TRL0101901,20/01/2016,CTB,0.25,0.12,0.03,8,>4,1,≤0.015,0.5,1,0.25,2,2,1,4
Africa,South Africa,Western Cape,M. tuberculosis,Pre-XDR,TRL0103300,02/03/2016,CTB,0.5,0.25,0.06,4,>4,0.5,0.06,1,4,1,4,4,1,8
Africa,South Africa,Western Cape,M. tuberculosis,Rif-S,TRL0103669,29/01/2016,CTB,≤0.12,0.06,0.015,0.12,≤0.06,1,≤0.015,0.25,0.5,0.12,2,2,1,≤0.25
Africa,South Africa,Western Cape,M. tuberculosis,Rif-S,TRL0105138,08/02/2016,CTB,0.25,0.5,0.015,0.06,≤0.06,0.5,0.03,0.25,0.5,0.25,1,2,0.5,1
Africa,South Africa,Free State,M. tuberculosis,Rif-R,TRL0105148,26/01/2016,CTB,1,0.5,0.12,0.12,>4,4,0.25,1,0.5,0.25,2,4,2,2
Africa,South Africa,Free State,M. tuberculosis,MDR,TRL0105195,22/01/2016,CTB,0.25,0.06,0.015,4,>4,0.25,≤0.015,0.25,0.5,0.12,2,1,0.25,16
Africa,South Africa,Western Cape,M. tuberculosis,MDR,TRL0107371,20/01/2016,CTB,0.5,0.25,0.03,2,>4,0.5,0.03,0.25,0.5,0.12,1,2,0.5,8
Africa,South Africa,Western Cape,M. tuberculosis,Rif-R,TRL0107570,25/01/2016,CTB,≤0.12,0.12,0.015,0.25,>4,1,0.12,0.25,1,0.12,2,2,1,8
Africa,South Africa,Western Cape,M. tuberculosis,MDR,TRL0108114,26/01/2016,CTB,1,0.25,0.03,4,>4,0.5,0.03,0.5,0.5,0.12,1,2,0.5,2
Africa,South Africa,Free State,M. tuberculosis,MDR,TRL0108514,26/01/2016,CTB,0.5,0.25,0.03,4,>4,1,0.06,0.5,1,0.25,2,2,0.5,8
Africa,South Africa,Free State,M. tuberculosis,Rif-R,TRL0109157,25/01/2016,CTB,≤0.12,0.12,0.015,0.25,>4,1,0.03,0.5,1,0.25,2,1,1,8
Africa,South Africa,Western Cape,M. tuberculosis,MDR,TRL0110907,28/01/2016,CTB,≤0.12,0.12,0.015,1,>4,1,0.12,0.25,0.5,0.12,2,2,1,16
Africa,South Africa,Western Cape,M. tuberculosis,MDR,TRL0111034,02/01/2016,CTB,0.5,0.25,0.06,8,>4,4,0.06,1,1,0.25,2,2,1,8
Africa,South Africa,North West,M. tuberculosis,MDR,TRL0112235,20/01/2016,CTB,0.5,0.5,0.06,>16,>4,1,0.03,0.5,1,0.25,0.5,1,0.5,16
Africa,South Africa,North West,M. tuberculosis,MDR,TRL0112827,28/01/2016,CTB,0.25,0.06,0.06,4,>4,0.5,0.06,0.25,0.5,0.25,1,2,1,1
Africa,South Africa,North West,M. tuberculosis,MDR,TRL0112877,22/01/2016,CTB,0.5,0.5,0.03,2,>4,2,0.03,0.25,1,0.25,2,4,1,1
Africa,South Africa,North West,M. tuberculosis,Rif-R,TRL0112884,08/02/2016,CTB,0.25,0.12,0.03,≤0.03,>4,0.5,0.06,0.5,0.5,0.12,1,2,0.5,2
Africa,South Africa,KwaZulu-Natal,M. tuberculosis,MDR,TRL0112979,02/03/2016,CTB,0.5,0.06,0.03,4,>4,0.5,0.06,0.5,0.5,0.25,1,2,0.5,1
Africa,South Africa,KwaZulu-Natal,M. tuberculosis,Rif-R,TRL0112980,29/01/2016,CTB,1,0.25,0.03,≤0.03,>4,0.5,0.06,0.25,0.5,0.25,1,2,0.5,1
Africa,South Africa,KwaZulu-Natal,M. tuberculosis,MDR,TRL0113005,02/01/2016,CTB,1,0.25,0.06,4,>4,1,0.12,0.5,1,0.5,2,4,1,8
Africa,South Africa,North West,M. tuberculosis,MDR,TRL0113018,26/01/2016,CTB,≤0.12,0.25,0.03,>16,>4,0.5,0.03,0.25,0.5,0.12,1,2,0.5,4
Africa,South Africa,North West,M. tuberculosis,Rif-R,TRL0113019,20/01/2016,CTB,0.5,0.25,0.06,≤0.03,>4,2,0.03,0.25,1,0.12,2,4,1,1
Africa,South Africa,KwaZulu-Natal,M. tuberculosis,MDR,TRL0113022,22/01/2016,CTB,0.25,0.12,0.03,8,>4,0.5,≤0.015,0.5,1,0.12,1,1,0.5,16
Africa,South Africa,North West,M. tuberculosis,MDR,TRL0113054,23/02/2016,CTB,1,0.25,0.06,2,>4,1,0.06,0.5,1,0.12,1,2,0.5,4
Africa,South Africa,KwaZulu-Natal,M. tuberculosis,XDR,TRL0113061,26/01/2016,CTB,0.5,0.5,0.03,>16,>4,0.5,0.03,4,8,1,16,>16,>16,16
Africa,South Africa,North West,M. tuberculosis,MDR,TRL0113093,15/02/2016,CTB,0.25,0.25,0.03,16,>4,2,1,0.5,1,0.25,2,2,1,1
Africa,South Africa,North West,M. tuberculosis,Rif-R,TRL0113094,05/02/2016,CTB,0.5,0.12,0.03,≤0.03,>4,0.5,0.03,0.5,1,0.25,1,2,0.5,1
Africa,South Africa,KwaZulu-Natal,M. tuberculosis,MDR,TRL0113095,20/01/2016,CTB,0.5,0.5,0.06,16,>4,1,0.12,0.5,0.5,0.25,2,2,1,16
Africa,South Africa,KwaZulu-Natal,M. tuberculosis,MDR,TRL0113098,25/01/2016,CTB,0.5,0.25,0.03,8,>4,0.5,0.06,0.5,1,0.12,2,2,0.5,8
Africa,South Africa,North West,M. tuberculosis,MDR,TRL0113166,08/03/2016,CTB,0.5,0.03,0.03,4,>4,0.5,0.06,0.25,0.5,0.25,1,2,0.5,1
Africa,South Africa,North West,M. tuberculosis,MDR,TRL0113167,28/01/2016,CTB,0.5,0.06,0.03,4,>4,0.5,0.06,0.25,1,0.25,1,2,0.5,1
Africa,South Africa,Northern Cape,M. tuberculosis,Rif-R,TRL0113198,28/01/2016,CTB,0.5,0.25,0.06,≤0.03,>4,1,0.5,1,2,0.5,2,4,1,2
Africa,South Africa,North West,M. tuberculosis,Rif-S,TRL0113257,25/01/2016,CTB,≤0.12,0.12,≤0.008,≤0.03,≤0.06,1,≤0.015,0.25,0.5,≤0.06,2,4,1,1
Africa,South Africa,North West,M. tuberculosis,Rif-R,TRL0113259,25/02/2016,CTB,1,0.12,0.03,≤0.03,>4,1,0.03,0.25,0.5,0.12,2,4,1,1
Africa,South Africa,Northern Cape,M. tuberculosis,Rif-R,TRL0113325,08/02/2016,CTB,0.5,0.25,0.03,≤0.03,>4,1,0.06,0.25,0.5,0.12,2,1,0.5,1
Africa,South Africa,North West,M. tuberculosis,Rif-R,TRL0113326,27/01/2016,CTB,0.25,0.25,0.03,0.06,>4,2,0.06,1,1,0.12,2,4,1,1
Africa,South Africa,North West,M. tuberculosis,Pre-XDR,TRL0113344,21/01/2016,CTB,0.5,0.25,0.03,8,>4,1,0.06,4,8,2,4,2,1,16
Africa,South Africa,North West,M. tuberculosis,Pre-XDR,TRL0113347,21/01/2016,CTB,0.5,0.25,0.03,8,>4,1,0.03,4,8,2,2,2,1,16
Africa,South Africa,North West,M. tuberculosis,MDR,TRL0113427,20/01/2016,CTB,0.25,0.5,0.06,8,>4,1,0.03,0.25,1,0.12,2,1,0.25,4
Africa,South Africa,Northern Cape,M. tuberculosis,Pre-XDR,TRL0113465,25/01/2016,CTB,0.5,0.25,0.03,16,>4,0.5,≤0.015,2,4,0.5,1,1,0.5,16
Africa,South Africa,KwaZulu-Natal,M. tuberculosis,MDR,TRL0113469,20/01/2016,CTB,0.25,0.5,0.06,4,>4,1,0.03,0.25,0.5,0.25,2,4,1,2
Africa,South Africa,Northern Cape,M. tuberculosis,Rif-R,TRL0113476,26/01/2016,CTB,0.25,0.12,0.03,0.25,>4,0.25,0.03,0.5,0.5,0.25,1,1,0.5,1
Africa,South Africa,North West,M. tuberculosis,Pre-XDR,TRL0113483,25/01/2016,CTB,0.25,0.25,0.06,16,>4,1,0.06,>4,>8,4,4,2,0.25,8
Africa,South Africa,North West,M. tuberculosis,MDR,TRL0113484,26/01/2016,CTB,0.25,0.25,0.03,>16,>4,1,0.03,1,0.5,0.12,2,2,0.5,16
Africa,South Africa,Northern Cape,M. tuberculosis,MDR,TRL0113487,22/01/2016,CTB,0.25,0.06,0.03,>16,>4,1,0.06,2,1,0.5,16,>16,>16,16
Africa,South Africa,Northern Cape,M. tuberculosis,Rif-R,TRL0113491,26/01/2016,CTB,0.25,0.12,0.015,≤0.03,>4,0.5,0.03,0.25,0.5,0.12,1,1,0.5,2
Africa,South Africa,Mpumalanga,M. tuberculosis,MDR,TRL0113493,22/01/2016,CTB,0.5,0.25,0.06,1,>4,≤0.12,≤0.015,0.25,0.5,0.25,0.5,2,≤0.12,8
Africa,South Africa,Mpumalanga,M. tuberculosis,XDR,TRL0113494,15/02/2016,CTB,1,0.25,0.06,8,>4,0.5,0.06,4,8,2,>16,>16,4,8
Africa,South Africa,Mpumalanga,M. tuberculosis,Rif-R,TRL0113496,26/01/2016,CTB,1,0.25,0.03,0.06,>4,0.5,0.03,0.5,0.5,0.12,2,2,1,1
Africa,South Africa,KwaZulu-Natal,M. tuberculosis,MDR,TRL0113512,25/01/2016,CTB,0.5,0.25,0.015,>16,>4,0.5,≤0.015,0.5,0.5,0.25,0.5,1,0.25,>16
Africa,South Africa,North West,M. tuberculosis,MDR,TRL0113519,25/01/2016,CTB,1,0.25,0.03,16,>4,1,0.03,0.25,0.25,≤0.06,2,1,0.5,16
Africa,South Africa,Eastern Cape,M. tuberculosis,XDR,TRL0113569,25/01/2016,CTB,≤0.12,0.5,0.06,>16,>4,1,0.06,4,>8,4,16,>16,>16,8
Africa,South Africa,Eastern Cape,M. tuberculosis,MDR,TRL0113572,28/01/2016,CTB,0.5,0.06,0.06,4,>4,1,0.12,0.25,0.5,0.25,1,2,1,16
Africa,South Africa,MPUMALANGA,M. tuberculosis,Rif-R,TRL0113579,21/01/2016,CTB,0.5,0.25,0.03,0.25,>4,0.5,0.06,0.25,0.5,0.25,2,2,1,8
Africa,South Africa,MPUMALANGA,M. tuberculosis,MDR,TRL0113580,19/01/2016,CTB,0.5,0.25,0.06,4,>4,0.5,0.03,0.5,1,0.25,2,2,0.5,8
Africa,South Africa,KwaZulu-Natal,M. tuberculosis,MDR,TRL0113586,27/01/2016,CTB,0.5,0.12,0.03,4,2,1,≤0.015,0.25,0.5,0.12,2,2,1,2
Africa,South Africa,Eastern Cape,M. tuberculosis,Rif-R,TRL0113615,25/01/2016,CTB,1,0.5,0.03,≤0.03,>4,0.5,≤0.015,0.25,≤0.12,≤0.06,1,2,1,0.5
Africa,South Africa,Eastern Cape,M. tuberculosis,XDR,TRL0113616,27/01/2016,CTB,0.25,0.5,0.12,>16,>4,1,0.12,4,8,2,16,>16,>16,8
Africa,South Africa,MPUMALANGA,M. tuberculosis,MDR,TRL0113626,21/01/2016,CTB,0.5,0.5,0.03,2,>4,0.5,0.06,1,1,0.25,1,1,0.5,8
Africa,South Africa,Mpumalanga,M. tuberculosis,Rif-S,TRL0113629,20/01/2016,CTB,0.25,0.5,≤0.008,0.12,≤0.06,0.5,0.12,≤0.12,2,0.25,8,0.5,1,1
Africa,South Africa,KwaZulu-Natal,M. tuberculosis,MDR,TRL0113639,28/01/2016,CTB,0.25,0.5,0.06,8,>4,1,0.03,0.25,0.5,0.12,1,0.5,0.5,8
Africa,South Africa,KwaZulu-Natal,M. tuberculosis,MDR,TRL0113640,22/01/2016,CTB,0.25,0.25,0.03,8,>4,1,0.12,0.5,1,0.25,2,2,1,16
Africa,South Africa,Eastern Cape,M. tuberculosis,MDR,TRL0113646,26/01/2016,CTB,≤0.12,0.25,0.03,2,>4,0.5,0.06,0.25,1,0.25,1,2,0.5,2
Africa,South Africa,North West,M. tuberculosis,Rif-R,TRL0113671,26/01/2016,CTB,1,0.25,0.015,≤0.03,>4,0.5,≤0.015,0.25,0.5,0.12,2,8,1,1
Africa,South Africa,Mpumalanga,M. tuberculosis,MDR,TRL0113702,26/01/2016,CTB,0.5,0.5,0.06,8,>4,0.25,0.25,1,1,0.25,1,2,0.5,8
Africa,South Africa,Mpumalanga,M. tuberculosis,MDR,TRL0113733,28/01/2016,CTB,0.25,0.015,0.03,1,>4,≤0.12,0.06,0.5,1,0.25,0.5,0.25,0.5,8
Africa,South Africa,Northern Cape,M. tuberculosis,MDR,TRL0114134,02/01/2016,CTB,1,0.06,≤0.008,8,>4,0.5,≤0.015,0.25,0.5,0.12,1,1,0.5,1
Africa,South Africa,North West,M. tuberculosis,XDR,TRL0114137,19/01/2016,CTB,0.25,0.06,0.06,16,>4,1,0.25,>4,>8,>4,16,>16,>16,8
Africa,South Africa,Western Cape,M. tuberculosis,XDR,TRL0114153,26/01/2016,CTB,≤0.12,0.06,0.015,1,>4,0.5,0.06,4,8,4,2,8,1,2
Africa,South Africa,Eastern Cape,M. tuberculosis,MDR,TRL0114239,25/01/2016,CTB,≤0.12,0.25,0.03,4,>4,1,0.06,0.5,1,0.25,2,2,1,8
Africa,South Africa,Gauteng,M. tuberculosis,XDR,TRL0114343,28/01/2016,CTB,0.5,0.06,0.06,>16,>4,0.5,≤0.015,>4,>8,>4,16,>16,>16,>16
Africa,South Africa,Mpumalanga,M. tuberculosis,XDR,TRL0114455,20/01/2016,CTB,≤0.12,0.06,0.015,1,>4,0.25,≤0.015,4,8,2,2,8,2,8
Africa,South Africa,Mpumalanga,M. tuberculosis,XDR,TRL0114469,26/01/2016,CTB,0.25,0.06,0.06,>16,>4,1,0.25,>4,>8,4,16,>16,>16,8
Africa,South Africa,Mpumalanga,M. tuberculosis,XDR,TRL0114477,26/01/2016,CTB,0.5,0.12,0.06,2,>4,0.5,0.12,>4,>8,4,2,16,1,8
Africa,South Africa,Mpumalanga,M. tuberculosis,XDR,TRL0114478,25/01/2016,CTB,1,0.12,0.06,16,>4,0.5,0.06,>4,>8,4,16,>16,>16,>16
Africa,South Africa,Mpumalanga,M. tuberculosis,MDR,TRL0114479,29/01/2016,CTB,0.5,0.25,0.015,>16,>4,0.25,≤0.015,4,2,1,1,1,0.5,16
Africa,South Africa,Mpumalanga,M. tuberculosis,XDR,TRL0114480,19/01/2016,CTB,≤0.12,0.06,≤0.008,1,>4,0.25,≤0.015,4,4,1,2,8,1,16
Africa,South Africa,Gauteng,M. tuberculosis,XDR,TRL0114500,20/01/2016,CTB,1,0.5,0.5,16,>4,8,0.5,>4,>8,>4,>16,>16,>16,8
Africa,South Africa,Gauteng,M. tuberculosis,Rif-R,TRL0114541,28/01/2016,CTB,0.25,0.12,0.03,≤0.03,>4,1,0.03,0.25,0.5,≤0.06,2,4,1,1
Africa,South Africa,Mpumalanga,M. tuberculosis,Pre-XDR,TRL0114583,26/01/2016,CTB,≤0.12,0.06,≤0.008,8,>4,0.5,≤0.015,4,4,1,2,2,1,16
Africa,South Africa,Western Cape,M. tuberculosis,MDR,TRL0114585,21/01/2016,CTB,0.5,0.12,0.03,8,>4,0.5,0.03,≤0.12,0.25,≤0.06,1,1,0.5,16
Africa,South Africa,Western Cape,M. tuberculosis,XDR,TRL0114616,21/01/2016,CTB,1,0.12,0.06,>16,>4,1,0.25,4,8,2,16,>16,>16,16
Africa,South Africa,Western Cape,M. tuberculosis,Rif-R,TRL0114647,22/01/2016,CTB,≤0.12,0.06,0.015,0.25,>4,0.5,0.06,4,>8,4,2,2,1,1
Africa,South Africa,Western Cape,M. tuberculosis,Pre-XDR,TRL0114650,19/01/2016,CTB,0.5,0.12,0.06,>16,>4,0.5,0.25,≤0.12,1,0.25,16,>16,>16,16
Africa,South Africa,Western Cape,M. tuberculosis,Pre-XDR,TRL0114658,26/01/2016,CTB,≤0.12,0.06,0.015,1,>4,0.25,0.03,>4,8,4,2,2,1,8
Africa,South Africa,Mpumalanga,M. tuberculosis,XDR,TRL0114661,27/01/2016,CTB,0.5,0.25,0.03,>16,>4,0.5,0.03,4,8,2,2,8,2,16
Africa,South Africa,Western Cape,M. tuberculosis,XDR,TRL0114666,15/02/2016,CTB,≤0.12,0.12,0.015,1,>4,0.5,0.03,>4,8,4,16,>16,>16,16
Africa,South Africa,Eastern Cape,M. tuberculosis,XDR,TRL0114667,21/01/2016,CTB,0.5,0.25,0.06,>16,>4,0.5,0.12,>4,>8,>4,16,>16,>16,16
Africa,South Africa,North West,M. tuberculosis,Pre-XDR,TRL0114671,25/02/2016,CTB,≤0.12,0.06,0.015,4,>4,0.25,0.12,2,4,1,1,2,0.5,16
Africa,South Africa,Eastern Cape,M. tuberculosis,XDR,TRL0114680,26/01/2016,CTB,1,0.06,0.015,16,>4,1,≤0.015,4,8,2,16,>16,>16,>16
Africa,South Africa,Gauteng,M. tuberculosis,XDR,TRL0114774,23/03/2016,CTB,0.5,0.12,0.06,>16,>4,1,0.12,>4,>8,>4,>16,>16,>16,8
Africa,South Africa,Western Cape,M. tuberculosis,Rif-S,TRL0114786,27/01/2016,CTB,≤0.12,0.06,0.06,≤0.03,0.12,0.5,0.06,0.25,0.5,0.12,2,2,1,1
Africa,South Africa,Western Cape,M. tuberculosis,Rif-R,TRL0114792,28/01/2016,CTB,≤0.12,0.12,≤0.008,0.25,>4,0.25,≤0.015,1,2,1,8,>16,>16,16
Africa,South Africa,Eastern Cape,M. tuberculosis,MDR,TRL0114820,25/02/2016,CTB,0.5,0.06,0.015,2,>4,0.25,≤0.015,1,1,0.5,1,1,0.5,8
Africa,South Africa,Eastern Cape,M. tuberculosis,MDR,TRL0114821,21/01/2016,CTB,1,0.03,0.03,16,>4,1,0.03,1,2,1,2,4,1,>16
Africa,South Africa,Eastern Cape,M. tuberculosis,Pre-XDR,TRL0114825,22/01/2016,CTB,1,0.12,0.06,16,>4,1,0.06,4,8,2,2,4,1,>16
Africa,South Africa,Eastern Cape,M. tuberculosis,Pre-XDR,TRL0114829,27/01/2016,CTB,0.5,0.12,0.03,>16,>4,0.5,0.06,1,2,4,8,>16,>16,8
Africa,South Africa,Eastern Cape,M. tuberculosis,MDR,TRL0114831,28/01/2016,CTB,0.5,0.06,0.03,>16,>4,0.5,≤0.015,0.5,0.5,0.5,2,1,0.25,16
Africa,South Africa,Eastern Cape,M. tuberculosis,XDR,TRL0114833,23/03/2016,CTB,0.25,0.12,0.06,>16,>4,1,0.12,>4,>8,>4,16,>16,>16,8
Africa,South Africa,Western Cape,M. tuberculosis,XDR,TRL0114836,27/01/2016,CTB,0.5,0.12,0.12,>16,>4,2,0.5,>4,8,4,16,>16,>16,8
Africa,South Africa,Eastern Cape,M. tuberculosis,Pre-XDR,TRL0114845,19/01/2016,CTB,0.5,0.06,0.03,>16,>4,1,0.03,>4,>8,>4,2,2,1,16
Africa,South Africa,North West,M. tuberculosis,MDR,TRL0114849,26/01/2016,CTB,0.5,0.06,0.03,16,>4,0.5,≤0.015,0.5,1,2,2,2,0.5,2
Africa,South Africa,Eastern Cape,M. tuberculosis,XDR,TRL0114962,19/01/2016,CTB,0.5,0.06,0.03,>16,>4,1,0.12,>4,>8,>4,>16,>16,>16,8
Africa,South Africa,Western Cape,M. tuberculosis,Pre-XDR,TRL0114976,20/01/2016,CTB,0.5,0.06,0.06,8,>4,1,0.5,>4,>8,>4,2,2,1,16
Africa,South Africa,KwaZulu-Natal,M. tuberculosis,Rif-R,TRL0115004,18/01/2016,CTB,0.25,0.06,0.06,0.06,>4,2,0.12,0.5,2,1,16,>16,>16,1
Africa,South Africa,KwaZulu-Natal,M. tuberculosis,Pre-XDR,TRL0115006,19/01/2016,CTB,0.25,0.25,0.06,>16,>4,1,0.25,>4,>8,4,4,4,2,>16
Africa,South Africa,KwaZulu-Natal,M. tuberculosis,XDR,TRL0115007,22/01/2016,CTB,0.5,0.25,0.03,>16,>4,1,≤0.015,4,8,2,2,16,2,8
Africa,South Africa,KwaZulu-Natal,M. tuberculosis,Pre-XDR,TRL0115018,19/01/2016,CTB,0.5,0.06,0.06,16,>4,0.5,0.03,>4,>8,4,2,4,1,>16
Africa,South Africa,KwaZulu-Natal,M. tuberculosis,Pre-XDR,TRL0115026,27/01/2016,CTB,1,0.25,0.06,16,>4,0.5,0.06,>4,8,4,4,4,2,>16
Africa,South Africa,KwaZulu-Natal,M. tuberculosis,Pre-XDR,TRL0115027,19/01/2016,CTB,0.5,0.25,0.06,>16,>4,2,0.06,1,1,0.5,2,8,2,>16
Africa,South Africa,KwaZulu-Natal,M. tuberculosis,Pre-XDR,TRL0115030,19/01/2016,CTB,0.5,0.06,0.015,>16,>4,1,0.06,>4,>8,>4,2,4,2,8
Africa,South Africa,KwaZulu-Natal,M. tuberculosis,Pre-XDR,TRL0115039,25/01/2016,CTB,1,0.06,0.06,16,>4,1,0.03,4,8,1,2,4,1,>16
Africa,South Africa,Mpumalanga,M. tuberculosis,Pre-XDR,TRL0115051,18/01/2016,CTB,0.5,0.12,0.12,8,>4,1,0.12,4,8,4,2,2,1,4
Africa,South Africa,KwaZulu-Natal,M. tuberculosis,XDR,TRL0115095,19/01/2016,CTB,0.5,0.06,0.03,>16,>4,1,≤0.015,4,8,2,2,8,2,16
Africa,South Africa,KwaZulu-Natal,M. tuberculosis,XDR,TRL0115096,19/01/2016,CTB,0.5,0.06,0.03,>16,>4,0.5,≤0.015,4,8,2,2,16,2,16
Africa,South Africa,Mpumalanga,M. tuberculosis,XDR,TRL0115115,23/03/2016,CTB,1,0.25,0.06,>16,>4,1,0.25,>4,>8,4,16,>16,>16,8
Africa,South Africa,Eastern Cape,M. tuberculosis,XDR,TRL0115152,19/01/2016,CTB,0.25,0.25,0.12,>16,>4,1,1,>4,>8,4,16,>16,>16,8
Africa,South Africa,Eastern Cape,M. tuberculosis,XDR,TRL0115159,19/01/2016,CTB,≤0.12,0.12,0.06,>16,>4,0.5,0.25,>4,>8,4,16,>16,>16,>16
Africa,South Africa,Gauteng,M. tuberculosis,MDR,TRL0115164,18/01/2016,CTB,0.25,0.12,0.06,4,>4,1,0.5,1,0.5,0.5,2,1,1,1
Africa,South Africa,North West,M. tuberculosis,MDR,TRL0115183,19/01/2016,CTB,0.5,0.25,0.03,>16,>4,1,0.06,≤0.12,2,0.25,2,2,1,16
Africa,South Africa,Western Cape,M. tuberculosis,Pre-XDR,TRL0115197,25/01/2016,CTB,0.5,0.25,0.12,16,>4,1,0.12,0.25,0.5,0.25,16,>16,>16,8
Africa,South Africa,KwaZulu-Natal,M. tuberculosis,XDR,TRL0115207,19/01/2016,CTB,4,0.25,0.12,>16,4,2,0.12,>4,>8,4,4,16,2,>16
Africa,South Africa,Western Cape,M. tuberculosis,XDR,TRL0115283,18/01/2016,CTB,0.25,0.12,0.12,>16,>4,1,0.12,>4,>8,>4,16,>16,>16,4
Africa,South Africa,KwaZulu-Natal,M. tuberculosis,Pre-XDR,TRL0115322,19/01/2016,CTB,0.5,0.25,0.03,4,>4,2,0.06,4,8,2,2,2,1,8
Africa,South Africa,North West,M. tuberculosis,Rif-S,TRL0115368,18/01/2016,CTB,0.25,0.12,≤0.008,8,≤0.06,1,0.06,0.5,1,0.25,2,1,1,2
Africa,South Africa,Western Cape,M. tuberculosis,Rif-R,TRL0115383,19/01/2016,CTB,0.25,0.25,0.03,0.25,>4,2,0.06,>4,8,4,2,1,1,1
Africa,South Africa,Western Cape,M. tuberculosis,Rif-R,TRL0115398,21/01/2016,CTB,0.5,0.25,0.06,0.06,>4,1,0.12,4,4,2,16,>16,>16,16
Africa,South Africa,Western Cape,M. tuberculosis,Pre-XDR,TRL0115399,19/01/2016,CTB,≤0.12,0.12,0.03,2,>4,4,0.25,>4,>8,4,4,4,2,16
Africa,South Africa,Eastern Cape,M. tuberculosis,XDR,TRL0115400,26/01/2016,CTB,≤0.12,0.12,0.03,8,>4,2,0.06,4,8,2,16,>16,>16,>16
Africa,South Africa,Eastern Cape,M. tuberculosis,Pre-XDR,TRL0115404,19/01/2016,CTB,0.5,0.5,0.03,>16,>4,1,0.06,0.25,1,0.25,16,>16,>16,8
Africa,South Africa,North West,M. tuberculosis,Rif-S,TRL0115412,02/03/2016,CTB,0.25,0.25,0.03,0.12,0.25,1,0.06,0.5,1,0.25,2,2,1,1
Africa,South Africa,Western Cape,M. tuberculosis,XDR,TRL0115418,19/01/2016,CTB,0.25,0.5,0.03,8,>4,1,0.25,2,4,1,16,>16,>16,8
Africa,South Africa,Mpumalanga,M. tuberculosis,XDR,TRL0115420,19/01/2016,CTB,0.5,0.5,0.03,>16,>4,1,0.12,>4,>8,4,16,>16,>16,>16
Africa,South Africa,Western Cape,M. tuberculosis,Rif-R,TRL0115445,18/01/2016,CTB,0.5,0.12,0.03,≤0.03,>4,1,0.06,0.5,0.5,0.25,2,2,1,1
Africa,South Africa,Gauteng,M. tuberculosis,MDR,TRL0115469,18/01/2016,CTB,0.25,0.06,0.03,8,>4,0.5,≤0.015,0.25,0.5,0.12,1,1,0.5,4
Africa,South Africa,Eastern Cape,M. tuberculosis,XDR,TRL0115487,21/01/2016,CTB,0.5,0.25,0.06,16,>4,0.5,0.12,4,8,4,16,>16,>16,8
Africa,South Africa,Gauteng,M. tuberculosis,XDR,TRL0115510,26/01/2016,CTB,0.5,0.12,0.06,>16,>4,2,0.06,>4,>8,2,16,>16,>16,>16
Africa,South Africa,Western Cape ,M. tuberculosis,XDR,TRL0115518,16/03/2016,CTB,0.25,0.25,0.12,>16,>4,1,0.12,4,8,2,16,>16,>16,8
Africa,South Africa,North West,M. tuberculosis,XDR,TRL0115581,25/01/2016,CTB,0.5,0.5,0.06,>16,>4,1,0.12,>4,>8,>4,16,>16,>16,16
Africa,South Africa,North West,M. tuberculosis,Pre-XDR,TRL0115584,18/01/2016,CTB,0.5,0.12,0.06,16,2,1,0.06,4,8,1,2,2,0.5,16
Africa,South Africa,Western Cape,M. tuberculosis,Pre-XDR,TRL0115591,25/01/2016,CTB,0.5,0.25,0.06,>16,>4,0.25,0.12,4,8,2,2,2,1,8
Africa,South Africa,Eastern Cape,M. tuberculosis,Rif-S,TRL0115600,04/02/2016,CTB,0.5,0.12,0.03,0.06,0.12,0.5,0.03,0.5,0.5,0.25,2,4,1,2
Africa,South Africa,Eastern Cape,M. tuberculosis,MDR,TRL0115619,02/01/2016,CTB,0.25,0.12,0.06,16,>4,2,0.25,0.5,2,0.25,4,1,1,>16
Africa,South Africa,Eastern Cape,M. tuberculosis,XDR,TRL0115627,25/01/2016,CTB,0.5,0.25,0.06,>16,>4,1,0.06,>4,8,4,8,>16,>16,8
Africa,South Africa,Gauteng,M. tuberculosis,MDR,TRL0115633,16/03/2016,CTB,1,0.12,≤0.008,4,>4,0.5,≤0.015,0.25,0.5,0.12,1,2,0.5,8
Africa,South Africa,Mpumalanga,M. tuberculosis,XDR,TRL0115652,22/01/2016,CTB,0.5,0.25,0.12,>16,>4,1,0.12,>4,>8,4,16,>16,>16,8
Africa,South Africa,North West,M. tuberculosis,Rif-S,TRL0115659,02/03/2016,CTB,0.25,0.12,0.06,0.06,0.12,0.5,0.12,0.5,1,0.25,2,0.25,2,0.5
Africa,South Africa,Western Cape,M. tuberculosis,Rif-R,TRL0115669,21/01/2016,CTB,≤0.12,0.12,0.015,0.25,>4,1,0.06,1,2,1,4,2,2,16
Africa,South Africa,Eastern Cape,M. tuberculosis,Pre-XDR,TRL0115684,27/01/2016,CTB,1,0.12,0.06,16,2,1,0.06,4,8,1,2,2,1,16
Africa,South Africa,Western Cape ,M. tuberculosis,XDR,TRL0115691,16/03/2016,CTB,0.5,0.25,0.015,>16,>4,1,0.03,2,4,1,8,>16,>16,8
Africa,South Africa,Eastern Cape,M. tuberculosis,XDR,TRL0115694,20/01/2016,CTB,0.5,0.12,0.03,>16,>4,1,0.5,2,4,0.5,16,>16,>16,16
Africa,South Africa,Gauteng,M. tuberculosis,Pre-XDR,TRL0115707,25/01/2016,CTB,0.25,0.06,0.03,8,>4,0.5,0.06,4,8,4,2,1,1,4
Africa,South Africa,North West,M. tuberculosis,MDR,TRL0115767,18/01/2016,CTB,0.25,0.12,0.03,>16,>4,1,≤0.015,0.5,1,0.25,1,0.5,0.5,16
Africa,South Africa,KwaZulu-Natal,M. tuberculosis,Pre-XDR,TRL0115821,18/01/2016,CTB,0.5,0.12,0.03,4,>4,1,0.06,0.25,0.5,0.25,8,>16,>16,8
Africa,South Africa,Mpumalanga,M. tuberculosis,MDR,TRL0115824,18/01/2016,CTB,0.5,0.25,0.12,2,>4,1,0.25,1,2,0.5,2,2,1,16
Africa,South Africa,Gauteng,M. tuberculosis,Rif-R,TRL0115834,04/02/2016,CTB,0.25,0.12,0.015,0.12,>4,0.5,0.06,4,>8,4,2,2,1,0.5
Africa,South Africa,Eastern Cape,M. tuberculosis,XDR,TRL0115846,18/01/2016,CTB,0.5,0.5,0.06,>16,>4,1,0.06,2,4,2,16,>16,>16,16
Africa,South Africa,North West ,M. tuberculosis,Rif-S,TRL0115868,04/02/2016,CTB,0.5,0.06,≤0.008,4,0.5,0.25,≤0.015,4,8,2,2,1,0.25,4
Africa,South Africa,Mpumalanga,M. tuberculosis,XDR,TRL0115878,27/01/2016,CTB,0.5,0.12,0.03,>16,>4,1,0.06,4,8,2,2,16,1,16
Africa,South Africa,Western Cape,M. tuberculosis,Rif-R,TRL0115885,21/01/2016,CTB,0.25,0.12,0.015,0.25,>4,0.5,0.03,0.25,0.5,0.12,8,8,2,2
Africa,South Africa,Gauteng,M. tuberculosis,XDR,TRL0115892,22/01/2016,CTB,0.5,0.5,0.06,16,>4,1,0.25,>4,>8,4,8,>16,>16,>16
Africa,South Africa,KwaZulu-Natal,M. tuberculosis,XDR,TRL0115921,04/02/2016,CTB,0.5,0.12,0.03,16,>4,0.5,0.03,4,8,2,8,>16,>16,16
Africa,South Africa,Northern Cape,M. tuberculosis,Rif-R,TRL0115937,08/02/2016,CTB,0.5,0.06,0.015,0.06,>4,0.25,0.06,0.5,0.5,0.12,2,1,1,2
Africa,South Africa,Eastern Cape,M. tuberculosis,MDR,TRL0116054,08/02/2016,CTB,0.5,0.06,0.03,1,>4,1,0.03,0.5,0.5,0.12,2,2,1,16
Africa,South Africa,Eastern Cape,M. tuberculosis,MDR,TRL0116064,08/02/2016,CTB,≤0.12,0.12,0.06,1,>4,0.5,0.03,0.5,0.5,0.12,2,2,1,8
Africa,South Africa,Mpumalanga,M. tuberculosis,Rif-R,TRL0116084,02/03/2016,CTB,0.5,0.06,0.06,0.12,>4,0.5,0.06,0.5,1,0.25,1,2,1,2
Africa,South Africa,Northern Cape,M. tuberculosis,Rif-S,TRL0116109,02/03/2016,CTB,≤0.12,0.03,0.03,≤0.03,≤0.06,0.5,0.06,0.5,1,0.25,2,1,0.5,1
Africa,South Africa,Northern Cape,M. tuberculosis,Rif-S,TRL0116115,25/02/2016,CTB,1,0.25,0.06,0.12,0.25,1,0.25,0.25,0.5,0.12,2,4,1,1
Africa,South Africa,Northern Cape,M. tuberculosis,Rif-S,TRL0116131,20/01/2016,CTB,0.5,0.5,0.06,0.12,0.5,1,0.25,0.5,1,0.25,4,2,1,1
Africa,South Africa,Northern Cape,M. tuberculosis,MDR,TRL0116137,15/02/2016,CTB,0.25,0.06,≤0.008,0.5,>4,0.25,≤0.015,≤0.12,0.25,≤0.06,1,1,0.25,4
Africa,South Africa,KwaZulu-Natal,M. tuberculosis,MDR,TRL0116157,08/02/2016,CTB,0.25,0.12,0.015,4,>4,0.5,0.03,0.25,0.5,0.25,1,2,0.5,8
Africa,South Africa,North West,M. tuberculosis,XDR,TRL0116168,02/01/2016,CTB,0.5,0.25,0.03,4,>4,1,0.25,4,>8,4,16,>16,>16,8
Africa,South Africa,Western Cape ,M. tuberculosis,Pre-XDR,TRL0116187,02/01/2016,CTB,0.25,0.25,0.03,>16,>4,2,0.12,4,8,2,2,4,1,4
Africa,South Africa,Western Cape,M. tuberculosis,MDR,TRL0116219,20/01/2016,CTB,0.25,0.25,0.03,2,>4,0.5,0.03,0.25,1,0.12,2,2,1,16
Africa,South Africa,Mpumalanga,M. tuberculosis,Pre-XDR,TRL0116263,02/03/2016,CTB,0.25,0.06,0.03,16,>4,0.5,0.03,0.25,0.5,0.12,8,>16,>16,8
Africa,South Africa,Western Cape,M. tuberculosis,Rif-R,TRL0116379,02/01/2016,CTB,2,0.12,0.25,0.5,>4,1,0.5,0.25,0.5,0.25,4,2,1,16
Africa,South Africa,Eastern Cape,M. tuberculosis,Rif-R,TRL0116593,02/03/2016,CTB,≤0.12,0.06,≤0.008,0.25,>4,1,0.12,>4,>8,4,4,1,1,16
Africa,South Africa,Mpumalanga,M. tuberculosis,Rif-S,TRL0116714,04/02/2016,CTB,0.25,0.12,0.06,0.06,0.25,0.5,0.06,0.5,1,0.25,2,2,0.5,2
Africa,South Africa,Gauteng,M. tuberculosis,MDR,TRL0116726,02/03/2016,CTB,0.25,0.25,0.06,8,>4,1,0.25,0.5,1,0.12,2,2,1,2
Africa,South Africa,Eastern Cape,M. tuberculosis,MDR,UH00100518,20/01/2016,CTB,0.25,0.25,0.015,>16,>4,1,0.03,0.25,0.5,0.12,2,2,0.5,8
Africa,South Africa,Eastern Cape,M. tuberculosis,Rif-R,UH00107527,28/01/2016,CTB,0.5,0.25,0.015,≤0.03,>4,2,0.03,0.5,1,0.25,4,4,2,16
Africa,South Africa,Eastern Cape,M. tuberculosis,MDR,UH00163533,02/03/2016,CTB,0.5,0.12,0.015,2,>4,0.25,0.03,≤0.12,0.25,≤0.06,1,1,0.5,4
Africa,South Africa,Eastern Cape,M. tuberculosis,Rif-S,UH00236601,15/02/2016,CTB,0.5,0.5,0.06,0.06,0.25,1,0.12,0.5,0.5,0.12,1,2,0.5,1
Africa,South Africa,Eastern Cape,M. tuberculosis,XDR,UJ00125495,25/01/2016,CTB,0.5,0.25,0.06,>16,>4,1,0.06,4,8,2,16,>16,>16,8
Africa,South Africa,Eastern Cape,M. tuberculosis,Pre-XDR,VB00026760,23/02/2016,CTB,0.5,0.25,0.03,>16,>4,0.5,0.03,>4,>8,4,1,4,1,>16
Africa,South Africa,Eastern Cape,M. tuberculosis,Pre-XDR,VG00072668,20/01/2016,CTB,0.5,0.12,0.015,>16,>4,1,0.06,0.25,0.5,0.12,8,>16,>16,8
Africa,South Africa,Eastern Cape,M. tuberculosis,Rif-S,VG00075805,26/01/2016,CTB,0.5,0.25,0.03,1,≤0.06,1,0.06,0.25,0.5,0.12,2,2,0.5,8
Africa,South Africa,Eastern Cape,M. tuberculosis,Rif-S,WG00050823,04/02/2016,CTB,0.25,0.25,0.03,0.12,≤0.06,0.5,≤0.015,0.25,1,0.25,2,0.5,0.5,1
Africa,South Africa,Mpumalanga,M. tuberculosis,Pre-XDR,TRL0114463,21/01/2016,CTB,≤0.12,0.06,≤0.008,1,>4,0.25,0.03,4,8,1,2,4,1,8
Africa,South Africa,North West ,M. tuberculosis,XDR,TRL0116230,03/03/2016,CTB,0.25,0.12,0.06,16,>4,1,0.25,>4,8,4,4,16,2,16
Africa,South Africa,Western Cape,M. tuberculosis,XDR,TRL0116598,03/03/2016,CTB,1,0.06,0.03,4,>4,0.5,0.03,>4,>8,>4,2,16,2,8
Africa,South Africa,Gauteng,M. tuberculosis,MDR,TRL0116692,23/03/2016,CTB,0.25,0.12,0.12,4,>4,2,0.12,1,4,1,4,4,1,1
Africa,South Africa,Mpumalanga,M. tuberculosis,Rif-R,TRL0116715,03/03/2016,CTB,≤0.12,0.06,0.06,0.12,>4,1,0.06,0.25,0.5,0.12,2,2,1,>16
Africa,South Africa,Eastern Cape,M. tuberculosis,XDR,TRL0116843,03/03/2016,CTB,0.25,0.06,0.12,>16,>4,1,0.06,4,8,1,16,>16,>16,16
Africa,South Africa,Western Cape,M. tuberculosis,Pre-XDR,TRL0116865,23/03/2016,CTB,0.25,0.06,0.03,1,>4,0.5,0.06,4,8,2,2,2,1,16
Africa,South Africa,Mpumalanga,M. tuberculosis,Pre-XDR,TRL0116880,03/03/2016,CTB,1,0.25,0.06,>16,>4,1,0.5,>4,8,4,2,2,1,8
Africa,South Africa,Gauteng,M. tuberculosis,MDR,TRL0116883,03/03/2016,CTB,1,0.06,0.06,8,>4,1,0.5,0.25,1,0.5,2,2,1,8
Africa,South Africa,Eastern Cape,M. tuberculosis,Pre-XDR,TRL0116928,03/03/2016,CTB,0.25,0.06,0.06,4,>4,0.5,0.03,>4,>8,4,2,2,1,16
Africa,South Africa,Eastern Cape,M. tuberculosis,Pre-XDR,TRL0116938,03/03/2016,CTB,0.25,0.06,0.06,4,>4,1,0.25,>4,>8,4,2,2,0.5,16
Africa,South Africa,Eastern Cape,M. tuberculosis,MDR,TRL0117008,03/03/2016,CTB,≤0.12,0.06,0.06,0.5,>4,0.5,0.03,0.25,2,0.25,4,2,0.5,16
Africa,South Africa,Northern Cape,M. tuberculosis,Pre-XDR,TRL0117023,03/03/2016,CTB,0.5,0.06,0.03,>16,>4,1,0.06,2,4,0.5,4,4,1,16
Africa,South Africa,Gauteng,M. tuberculosis,Rif-R,TRL0117027,03/03/2016,CTB,1,0.25,0.12,0.06,>4,0.5,0.5,>4,>8,4,>16,>16,>16,2
Africa,South Africa,Limpopo,M. tuberculosis,Pre-XDR,TRL0117085,03/03/2016,CTB,0.25,0.06,0.03,>16,>4,0.5,≤0.015,0.5,1,0.25,4,2,1,4
Africa,South Africa,Northern Cape,M. tuberculosis,Rif-R,TRL0117139,03/08/2016,CTB,0.5,0.12,0.12,≤0.03,>4,1,0.06,0.5,1,0.25,4,4,1,1
Africa,South Africa,Eastern Cape,M. tuberculosis,MDR,TRL0114820-2,22/01/2016,CTB,1,0.06,0.015,2,>4,0.25,≤0.015,1,1,0.5,1,1,0.5,8
Africa,South Africa,Eastern Cape,M. tuberculosis,XDR,TRL0118350,30/11/2016,CTB,2,0.5,0.25,16,>4,8,0.5,4,8,1,16,>16,>16,16
Africa,South Africa,Eastern Cape,M. tuberculosis,XDR,TRL0118354,31/10/2016,CTB,8,0.5,0.5,4,>4,1,1,4,8,2,4,2,0.5,>16
Africa,South Africa,Eastern Cape,M. tuberculosis,XDR,TRL0119692,27/10/2016,CTB,4,0.5,0.5,4,>4,2,2,2,8,4,4,2,1,>16
Africa,South Africa,Eastern Cape,M. tuberculosis,XDR,TRL0119723,14/11/2016,CTB,4,0.5,0.5,>16,>4,1,1,>4,>8,4,16,>16,>16,16
Africa,South Africa,Eastern Cape,M. tuberculosis,XDR,TRL0120480,30/11/2016,CTB,4,0.5,0.25,16,>4,1,1,>4,>8,4,16,>16,>16,8
Africa,South Africa,Eastern Cape,M. tuberculosis,XDR,TRL0120481,30/11/2016,CTB,2,0.5,0.5,>16,>4,1,2,>4,>8,>4,16,>16,>16,16
Africa,South Africa,Eastern Cape,M. tuberculosis,XDR,YA00004560,30/11/2016,CTB,2,0.5,0.25,16,>4,0.5,0.5,4,>8,4,8,>16,>16,8
Africa,South Africa,Eastern Cape,M. tuberculosis,XDR,YA00011906,12/12/2016,CTB,2,0.5,0.5,>16,>4,2,2,>4,>8,>4,>16,>16,>16,>16