,,,,,,,,,,,AMI,CYC,EMB,ETH,INH,KAN,MOX,OFL,PAS,RFB,RIF,STR,,,,,,,,,,,,,,,,,,,,,,,,,,,,,,,,,,,,
AFB0700001150,"rpoB Leu511Pro,, katG Ser315Thr",A,,,,,,,,,0.5,8,2,2.5,4,2.5,0.5,2,<0.5,0.25,1,4,,,,,,,,,,,,,,,,,,,,,,,,,,,,,,,,,,,,
AFB0700001150,"rpoB Leu511Pro,, katG Ser315Thr",B,,,,,,,,,0.5,8,2,2.5,4,2.5,0.5,1,<0.5,0.25,1,4,,,,,,,,,,,,,,,,,,,,,,,,,,,,,,,,,,,,
AFB0700001150,"rpoB Leu511Pro,, katG Ser315Thr",C,,,,,,,,,0.5,8,2,2.5,4,1.2,0.5,1,<0.5,< 0.12,1,4,,,,,,,,,,,,,,,,,,,,,,,,,,,,,,,,,,,,
AFB0800000324,rpoBVal170Phe,A,,,,,,,,,1,8,2,20,0.12,2.5,1,4,64,>16,>16,0.5,,,,,,,,,,,,,,,,,,,,,,,,,,,,,,,,,,,,
AFB0800000324,rpoBVal170Phe,B,,,,,,,,,0.5,4,2,10,0.12,2.5,0.5,4,2,>16,>16,<=0.25,,,,,,,,,,,,,,,,,,,,,,,,,,,,,,,,,,,,
AFB0800000324,rpoBVal170Phe,C,,,,,,,,,0.25,4,2,10,0.12,2.5,0.5,2,32,16,>16,<=0.25,,,,,,,,,,,,,,,,,,,,,,,,,,,,,,,,,,,,
AFB0900001175,rpoB Asp516Tyr,A,,,,,,,,,1,16,8,>40,>4,2.5,0.5,1,32,2,8,>32,,,,,,,,,,,,,,,,,,,,,,,,,,,,,,,,,,,,
AFB0900001175,rpoB Asp516Tyr,B,,,,,,,,,1,32,8,>40,>4,2.5,0.5,1,64,1,8,>32,,,,,,,,,,,,,,,,,,,,,,,,,,,,,,,,,,,,
AFB0900001175,rpoB Asp516Tyr,C,,,,,,,,,>16,>256,8,>40,>4,2.5,0.5,1,>64,>16,>16,>32,,,,,,,,,,,,,,,,,,,,,,,,,,,,,,,,,,,,
IDR1100022011-01-01,"rpsl Lys43Arg, rpoB Ser531Leu, katG Ser315Thr, embB Met306Val",D?,,,,,,,,,<0.12,8,8,0.6,4,0.6,0.25,1,<0.5,4,>16,>32,,,,,,,,,,,,,,,,,,,,,,,,,,,,,,,,,,,,
IDR1100022011-01-01,,A,,,,,,,,,<0.12,16,8,0.6,2,1.2,0.25,1,0.25,1,>16,>32,,,,,,,,,,,,,,,,,,,,,,,,,,,,,,,,,,,,
IDR1100022011-01-01,,B,,,,,,,,,<0.12,16,8,0.6,4,1.2,0.5,1,0.25,4,>16,>32,,,,,,,,,,,,,,,,,,,,,,,,,,,,,,,,,,,,
IDR1100022011-01-01,,C,,,,,,,,,0.25,16,8,1.2,4,1.2,0.5,1,<0.5,16,>16,>32,,,,,,,,,,,,,,,,,,,,,,,,,,,,,,,,,,,,
IDR1200003130,"katG Ser315Thr,  embB Met306Val",A,,,,,,,,,0.25,4,8,0.6,2,1.2,0.5,1,<0.5,< 0.12,1,<0.25,,,,,,,,,,,,,,,,,,,,,,,,,,,,,,,,,,,,
IDR1200003130,"katG Ser315Thr,  embB Met306Val",B,,,,,,,,,0.25,4,8,0.6,2,1.2,0.5,1,<0.5,< 0.12,1,<0.25,,,,,,,,,,,,,,,,,,,,,,,,,,,,,,,,,,,,
IDR1200003130,"katG Ser315Thr,  embB Met306Val",C,,,,,,,,,0.25,4,8,0.6,1,1.2,0.5,1,<0.5,< 0.12,1,<0.25,,,,,,,,,,,,,,,,,,,,,,,,,,,,,,,,,,,,
IDR1200032739,,,,,,,,,,,>16,16,4,0.06,1,>40,4,8,>64,2,>16,>32,,,,,,,,,,,,,,,,,,,,,,,,,,,,,,,,,,,,
IDR1300005060,"rpoB Ser531Leu, katG Ser315Thr, embBMet306Ile",A,,,,,,,,,0.25,16,16,2.5,1,2.5,0.5,2,2,2,>16,1,,,,,,,,,,,,,,,,,,,,,,,,,,,,,,,,,,,,
IDR1300005060,,B,,,,,,,,,0.5,16,8,0.6,2,2.5,1,1,8,4,>16,4,,,,,,,,,,,,,,,,,,,,,,,,,,,,,,,,,,,,
IDR1300005060,,C,,,,,,,,,0.25,16,16,0.6,1,1.2,0.25,1,4,1,>16,0.5,,,,,,,,,,,,,,,,,,,,,,,,,,,,,,,,,,,,
IDR1300021110,rpoB Leu533Pro,A,SIRE and second lines susceptible to Rifampin,,,,,,,,0.5,8,2,1.2,>4,1.2,0.5,1,1,0.5,4,0.4,,,,,,,,,,,,,,,,,,,,,,,,,,,,,,,,,,,,
IDR1300021110,rpoB Leu533Pro,B,,,,,,,,,0.5,4,4,1.2,>4,2.5,0.5,0.5,8,0.5,2,0.5,,,,,,,,,,,,,,,,,,,,,,,,,,,,,,,,,,,,
IDR1300021110,rpoB Leu533Pro,C,,,,,,,,,0.5,8,4,1.2,>4,2.5,0.5,1,8,0.5,2,0.5,,,,,,,,,,,,,,,,,,,,,,,,,,,,,,,,,,,,
IDR1300033719,"rpoB Ser531Leu, inhA C(-15)T, embB Met306Ile,",A,"Agar proportion PAS was susceptible, SIRE and agar proportion both suscept to EMB",,,,,,,,0.5,16,4,5,1,1.2,0.5,1,64,>16,>16,2,,,,,,,,,,,,,,,,,,,,,,,,,,,,,,,,,,,,
IDR1300033719,,B,,,,,,,,,0.5,16,4,5,1,2.5,0.5,1,>64,>16,>16,2,,,,,,,,,,,,,,,,,,,,,,,,,,,,,,,,,,,,
IDR1300033719,,C,,,,,,,,,0.5,16,4,5,2,2.5,0.5,1,>64,>16,>16,4,,,,,,,,,,,,,,,,,,,,,,,,,,,,,,,,,,,,
IDR1400005538,"rpoB Phe514Phe (silent), gyrA Asp94Asn",A,,,,,,,,,0.25,16,2,0.6,<0.03,2.5,8,32,<0.5,< 0.12,< 0.12,1,,,,,,,,,,,,,,,,,,,,,,,,,,,,,,,,,,,,
IDR1400005538,,B,,,,,,,,,0.25,16,1,0.6,<0.03,1.2,8,32,<0.5,< 0.12,< 0.12,1,,,,,,,,,,,,,,,,,,,,,,,,,,,,,,,,,,,,
IDR1400005538,,C,,,,,,,,,0.25,16,1,0.6,<0.03,1.2,8,32,<0.5,< 0.12,< 0.12,1,,,,,,,,,,,,,,,,,,,,,,,,,,,,,,,,,,,,
IDR1400005545,"rpoB Asp516Tyr, inhA C(-15)T",A,,,,,,,,,0.25,8,4,20,1,1.2,1,2,1,1,8,0.5,,,,,,,,,,,,,,,,,,,,,,,,,,,,,,,,,,,,
IDR1400005545,rpoB Asp516Tyr,B,,,,,,,,,0.25,8,4,20,1,1.2,1,2,1,1,8,<0.25,,,,,,,,,,,,,,,,,,,,,,,,,,,,,,,,,,,,
IDR1400005545,rpoB Asp516Tyr,C,,,,,,,,,0.25,8,4,20,2,1.2,1,2,<0.5,1,8,<0.25,,,,,,,,,,,,,,,,,,,,,,,,,,,,,,,,,,,,
IDR1400005548,"rpoB Asp516Tyr, inhA C(-15)T",A,SIRE and second lines both susceptible to rifampin,,,,,,,,0.5,8,4,>40,1,1.2,1,2,1,4,16,1,,,,,,,,,,,,,,,,,,,,,,,,,,,,,,,,,,,,
IDR1400005548,rpoB Asp516Tyr,B,,,,,,,,,0.25,8,4,40,1,1.2,1,2,<0.5,8,16,0.5,,,,,,,,,,,,,,,,,,,,,,,,,,,,,,,,,,,,
IDR1400005548,rpoB Asp516Tyr,C,,,,,,,,,0.25,8,4,20,1,1.2,1,2,<0.5,2,>16,0.5,,,,,,,,,,,,,,,,,,,,,,,,,,,,,,,,,,,,
IDR1400005550,"rpoB Ile491Phe, embB Met306Ile, ",A,,,,,,,,,<0.12,8,8,40,>4,1.2,4.0,8.0,<0.5,<0.12,1.0,>32,,,,,,,,,,,,,,,,,,,,,,,,,,,,,,,,,,,,
IDR1400005550,"AND katG Ser315Thr, inhA C(-15)T, ",B,,,,,,,,,<0.12,32,8,>40,>4,0.6,2.0,8,<0.5,<0.12,1.0,>32,,,,,,,,,,,,,,,,,,,,,,,,,,,,,,,,,,,,
IDR1400005550,gyrA Asp94Gly,C,,,,,,,,,<0.12,>256,8,>40,>4,0.6,2,16,<0.5,<0.12,0.5,>32,,,,,,,,,,,,,,,,,,,,,,,,,,,,,,,,,,,,
IDR1400005551,"rpoB Ser531Cys, katG Ser315Asn",A,"MGIT Rifampin was susc at 0.25, 0.5 and 1.0ug/ml",,,,,,,,>16,8,8,0.6,2,>40,0.25,1,1,< 0.12,< 0.12,>32,,,,,,,,,,,,,,,,,,,,,,,,,,,,,,,,,,,,
IDR1400005551,rpoB Ser531Cys,B,,,,,,,,,>16,16,8,0.6,4,>40,0.25,1,2,0.25,< 0.12,>32,,,,,,,,,,,,,,,,,,,,,,,,,,,,,,,,,,,,
IDR1400005551,rpoB Ser531Cys,C,,,,,,,,,>16,8,8,0.6,2,>40,0.25,1,<0.5,< 0.12,< 0.12,>32,,,,,,,,,,,,,,,,,,,,,,,,,,,,,,,,,,,,
IDR1400007388,"rpoB Ser531Cys, katG Ser315Asn",A,,,,,,,,,>16,8,8,0.6,>4,>40,0.25,1,1,< 0.12,0.25,>32,,,,,,,,,,,,,,,,,,,,,,,,,,,,,,,,,,,,
IDR1400007388,rpoB Ser531Cys,B,,,,,,,,,>16,16,8,0.6,>4,>40,0.25,1,<0.5,< 0.12,0.25,>32,,,,,,,,,,,,,,,,,,,,,,,,,,,,,,,,,,,,
IDR1400007388,rpoB Ser531Cys,C,,,,,,,,,>16,16,8,1.2,>4,>40,0.25,1,1,< 0.12,0.25,>32,,,,,,,,,,,,,,,,,,,,,,,,,,,,,,,,,,,,
IDR1400007397,"rpoB Leu511Pro, katG Ser315Thr",A,"MGIT Rifampin was susc at 0.25, 0.5 and 1.0ug/ml",,,,,,,,0.5,32,8,0.6,4,2.5,0.5,2,4,1,4,32,,,,,,,,,,,,,,,,,,,,,,,,,,,,,,,,,,,,
IDR1400007397,,B,,,,,,,,,0.5,32,8,0.6,>4,1.2,0.5,1,4,1,2,16,,,,,,,,,,,,,,,,,,,,,,,,,,,,,,,,,,,,
IDR1400007397,,C,,,,,,,,,0.5,16,8,0.6,>4,2.5,0.5,1,4,2,4,8,,,,,,,,,,,,,,,,,,,,,,,,,,,,,,,,,,,,
IDR1400035172,"rpoB His526Asn, katG Ser315Thr",A,,,,,,,,,0.5,16,2,1.2,>4,2.5,0.5,2,4,< 0.12,0.5,0.5,,,,,,,,,,,,,,,,,,,,,,,,,,,,,,,,,,,,
IDR1400035172,rpoB His526Asn,B,,,,,,,,,0.5,16,4,2.5,4,2.5,0.5,2,4,< 0.12,0.5,0.5,,,,,,,,,,,,,,,,,,,,,,,,,,,,,,,,,,,,
IDR1400035172,rpoB His526Asn,C,,,,,,,,,0.5,64,4,2.5,>4,5,0.5,2,4,< 0.12,0.5,0.5,,,,,,,,,,,,,,,,,,,,,,,,,,,,,,,,,,,,
IDR1500009344,"rpoB ser531Leu, katG Ser315Thr, embB Gly406Ala, rpsL Lys43Arg",,,,,,,,,,0.5,32,8,5,>4,2.5,0.5,2,2,>16,>16,>32,,,,,,,,,,,,,,,,,,,,,,,,,,,,,,,,,,,,
IDR1500049548,XDR strain,A,,,,,,,,,0.4,8,>32,0.5,>4,5,4,16,<0.5,< 0.12,1,>32,,,,,,,,,,,,,,,,,,,,,,,,,,,,,,,,,,,,
IDR1500049548,,B,,,,,,,,,0.25,16,>32,5,>4,5,4,16,<0.5,< 0.12,2,>32,,,,,,,,,,,,,,,,,,,,,,,,,,,,,,,,,,,,
IDR1500049548,,C,,,,,,,,,0.5,16,32,20,>4,10,4,16,<0.5,< 0.12,2,>32,,,,,,,,,,,,,,,,,,,,,,,,,,,,,,,,,,,,
IDR1500054145,,,,,,,,,,,< 0.12,4,1,2.5,0.06,0.6,0.25,1,<0.5,< 0.12,< 0.12,1,,,,,,,,,,,,,,,,,,,,,,,,,,,,,,,,,,,,
IDR1500054145,,,,,,,,,,,<=0.12,4,1,5,0.06,0.6,0.5,8,1,<=0.12,<=0.12,<=0.25,,,,,,,,,,,,,,,,,,,,,,,,,,,,,,,,,,,,
IDR1600003443,"rpoB Asp516Tyr, katG ser315Thr, EmbB Gln497 Arg, rpsL Lys88Arg",,,A,,,,,,,0.25,16,16,0.6,2,2.5,0.5,1,<0.5,< 0.12,0.5,16,,,,,,,,,,,,,,,,,,,,,,,,,,,,,,,,,,,,
IDR1600003443,,,,B,,,,,,,0.5,16,16,0.6,2,2.5,0.5,1,1,< 0.12,0.5,16,,,,,,,,,,,,,,,,,,,,,,,,,,,,,,,,,,,,
IDR1600003443,,,,C,,,,,,,0.5,16,32,<0.03,1,2.5,0.5,1,<0.5,< 0.12,0.5,32,,,,,,,,,,,,,,,,,,,,,,,,,,,,,,,,,,,,
IDR1600003600,,,,,,,,,,,0.5,<=2,2,2.5,0.12,5,1,4,4,<=0.12,0.25,1,,,,,,,,,,,,,,,,,,,,,,,,,,,,,,,,,,,,
IDR1600018194,rpoB Pro454Leu ,A,,,,,,,,,0.5,16,2,2.5,0.06,5,0.5,2,2,< 0.12,0.25,0.5,,,,,,,,,,,,,,,,,,,,,,,,,,,,,,,,,,,,
IDR1600018194,,B,,,,,,,,,0.5,16,4,2.5,0.06,5,0.5,1,2,< 0.12,< 0.12,1,,,,,,,,,,,,,,,,,,,,,,,,,,,,,,,,,,,,
IDR1600018194,,C,,,,,,,,,0.5,16,2,2.5,0.06,5,0.5,2,1,< 0.12,< 0.12,0.5,,,,,,,,,,,,,,,,,,,,,,,,,,,,,,,,,,,,
IDR1600020202,rpoB His526Tyr,A,,,,,,,,,0.5,8,1,0.6,<0.03,5,0.12,1,<0.5,>16,>16,1,,,,,,,,,,,,,,,,,,,,,,,,,,,,,,,,,,,,
IDR1600020202,rpoB His526Tyr,B,,,,,,,,,0.5,16,2,1.2,<0.03,5,0.25,1,<0.5,8,>16,1,,,,,,,,,,,,,,,,,,,,,,,,,,,,,,,,,,,,
IDR1600020202,rpoB His526Tyr,C,,,,,,,,,0.5,16,1,0.6,<0.03,5,0.25,1,<0.5,8,>16,1,,,,,,,,,,,,,,,,,,,,,,,,,,,,,,,,,,,,
IDR1600020205,"rpoB Ser531Leu, rpsL Lys88Arg, ",A,Second lines resistant to ethionamide,,,,,,,,2,32,4,2.5,0.06,40,1,2,1,>16,>16,>32,,,,,,,,,,,,,,,,,,,,,,,,,,,,,,,,,,,,
IDR1600020205,  and   eis promoter region G(-10)A,B,,,,,,,,,2,16,2,2.5,0.06,20,2,4,2,>16,>16,>32,,,,,,,,,,,,,,,,,,,,,,,,,,,,,,,,,,,,
IDR1600020205,,C,,,,,,,,,2,16,4,2.5,0.06,40,1,2,1,>16,>16,>32,,,,,,,,,,,,,,,,,,,,,,,,,,,,,,,,,,,,
IDR1600027139,"rpoB Leu430Pro, katG Ser315Thr, embB Met306Val, rpsL Lys43Arg, rrs A(1400)G",,,A,,,,,,,>16,8,16,1.2,1,>40,0.25,1,<=0.5,>16,>16,>32,,,,,,,,,,,,,,,,,,,,,,,,,,,,,,,,,,,,
IDR1600027139,,,,B,,,,,,,>16,8,8,0.6,1,>40,0.25,1,1,1,>16,>32,,,,,,,,,,,,,,,,,,,,,,,,,,,,,,,,,,,,
IDR1600027139,,,,C,,,,,,,>16,4,16,0.6,1,>40,0.25,1,<=0.5,>16,>16,>32,,,,,,,,,,,,,,,,,,,,,,,,,,,,,,,,,,,,
IDR1600027328,L3:  CAS1-Delhi katG Ser315Thr,A,,,,,,,,,0.5,16,2,1.2,>4,2.5,0.5,2,1,< 0.12,< 0.12,2,,,,,,,,,,,,,,,,,,,,,,,,,,,,,,,,,,,,
IDR1600027328,,B,,,,,,,,,0.25,16,2,0.6,>4,1.2,0.12,2,<0.5,< 0.12,< 0.12,2,,,,,,,,,,,,,,,,,,,,,,,,,,,,,,,,,,,,
IDR1600027328,,C,,,,,,,,,0.5,16,4,0.6,>4,2.5,0.25,2,1,< 0.12,< 0.12,2,,,,,,,,,,,,,,,,,,,,,,,,,,,,,,,,,,,,
IDR1600031212,"rpoB Ser531Leu, katG Ser315Thr, embB Met306Val, rpsL Lys43Arg",,,A,,,,,,,0.25,8,8,2.5,>4,2.5,0.5,1,8,>16,>16,>32,,,,,,,,,,,,,,,,,,,,,,,,,,,,,,,,,,,,
IDR1600031212,,,,B,,,,,,,0.25,8,4,2.5,>4,2.5,0.25,1,<=0.5,16,>16,>32,,,,,,,,,,,,,,,,,,,,,,,,,,,,,,,,,,,,
IDR1600031212,,,,C,,,,,,,0.25,8,8,1.2,>4,2.5,0.25,0.5,<=0.5,4,>16,>32,,,,,,,,,,,,,,,,,,,,,,,,,,,,,,,,,,,,
IDR1600044262,"rpoB Asp516Tyr, katG Ser315Thr, mabA-inhA promoter C(-15)T, embB Met306Val, rrs C(516)T, gyrA Ala90Val",,,,,,,,,,0.5,32,8,>40,>4,5,4,8,1,0.5,>16,32,,,,,,,,,,,,,,,,,,,,,,,,,,,,,,,,,,,,
IDR1600044262,,,,,,,,,,,0.25,16,16,40,>4,5,4,8,<=0.5,0.25,>16,16,,,,,,,,,,,,,,,,,,,,,,,,,,,,,,,,,,,,
IDR1600044262,,,,,,,,,,,0.25,8,8,10,>4,2.5,4,4,<=0.5,0.25,16,1,,,,,,,,,,,,,,,,,,,,,,,,,,,,,,,,,,,,
IDR1600046606,L4: Latin American-Mediterranean  ,A,,,,,,,,,0.25,16,4,5,0.25,2.5,0.5,2,16,< 0.12,< 0.12,1,,,,,,,,,,,,,,,,,,,,,,,,,,,,,,,,,,,,
IDR1600046606,"mabA Leu203Leu, thyA Thr202Ala",B,,,,,,,,,0.5,8,4,5,0.25,2.5,0.5,2,8,< 0.12,0.25,2,,,,,,,,,,,,,,,,,,,,,,,,,,,,,,,,,,,,
IDR1600046606,,C,,,,,,,,,0.5,16,4,2.5,0.12,2.5,0.5,2,8,< 0.12,< 0.12,1,,,,,,,,,,,,,,,,,,,,,,,,,,,,,,,,,,,,
IDR1600047588,"rpoB Ser531Trp, katG Ser315Thr, embB Met306Ile, rpsL Lys43Arg",,,,,,,,,,<=0.12,8,4,1.2,4,1.2,0.25,1,<=0.5,16,>16,>32,,,,,,,,,,,,,,,,,,,,,,,,,,,,,,,,,,,,
IDR1700000670,L3:  CAS1-Delhi,A,,,,,,,,,0.5,16,1,1.2,0.06,2.5,0.12,1,1,< 0.12,< 0.12,1,,,,,,,,,,,,,,,,,,,,,,,,,,,,,,,,,,,,
IDR1700000670,,B,,,,,,,,,0.5,16,1,1.2,0.06,2.5,0.25,1,<0.5,< 0.12,0.25,1,,,,,,,,,,,,,,,,,,,,,,,,,,,,,,,,,,,,
IDR1700000670,,C,,,,,,,,,0.5,16,15,1.2,0.06,2.5,0.25,1,<0.5,< 0.12,0.25,0.5,,,,,,,,,,,,,,,,,,,,,,,,,,,,,,,,,,,,
IDR1700006498,L1:EAI1-Somalia,A,,,,,,,,,0.25,32,2,1.2,<0.03,2.5,0.25,1,1,<0.12,0.25,1,,,,,,,,,,,,,,,,,,,,,,,,,,,,,,,,,,,,
IDR1700006498,,B,,,,,,,,,0.25,8,2,1.2,<0.03,2.5,0.25,1,1,<0.12,0.25,2,,,,,,,,,,,,,,,,,,,,,,,,,,,,,,,,,,,,
IDR1700006498,,C,,,,,,,,,0.25,4,4,0.6,<0.03,1.2,0.25,1,1,<0.12,0.25,2,,,,,,,,,,,,,,,,,,,,,,,,,,,,,,,,,,,,
IDR1700007371,L1:EAI2 - Manila,A,,,,,,,,,0.25,4,4,0.6,<0.03,1.2,1,2,<0.5,< 0.12,0.25,0.5,,,,,,,,,,,,,,,,,,,,,,,,,,,,,,,,,,,,
IDR1700007371,,B,,,,,,,,,0.25,8,4,0.6,<0.03,1.2,1,2,<0.5,< 0.12,0.25,0.5,,,,,,,,,,,,,,,,,,,,,,,,,,,,,,,,,,,,
IDR1700007371,,C,,,,,,,,,0.5,UNINTERPRETABLE,2,0.6,,1.2,1,2,1,<0.12,0.25,0.5,,,,,,,,,,,,,,,,,,,,,,,,,,,,,,,,,,,,
IDR1700010065,L3:CAS1-Killimanjaro,A,,,,,,,,,0.25,8,1,1.2,0.06,1.2,0.12,1.0,<0.5,< 0.12,< 0.12,0.5,,,,,,,,,,,,,,,,,,,,,,,,,,,,,,,,,,,,
IDR1700010065,,B,,,,,,,,,0.25,16,1,0.5,<0.03,2.5,0.12,1.0,<0.5,< 0.12,< 0.12,0.5,,,,,,,,,,,,,,,,,,,,,,,,,,,,,,,,,,,,
IDR1700010065,,C,,,,,,,,,0.25,16,1,1.2,0.06,2.5,0.12,0.5,<0.5,< 0.12,< 0.12,0.5,,,,,,,,,,,,,,,,,,,,,,,,,,,,,,,,,,,,
IDR1700011701,L1:EAI7-Bangladesh 2,D,,,,,,,,,0.25,4,1,2.5,0.06,2.5,1,2,<0.5,< 0.12,< 0.12,0.5,,,,,,,,,,,,,,,,,,,,,,,,,,,,,,,,,,,,
IDR1700011701,,A,,,,,,,,,0.25,4,1,2.5,0.06,1.2,0.25,1,<0.5,< 0.12,< 0.12,<=0.25,,,,,,,,,,,,,,,,,,,,,,,,,,,,,,,,,,,,
IDR1700011701,,B,,,,,,,,,0.25,4,1,2.5,0.06,2.5,0.25,1,1,0.25,< 0.12,0.5,,,,,,,,,,,,,,,,,,,,,,,,,,,,,,,,,,,,
IDR1700011701,,C,,,,,,,,,0.25,4,1,2.5,0.06,2.5,0.25,1,<0.5,< 0.12,< 0.12,<=0.25,,,,,,,,,,,,,,,,,,,,,,,,,,,,,,,,,,,,
IDR1700011886,rpoB Pro454Ser,,,,,,,,,,0.25,16,2,1.2,0.06,5,0.5,1,<=0.5,<=0.12,<=0.12,0.5,,,,,,,,,,,,,,,,,,,,,,,,,,,,,,,,,,,,
IDR1700011886,,,,,,,,,,,0.5,16,2,1.2,0.06,5,0.5,2,<=0.5,<=0.12,<=0.12,0.5,,,,,,,,,,,,,,,,,,,,,,,,,,,,,,,,,,,,
IDR1700011886,,,,,,,,,,,0.5,16,2,1.2,0.06,5,0.5,2,2,<=0.12,<=0.12,0.5,,,,,,,,,,,,,,,,,,,,,,,,,,,,,,,,,,,,
IDR1700013003,L4:X3  rpoB Ile572Phe,A,,,,,,,,,0.25,16,1,2.5,<0.03,1.2,0.5,1,<0.5,<0.12,2,<0.25,,,,,,,,,,,,,,,,,,,,,,,,,,,,,,,,,,,,
IDR1700013003,,B,,,,,,,,,0.25,32,1,2.5,0.06,1.2,0.5,1,<0.5,<0.12,1,<0.25,,,,,,,,,,,,,,,,,,,,,,,,,,,,,,,,,,,,
IDR1700013003,,C,,,,,,,,,1,18,1,5,<0.03,1.2,0.5,1,<0.5,0.25,1,0.5,,,,,,,,,,,,,,,,,,,,,,,,,,,,,,,,,,,,
IDR1700013349,L4:X3 mabA Leu203Leu,,,,,,,,,,.0.5,16,0.5,2.5,0.12,2.5,1,4,<0.5,0.25,0.25,0.5,,,,,,,,,,,,,,,,,,,,,,,,,,,,,,,,,,,,
IDR1700013350,"RPOB HIS 526Gln AND His674Arg, katG Ser315Thr",,,,,,,,,,0.5,16,2,5,>4,5,0.5,2,1,1,>16,2,,,,,,,,,,,,,,,,,,,,,,,,,,,,,,,,,,,,
IDR1700013350,,,,,,,,,,,0.5,16,2,5,>4,5,0.5,2,4,1,>16,4,,,,,,,,,,,,,,,,,,,,,,,,,,,,,,,,,,,,
IDR1700013350,,,,,,,,,,,0.5,16,2,5,>4,5,1,2,1,1,>16,2,,,,,,,,,,,,,,,,,,,,,,,,,,,,,,,,,,,,
IDR1700017011,"rpoB His516Tyr, katG ser315Thr, emmbBMet306Ile",,,A,,,,,,,0.5,16,4,1.2,2,5,0.12,1,1,4,>16,2,,,,,,,,,,,,,,,,,,,,,,,,,,,,,,,,,,,,
IDR1700017011,,,,B,,,,,,,0.25,16,4,0.6,2,5,0.12,1,<=0.5,16,>16,4,,,,,,,,,,,,,,,,,,,,,,,,,,,,,,,,,,,,
IDR1700017011,,,,C,,,,,,,0.25,8,2,0.6,1,2.5,0.12,0.5,<=0.5,2,>16,1,,,,,,,,,,,,,,,,,,,,,,,,,,,,,,,,,,,,
IDR1700018749,L1:EAI6-Bangladesh1     mabA Leu203Leu,,,,,,,,,,0.25,4,1,40,0.5,1.2,0.5,2,<0.5,1,< 0.12,2,,,,,,,,,,,,,,,,,,,,,,,,,,,,,,,,,,,,
IDR1700018749,,,,,,,,,,,<0.12,4,1,20,0.25,1.2,0.25,1,<0.5,< 0.12,< 0.12,1,,,,,,,,,,,,,,,,,,,,,,,,,,,,,,,,,,,,
IDR1700018749,,,,,,,,,,,<0.12,4,2,40,0.5,1.2,0.25,1,<0.5,< 0.12,< 0.12,1,,,,,,,,,,,,,,,,,,,,,,,,,,,,,,,,,,,,
IDR1700018749,,,,,,,,,,,<0.12,4,1,40,0.5,1.2,0.25,1,<0.5,< 0.12,< 0.12,1,,,,,,,,,,,,,,,,,,,,,,,,,,,,,,,,,,,,
IDR1700019630,katG Ser315Thr,A,,,,,,,,,0.25,4,2,1.2,2,1.2,0.5,2,<0.5,< 0.12,0.25,<0.25,,,,,,,,,,,,,,,,,,,,,,,,,,,,,,,,,,,,
IDR1700019630,,B,,,,,,,,,0.25,4,2,1.2,2,1.2,0.25,2,<0.5,< 0.12,0.25,<0.25,,,,,,,,,,,,,,,,,,,,,,,,,,,,,,,,,,,,
IDR1700019630,,C,,,,,,,,,0.25,4,2,0.6,2,1.2,0.5,2,<0.5,< 0.12,0.25,<0.25,,,,,,,,,,,,,,,,,,,,,,,,,,,,,,,,,,,,
IDR1700022371,L1:EAI1-Somalia mabA Leu203Leu,,,,,,,,,,0.25,4,1,10,0.12,1.2,0.5,2,2,< 0.12,< 0.12,1,,,,,,,,,,,,,,,,,,,,,,,,,,,,,,,,,,,,
IDR1700022371,,,,,,,,,,,<=0.12,4,1,5,0.12,1.2,0.25,1,<0.5,< 0.12,<=0.12,1,,,,,,,,,,,,,,,,,,,,,,,,,,,,,,,,,,,,
IDR1700022371,,,,,,,,,,,0.25,4,1,10,0.12,1.2,0.5,1,<0.5,< 0.12,0.25,1,,,,,,,,,,,,,,,,,,,,,,,,,,,,,,,,,,,,
IDR1700022371,,,,,,,,,,,0.25,4,2,10,0.12,1.2,0.25,1,<0.5,< 0.12,0.25,1,,,,,,,,,,,,,,,,,,,,,,,,,,,,,,,,,,,,
IDR1700024708,L4:T1    katG Ser315Thr,,,,,,,,,,0.5,8,2,1.2,4,2.5,0.5,2,1,< 0.12,< 0.12,0.5,,,,,,,,,,,,,,,,,,,,,,,,,,,,,,,,,,,,
IDR1700024708,,,,,,,,,,,0.25,,,,,,0.5,1,,,< 0.12,,,,,,,,,,,,,,,,,,,,,,,,,,,,,,,,,,,,,
IDR1700024708,,,,,,,,,,,0.5,,,,,,0.5,1,,,< 0.12,,,,,,,,,,,,,,,,,,,,,,,,,,,,,,,,,,,,,
IDR1700024708,,,,,,,,,,,0.5,,,,,,0.5,1,,,< 0.12,,,,,,,,,,,,,,,,,,,,,,,,,,,,,,,,,,,,,
IDR1700024729,L4;Cameroon inhA C-15T,,,,,,,,,,0.5,16,1,5,0.25,2.5,0.25,1,<0.5,0.25,< 0.12,0.5,,,,,,,,,,,,,,,,,,,,,,,,,,,,,,,,,,,,
IDR1700026229,L2: Beijing;majority group,A,,,,,,,,,0.5,16,2,1.2,0.12,1.2,0.5,1,<0.5,<0.12,< 0.12,0.5,,,,,,,,,,,,,,,,,,,,,,,,,,,,,,,,,,,,
IDR1700026229,,B,,,,,,,,,0.25,16,2,1.2,<0.03,2.5,0.25,1,1,<0.12,< 0.12,<0.25,,,,,,,,,,,,,,,,,,,,,,,,,,,,,,,,,,,,
IDR1700026229,,C,,,,,,,,,0.5,16,2,1.2,<0.03,2.5,0.25,1,<0.5,<0.12,< 0.12,<0.25,,,,,,,,,,,,,,,,,,,,,,,,,,,,,,,,,,,,
IDR1700027275,"rpob Gln513Pro, katG Ser315Thr, embB Met306Ile, rpsL Lys43Arg",,,A,,,,,,,<=0.12,4,4,0.6,2,0.6,0.12,0.5,<=0.5,0.5,>16,32,,,,,,,,,,,,,,,,,,,,,,,,,,,,,,,,,,,,
IDR1700027275,,,,B,,,,,,,<=0.12,8,4,0.6,4,1.2,0.12,2,<=0.5,8,>16,32,,,,,,,,,,,,,,,,,,,,,,,,,,,,,,,,,,,,
IDR1700027275,,,,C,,,,,,,<=0.12,4,4,0.6,2,0.6,0.12,2,<=0.5,4,>16,32,,,,,,,,,,,,,,,,,,,,,,,,,,,,,,,,,,,,
IDR1700027728,"rpoB His 526Gln, unknown",,,,,,,,,,0.5,16,2,5,0.06,2.5,0.25,2,1,<=0.12,0.25,0.5,,,,,,,,,,,,,,,,,,,,,,,,,,,,,,,,,,,,
IDR1700027728,,,,,,,,,,,0.25,16,4,2.5,0.06,1.2,0.25,2,2,<=0.12,0.25,<=0.25,,,,,,,,,,,,,,,,,,,,,,,,,,,,,,,,,,,,
IDR1700027728,,,,,,,,,,,0.25,16,4,1.2,0.06,2.5,0.5,2,2,<=0.12,0.25,0.5,,,,,,,,,,,,,,,,,,,,,,,,,,,,,,,,,,,,
IDR1700028161,mabA C(-15)T,A,,,,,,,,,< 0.12,4,1,2.5,0.25,<0.6,0.25,1,<0.5,< 0.12,< 0.12,<0.25,,,,,,,,,,,,,,,,,,,,,,,,,,,,,,,,,,,,
IDR1700028161,,B,,,,,,,,,< 0.12,8,2,5,0.25,<0.6,0.25,1,<0.5,< 0.12,< 0.12,0.5,,,,,,,,,,,,,,,,,,,,,,,,,,,,,,,,,,,,
IDR1700028161,,C,,,,,,,,,< 0.12,4,1,1.2,0.25,<0.6,0.25,2,<0.5,< 0.12,< 0.12,<0.25,,,,,,,,,,,,,,,,,,,,,,,,,,,,,,,,,,,,
IDR1700028962,L2: Beijing;minority group,A,,,,,,,,,0.25,32,2,0.6,0.06,2.5,1,1,1,< 0.12,0.12,0.5,,,,,,,,,,,,,,,,,,,,,,,,,,,,,,,,,,,,
IDR1700028962,,B,,,,,,,,,0.5,32,2,1.2,<0.03,2.5,0.5,1,1,0.25,0.12,0.5,,,,,,,,,,,,,,,,,,,,,,,,,,,,,,,,,,,,
IDR1700028962,,C,,,,,,,,,0.25,16,2,0.6,<0.03,2.5,0.5,1,1,< 0.12,0.12,0.5,,,,,,,,,,,,,,,,,,,,,,,,,,,,,,,,,,,,
IDR1700029898,L2:Beijing inhA C-15T,,,,,,,,,,0.25,8,2,10,0.25,1.2,0.5,1,<0.5,< 0.12,0.25,0.5,,,,,,,,,,,,,,,,,,,,,,,,,,,,,,,,,,,,
IDR1700031502,L4:T1 ,D?,,,,,,,,,0.5,8,2,1.2,0.12,1.2,0.5,1,<0.5,< 0.12,0.25,0.5,,,,,,,,,,,,,,,,,,,,,,,,,,,,,,,,,,,,
IDR1700031502,,A,,,,,,,,,0.25,6,1,1.2,0.06,1.2,0.5,1,<0.5,< 0.12,0.25,0.5,,,,,,,,,,,,,,,,,,,,,,,,,,,,,,,,,,,,
IDR1700031502,,B,,,,,,,,,0.25,16,2,1.2,0.06,1.2,0.5,1,<0.5,< 0.12,0.25,0.5,,,,,,,,,,,,,,,,,,,,,,,,,,,,,,,,,,,,
IDR1700031502,,C,,,,,,,,,0.5,16,2,2.5,0.06,2.5,0.25,1,<0.5,0.25,0.25,0.5,,,,,,,,,,,,,,,,,,,,,,,,,,,,,,,,,,,,
IDR1700032939,"rpoB Ser531Leu, katG Ala144Val, embB Asp328Tyr",A,,,,,,,,,0.25,8,16,0.6,0.5,1.2,0.5,1,1,2,>16,0.5,,,,,,,,,,,,,,,,,,,,,,,,,,,,,,,,,,,,
IDR1700032939,,B,,,,,,,,,0.25,16,16,1.2,0.5,1.2,0.5,1,1,1,>16,0.5,,,,,,,,,,,,,,,,,,,,,,,,,,,,,,,,,,,,
IDR1700032939,,C,,,,,,,,,0.25,16,8,0.6,0.5,1.2,0.5,1,1,1,>16,0.5,,,,,,,,,,,,,,,,,,,,,,,,,,,,,,,,,,,,
IDR1700033676,L2:Beijing  katG Ser315Thr,A,,,,,,,,,0.25,8,1,0.6,2,1.2,0.25,1,<0.5,< 0.12,< 0.12,0.25,,,,,,,,,,,,,,,,,,,,,,,,,,,,,,,,,,,,
IDR1700033676,,B,,,,,,,,,0.5,16,1,0.6,2,1.2,0.5,1,1,< 0.12,< 0.12,0.5,,,,,,,,,,,,,,,,,,,,,,,,,,,,,,,,,,,,
IDR1700034386,"rpoB Leu533Pro and Asp516Ala, katG Ser315Thr, embB Met306Val, rpsL Lys43Arg, gyrA Ala90Val",,,,,,,,,,0.25,16,8,1.2,2,1.2,2,8,32,4,>16,>32,,,,,,,,,,,,,,,,,,,,,,,,,,,,,,,,,,,,
IDR1700034386,,,,,,,,,,,0.25,8,8,0.6,2,1.2,2,8,>64,4,>16,>32,,,,,,,,,,,,,,,,,,,,,,,,,,,,,,,,,,,,
IDR1700034386,,,,,,,,,,,0.25,8,4,1.2,4,1.2,2,8,>64,8,>16,>32,,,,,,,,,,,,,,,,,,,,,,,,,,,,,,,,,,,,
IDR1700037725,L4: Latin American-Mediterranean,A,S,S,S,S,S,S,,,0.25,4,1,0.6,<0.03,2.5,0.25,0.5,<0.5,< 0.12,< 0.12,<0.25,,,,,,,,,,,,,,,,,,,,,,,,,,,,,,,,,,,,
IDR1700037725,,B,,,,,,,,,0.25,16,1,1.2,0.06,2.5,0.25,0.5,<0.5,< 0.12,< 0.12,0.5,,,,,,,,,,,,,,,,,,,,,,,,,,,,,,,,,,,,
IDR1700037725,,C,,,,,,,,,0.5,16,1,1.2,0.06,2.5,0.25,0.5,<0.5,< 0.12,< 0.12,0.5,,,,,,,,,,,,,,,,,,,,,,,,,,,,,,,,,,,,
IDR1700037725,,D,,,,,,,,,0.5,16,2,1.2,0.06,2.5,0.25,1,<0.5,< 0.12,< 0.12,0.5,,,,,,,,,,,,,,,,,,,,,,,,,,,,,,,,,,,,
IDR1700038430,L4:T3 inhA C-15T,,,,,,,,,,0.5,16,1,1.2,0.25,1.2,0.5,1,<0.5,< 0.12,< 0.12,0.5,,,,,,,,,,,,,,,,,,,,,,,,,,,,,,,,,,,,
IDR1700038585-01-01,"rpoB His526Cys, katG ser315Thr, mabA Leu203Leu, ethA ""insertion""",,S,,R,S,R,S,,,0.5,16,1,40,>4,2.5,0.5,2,2,0.5,16,2,,,,,,,,,,,,,,,,,,,,,,,,,,,,,,,,,,,,
IDR1700038585-01-01,,,,,,,,,,,0.5,16,2,>40,>4,2.5,0.5,2,2,0.5,>16,4,,,,,,,,,,,,,,,,,,,,,,,,,,,,,,,,,,,,
IDR1700038585-01-01,,,,,,,,,,,0.5,16,2,>40,>4,2.5,0.5,2,2,0.5,>16,2,,,,,,,,,,,,,,,,,,,,,,,,,,,,,,,,,,,,
IDR1700047568,rpoB Pro454His,A,,,,,,,,,0.5,16,1,0.6,0.06,2.5,0.5,1,2,0.5,<=0.12,0.5,,,,,,,,,,,,,,,,,,,,,,,,,,,,,,,,,,,,
IDR1700047568,,B,,,,,,,,,0.5,16,2,0.6,<=0.03,2.5,0.5,1,1,<=0.12,<=0.12,<=0.25,,,,,,,,,,,,,,,,,,,,,,,,,,,,,,,,,,,,
IDR1700047568,,C,,,,,,,,,0.5,16,2,0.6,0.06,2.5,0.5,1,2,<=0.12,0.25,0.5,,,,,,,,,,,,,,,,,,,,,,,,,,,,,,,,,,,,
IDR1700049548,,,,,,,,,,,0.5,16,16,20,>4,5,4,8,<0.5,< 0.12,8,>32,,,,,,,,,,,,,,,,,,,,,,,,,,,,,,,,,,,,
IDR1700051763,rpoB Ile572Phe,A,,,,,,,,,0.25,8,1.0,1.2,0.12,1.2,1.0,2.0,<0.5,<0.12,1.0,0.5,,,,,,,,,,,,,,,,,,,,,,,,,,,,,,,,,,,,
IDR1700051763,,B,,,,,,,,,0.25,16,1.0,2.5,<0.03,1.2,0.5,1.0,<0.5,<0.12,2.0,0.5,,,,,,,,,,,,,,,,,,,,,,,,,,,,,,,,,,,,
IDR1700051763,,C,,,,,,,,,<0.12,8,2.0,1.2,<0.03,2.5,0.5,1.0,1.0,<0.12,1.0,<0.25,,,,,,,,,,,,,,,,,,,,,,,,,,,,,,,,,,,,
IDR1700051930,"rpoB Ser531Leu, katG Ser315Thr, also mabA Leu203Leu,",A,Agar prop suscept to Rifampin,,,,,,,,>16,32,8,20,2,5,2,4,16,8,>16,16,,,,,,,,,,,,,,,,,,,,,,,,,,,,,,,,,,,,
IDR1700051930," gyrA Ala90Val, rpsL Lys88Arg and rrs1400 A (1400)G",B,,,,,,,,,16,16,8,40,>4,20,2,4,16,16,>16,32,,,,,,,,,,,,,,,,,,,,,,,,,,,,,,,,,,,,
IDR1700051930,,C,,,,,,,,,16,64,8,40,4,20,2,8,32,16,>16,32,,,,,,,,,,,,,,,,,,,,,,,,,,,,,,,,,,,,
IDR1700052135,"rpoB Ser531Leu, katG Ser315Thr, eispromoter (KAN) G(-37)T, rpsL Lys43Arg",,,,,,,,,,0.25,16,4,1.2,2,10,0.15,1,4,16,>16,>32,,,,,,,,,,,,,,,,,,,,,,,,,,,,,,,,,,,,
IDR1700052537,mabA Leu203Leu,A,,,,,,,,,0.5,16,2,10,0.25,2.5,0.5,1,<0.5,< 0.12,0.5,0.5,,,,,,,,,,,,,,,,,,,,,,,,,,,,,,,,,,,,
IDR1700052537,,B,,,,,,,,,0.5,16,2,10,0.25,2.5,0.5,2,<0.5,< 0.12,0.5,0.5,,,,,,,,,,,,,,,,,,,,,,,,,,,,,,,,,,,,
IDR1700052537,,C,,,,,,,,,0.5,16,2,5,0.25,2.5,0.5,1,<0.5,< 0.12,0.5,0.5,,,,,,,,,,,,,,,,,,,,,,,,,,,,,,,,,,,,
IDR1700058075,"rpoB His526Tyr, katG Ser315Thr, embB Met306Val, rrs 512, 513, 516, 906: 3(516)T",,,A,,,,,,,0.5,8,8,1.2,2,1.2,0.5,1,4,>16,>16,8,,,,,,,,,,,,,,,,,,,,,,,,,,,,,,,,,,,,
IDR1700058075,,,,B,,,,,,,0.25,8,8,1.2,1,2.5,0.25,1,1,>16,>16,4,,,,,,,,,,,,,,,,,,,,,,,,,,,,,,,,,,,,
IDR1700058075,,,,C,,,,,,,0.25,8,8,2.5,2,2.5,0.5,2,4,>16,>16,8,,,,,,,,,,,,,,,,,,,,,,,,,,,,,,,,,,,,
IDR1800003683,"rpoB Ser531Leu, katG Ser315Thr, embB Thr642Ala, rpsL Lys43Arg",,,,,,,,,,0.25,8,1,1.2,4,1.2,0.5,1.0,1,16,>16,>32,,,,,,,,,,,,,,,,,,,,,,,,,,,,,,,,,,,,
IDR1800003683,,B,,,,,,,,,0.25,8,1,1.2,4,1.2,0.5,1.0,1,16,>16,>32,,,,,,,,,,,,,,,,,,,,,,,,,,,,,,,,,,,,
IDR1800003683,,C,,,,,,,,,0.25,16,1,2.5,4,1.2,0.5,1.0,1,16,>16,>32,,,,,,,,,,,,,,,,,,,,,,,,,,,,,,,,,,,,
IDR1800008163,"no high confidence mutations, SIRE INH resis",A,,,,,,,,,< 0.12,4,2,2.5,0.12,1.2,0.5,2.0,4,< 0.12,0.25,<0.25,,,,,,,,,,,,,,,,,,,,,,,,,,,,,,,,,,,,
IDR1800008163,,B,,,,,,,,,0.25,4,2,1.2,0.12,1.2,0.25,2.0,1,< 0.12,0.25,0.5,,,,,,,,,,,,,,,,,,,,,,,,,,,,,,,,,,,,
IDR1800008163,,C,,,,,,,,,0.5,4,2,2.5,0.06,2.5,1.0,2.0,<0.5,< 0.12,< 0.12,1,,,,,,,,,,,,,,,,,,,,,,,,,,,,,,,,,,,,
IDR1800010500,"no high confidence mutations, SIRE INH 0.1 Resistant",A,,,,,,,,,<=0.12,<=2,1,1.2,<0.03,1.2,0.12,0.5,<0.5,<=0.12,<=0.12,<0.25,,,,,,,,,,,,,,,,,,,,,,,,,,,,,,,,,,,,
IDR1800010500,,B,,,,,,,,,0.25,<=2,1,0.6,0.06,1.2,0.12,0.5,<0.5,<=0.12,<=0.12,<0.25,,,,,,,,,,,,,,,,,,,,,,,,,,,,,,,,,,,,
IDR1800010500,,C,,,,,,,,,<=0.12,<=2,1,0.6,<0.03,0.5,0.12,0.5,<0.5,<=0.12,<=0.12,<0.25,,,,,,,,,,,,,,,,,,,,,,,,,,,,,,,,,,,,
IDR1800010502,"rpoBVal776Leu, inhA promoter G-17T",A,Second line resistant to ethionamide,,,,,,,,0.5,32,2,2.5,0.5,2.5,1,2,1,< 0.12,0.25,4,,,,,,,,,,,,,,,,,,,,,,,,,,,,,,,,,,,,
IDR1800010502,"rpoBVal776Leu, inhA promoter G-17T",B,,,,,,,,,2,32,2,2.5,0.12,2.5,1,1,1,< 0.12,0.25,4,,,,,,,,,,,,,,,,,,,,,,,,,,,,,,,,,,,,
IDR1800010502,"rpoBVal776Leu, inhA promoter G-17T",C,,,,,,,,,0.5,32,1,2.5,0.25,2.5,0.5,1,1,< 0.12,0.25,8,,,,,,,,,,,,,,,,,,,,,,,,,,,,,,,,,,,,
IDR1800010814,katG Arg249Gly,A,,,,,,,,,< 0.12,8,1,0.6,0.12,0.6,0.25,0.5,<0.5,< 0.12,< 0.12,0.5,,,,,,,,,,,,,,,,,,,,,,,,,,,,,,,,,,,,
IDR1800010814,katG Arg249Gly,B,,,,,,,,,< 0.12,16,2,1.2,0.25,1.2,0.25,1,<0.5,< 0.12,< 0.12,2,,,,,,,,,,,,,,,,,,,,,,,,,,,,,,,,,,,,
IDR1800010814,katG Arg249Gly,C,,,,,,,,,< 0.12,16,2,0.6,0.06,1.2,0.25,0.5,<0.5,< 0.12,< 0.12,0.5,,,,,,,,,,,,,,,,,,,,,,,,,,,,,,,,,,,,
IDR1800010840,"rpoB Ser531Leu, mabA-inhA promoter C(-15)T, embB Gly306Asp",,,A,,,,,,,0.25,16,8,10,1,2.5,0.5,2,>64,>16,>16,<=0.25,,,,,,,,,,,,,,,,,,,,,,,,,,,,,,,,,,,,
IDR1800010840,,,,B,,,,,,,0.25,16,8,5,1,2.5,0.5,1,>64,>16,>16,<=0.25,,,,,,,,,,,,,,,,,,,,,,,,,,,,,,,,,,,,
IDR1800010840,,,,C,,,,,,,0;25,32,8,20,1,2.5,0.5,1,>64,>16,>16,<=0.25,,,,,,,,,,,,,,,,,,,,,,,,,,,,,,,,,,,,
IDR1800010849,rpoB Val279Ala,A,,,,,,,,,0.25,16,2,0.6,0.12,1.2,0.25,1.0,<0.5,< 0.12,< 0.12,0.5,,,,,,,,,,,,,,,,,,,,,,,,,,,,,,,,,,,,
IDR1800010849,rpoB Val279Ala,B,,,,,,,,,0.25,32,4,0.6,0.06,1.2,0.25,1,<0.5,< 0.12,< 0.12,0.5,,,,,,,,,,,,,,,,,,,,,,,,,,,,,,,,,,,,
IDR1800010849,rpoB Val279Ala,C,,,,,,,,,0.25,16,2,1.2,0.06,1.2,0.25,0.5,<0.5,< 0.12,< 0.12,<0.25,,,,,,,,,,,,,,,,,,,,,,,,,,,,,,,,,,,,
IDR1800010867,"katG Ser315Thr, rpsL Cys43Arg",A,,,,,,,,,0.25,16,2,2.5,4,1.2,0.5,1,>64,< 0.12,< 0.12,>32,,,,,,,,,,,,,,,,,,,,,,,,,,,,,,,,,,,,
IDR1800010867,"katG Ser315Thr, rpsL Cys43Arg",B,,,,,,,,,0.25,16,2,2.5,2,1.2,0.5,2,>64,< 0.12,< 0.12,>32,,,,,,,,,,,,,,,,,,,,,,,,,,,,,,,,,,,,
IDR1800010867,"katG Ser315Thr, rpsL Cys43Arg",C,,,,,,,,,0.25,16,2,2.5,4,1.2,0.5,2,>64,< 0.12,< 0.12,>32,,,,,,,,,,,,,,,,,,,,,,,,,,,,,,,,,,,,
IDR1800011961,rpoB Leu511Pro,A,MGIT Rifampin was susc at 1.0ug/ml,,,,,,,,0.5,16,2,1.2,0.12,2.5,1,1,1,< 0.12,0.5,0.5,,,,,,,,,,,,,,,,,,,,,,,,,,,,,,,,,,,,
IDR1800011961,rpoB Leu511Pro,B,,,,,,,,,0.25,16,2,1.2,0.06,2.5,0.5,1,1,< 0.12,0.5,0.5,,,,,,,,,,,,,,,,,,,,,,,,,,,,,,,,,,,,
IDR1800011961,rpoB Leu511Pro,C,,,,,,,,,0.5,16,2,1.2,0.06,2.5,0.5,1,1,< 0.12,1,0.5,,,,,,,,,,,,,,,,,,,,,,,,,,,,,,,,,,,,
IDR1800013652,no high confidence mutations,A,,,,,,,,,0.25,4,1,2.5,<0.03,1.2,0.5,2,<0.5,< 0.12,< 0.12,1,,,,,,,,,,,,,,,,,,,,,,,,,,,,,,,,,,,,
IDR1800013652,,B,,,,,,,,,< 0.12,4,1,0.6,<0.03,<0.6,0.5,2,<0.5,< 0.12,< 0.12,0.5,,,,,,,,,,,,,,,,,,,,,,,,,,,,,,,,,,,,
IDR1800013652,,C,,,,,,,,,0.25,4,1,0.6,<0.03,<0.6,0.25,2,<0.5,< 0.12,< 0.12,0.5,,,,,,,,,,,,,,,,,,,,,,,,,,,,,,,,,,,,
IDR1800013960,no mutations,A,,,,,,,,,0.25,4,1,1.2,0.06,0.6,0.12,1,<0.5,< 0.12,< 0.12,<0.25,,,,,,,,,,,,,,,,,,,,,,,,,,,,,,,,,,,,
IDR1800013960,,B,,,,,,,,,< 0.12,4,1,1.2,<0.03,1.2,0.25,1,<0.5,< 0.12,< 0.12,<0.25,,,,,,,,,,,,,,,,,,,,,,,,,,,,,,,,,,,,
IDR1800013960,,C,,,,,,,,,< 0.12,< 2,1,0.6,<0.03,0.6,0.12,1,<0.5,< 0.12,< 0.12,<0.25,,,,,,,,,,,,,,,,,,,,,,,,,,,,,,,,,,,,
IDR1800015140,katG Ser17Gly,A,MGIT INH susc at 0.1.  AP INH susc at 0.2 and 1.0,,,,,,,,0.5,16,2,2.5,0.25,5,0.5,1,4,< 0.12,< 0.12,1,,,,,,,,,,,,,,,,,,,,,,,,,,,,,,,,,,,,
IDR1800015140,katG Ser17Gly,B,,,,,,,,,0.5,16,2,1.2,0.25,5,0.5,1,4,< 0.12,< 0.12,1,,,,,,,,,,,,,,,,,,,,,,,,,,,,,,,,,,,,
IDR1800015140,katG Ser17Gly,C,,,,,,,,,0.5,16,2,2.5,0.25,5,0.5,1,4,< 0.12,< 0.12,1,,,,,,,,,,,,,,,,,,,,,,,,,,,,,,,,,,,,
IDR1800015681,KatG T(-1)C in the katG promoter region,A,,,,,,,,,0.25,16,2,1.2,<0.03,1.2,0.25,1,1,< 0.12,0.25,0.5,,,,,,,,,,,,,,,,,,,,,,,,,,,,,,,,,,,,
IDR1800015681,KatG T(-1)C in the katG promoter region,B,,,,,,,,,0.25,16,2,0.6,<0.03,1.2,0.5,1,1,< 0.12,0.25,0.5,,,,,,,,,,,,,,,,,,,,,,,,,,,,,,,,,,,,
IDR1800015681,KatG T(-1)C in the katG promoter region,C,,,,,,,,,0.25,16,2,0.6,<0.03,1.2,0.5,1,1,0.25,0.25,0.5,,,,,,,,,,,,,,,,,,,,,,,,,,,,,,,,,,,,
IDR1800016246,"rpoB Ser531Leu, katG Ser315Thr, gyvB Asn499Ser",A,,,,,,,,,0.25,8,4,5,>4,1.2,1,2,<0.5,16,>16,>32,,,,,,,,,,,,,,,,,,,,,,,,,,,,,,,,,,,,
IDR1800016246,"rpoB Ser531Leu, katG Ser315Thr, gyvB Asn499Ser",B,,,,,,,,,< 0.12,8,4,2.5,4,0.6,0.5,1,<0.5,4,>16,>32,,,,,,,,,,,,,,,,,,,,,,,,,,,,,,,,,,,,
IDR1800016246,"rpoB Ser531Leu, katG Ser315Thr, gyvB Asn499Ser",C,,,,,,,,,0.25,8,4,2.5,4,1.2,1,2,1,16,>16,>32,,,,,,,,,,,,,,,,,,,,,,,,,,,,,,,,,,,,
IDR1800017179,rpoB Val598Met,A,,,,,,,,,0.25,4,1,0.6,<0.03,1.2,0.25,1,1,< 0.12,< 0.12,<0.25,,,,,,,,,,,,,,,,,,,,,,,,,,,,,,,,,,,,
IDR1800017179,rpoB Val598Met,B,,,,,,,,,0.25,4,1,0.6,<0.03,2.5,0.5,1,1,< 0.12,< 0.12,0.5,,,,,,,,,,,,,,,,,,,,,,,,,,,,,,,,,,,,
IDR1800017179,rpoB Val598Met,C,,,,,,,,,0.25,4,0.5,0.6,<0.03,1.2,0.5,1,<0.5,< 0.12,< 0.12,<0.25,,,,,,,,,,,,,,,,,,,,,,,,,,,,,,,,,,,,
IDR1800018499,katG Thr271Pro,,,,,,,,,,0.25,8,2,0.6,>4,2.5,0.25,1,<0.5,< 0.12,0.25,<0.25,,,,,,,,,,,,,,,,,,,,,,,,,,,,,,,,,,,,
IDR1800018499,katG Thr271Pro,,,,,,,,,,0.25,8,1,0.6,>4,2.5,0.25,0.5,<0.5,< 0.12,0.25,<0.25,,,,,,,,,,,,,,,,,,,,,,,,,,,,,,,,,,,,
IDR1800018499,katG Thr271Pro,,,,,,,,,,0.25,8,1,1.2,>4,2.5,0.25,0.5,<0.5,< 0.12,0.25,<0.25,,,,,,,,,,,,,,,,,,,,,,,,,,,,,,,,,,,,
IDR1800019768,"rpoB His526Tyr, katG Ser315Thr, embB Met306Val, rpsL Lys43Arg, rrs1400 A(1400)G, ethA deletion",,,A,,,,,,,>16,4,8,1.2,2,>40,0.25,1,<=0.5,2,>16,>32,,,,,,,,,,,,,,,,,,,,,,,,,,,,,,,,,,,,
IDR1800019768,,,,B,,,,,,,>16,4,8,2.5,2,>40,0.5,1,<=0.5,8,>16,>32,,,,,,,,,,,,,,,,,,,,,,,,,,,,,,,,,,,,
IDR1800019768,,,,C,,,,,,,>16,8,8,2.5,2,>40,0.25,1,<=0.5,>16,>16,>32,,,,,,,,,,,,,,,,,,,,,,,,,,,,,,,,,,,,
IDR1800021869,"inhA C(-15)T, embB Cys361Ser",A,,,,,,,,,0.5,16,4,10,0.5,2.5,0.5,1,>64,< 0.12,0.25,1,,,,,,,,,,,,,,,,,,,,,,,,,,,,,,,,,,,,
IDR1800021869,,B,,,,,,,,,0.5,16,4,10,0.5,2.5,0.5,1,64,< 0.12,0.25,1,,,,,,,,,,,,,,,,,,,,,,,,,,,,,,,,,,,,
IDR1800021869,,C,,,,,,,,,0.5,16,2,10,0.5,2.5,0.5,1,32,< 0.12,0.25,1,,,,,,,,,,,,,,,,,,,,,,,,,,,,,,,,,,,,
IDR1800024141,mabA C(-15)T,A,,,,,,,,,0.5,4,2,10,0.25,1.2,1,4,8,< 0.12,0.5,1,,,,,,,,,,,,,,,,,,,,,,,,,,,,,,,,,,,,
IDR1800024141,,B,,,,,,,,,0.25,4,2,20,0.25,1.2,1,2,4,< 0.12,1,1,,,,,,,,,,,,,,,,,,,,,,,,,,,,,,,,,,,,
IDR1800024141,,C,,,,,,,,,0.5,4,2,10,0.25,1.2,0.5,2,1,< 0.12,0.5,1,,,,,,,,,,,,,,,,,,,,,,,,,,,,,,,,,,,,
IDR1800024146,mabA G(-17)T,A,,,,,,,,,0.25,16,2,2.5,0.25,2.5,0.5,1,<0.5,< 0.12,0.25,0.5,,,,,,,,,,,,,,,,,,,,,,,,,,,,,,,,,,,,
IDR1800024146,,B,,,,,,,,,0.25,16,2,2.5,0.12,2.5,0.5,1,<0.5,< 0.12,0.25,0.5,,,,,,,,,,,,,,,,,,,,,,,,,,,,,,,,,,,,
IDR1800024146,,C,,,,,,,,,0.25,16,2,2.5,0.25,5,0.5,1,<0.5,< 0.12,0.25,0.5,,,,,,,,,,,,,,,,,,,,,,,,,,,,,,,,,,,,
IDR1800026450,gyrA Ala90Val,A,,,,,,,,,0.5,8,4,1.2,0.06,2.5,2,8,4,< 0.12,0.25,0.5,,,,,,,,,,,,,,,,,,,,,,,,,,,,,,,,,,,,
IDR1800026450,,B,,,,,,,,,0.25,16,4,1.2,0.06,2.5,2,8,4,< 0.12,< 0.12,0.5,,,,,,,,,,,,,,,,,,,,,,,,,,,,,,,,,,,,
IDR1800026450,,C,,,,,,,,,0.25,16,0.5,1.2,0.06,2.5,2,8,4,0.25,0.25,0.5,,,,,,,,,,,,,,,,,,,,,,,,,,,,,,,,,,,,
IDR1800028008,rpoB Leu533Pro,A,,,,,,,,,0.25,16,2,0.6,<0.03,2.5,0.25,1,2,1,2,<0.25,,,,,,,,,,,,,,,,,,,,,,,,,,,,,,,,,,,,
IDR1800028008,,B,,,,,,,,,0.5,16,2,0.6,<0.03,2.5,0.25,1,<0.5,1,1,<0.25,,,,,,,,,,,,,,,,,,,,,,,,,,,,,,,,,,,,
IDR1800028008,,C,,,,,,,,,0.25,16,2,0.6,<0.03,2.5,0.25,1,<0.5,1,1,<0.25,,,,,,,,,,,,,,,,,,,,,,,,,,,,,,,,,,,,
IDR1800028092,"rpoB Ser531Leu, katG Ser315Thr, rpsL Lys88Arg, ethA deletion",A,,,,,,,,,0.5,16,8,10,>4,2.5,1,2,1,>16,>16,>32,,,,,,,,,,,,,,,,,,,,,,,,,,,,,,,,,,,,
IDR1800028092,,B,,,,,,,,,0.5,16,16,5,>4,2.5,1,2,2,>16,>16,>32,,,,,,,,,,,,,,,,,,,,,,,,,,,,,,,,,,,,
IDR1800028092,,C,,,,,,,,,0.25,8,8,5,>4,2.5,0.5,1,2,>16,>16,>32,,,,,,,,,,,,,,,,,,,,,,,,,,,,,,,,,,,,
IDR1800030721,rpoB Leu511Pro,A,,,,,,,,,0.25,16,2,2.5,0.06,1.2,0.5,1,2,< 0.12,0.5,<0.25,,,,,,,,,,,,,,,,,,,,,,,,,,,,,,,,,,,,
IDR1800030721,,B,,,,,,,,,0.25,8,2,2.5,0.06,1.2,0.5,1,1,< 0.12,0.25,0.5,,,,,,,,,,,,,,,,,,,,,,,,,,,,,,,,,,,,
IDR1800030721,,C,,,,,,,,,0.25,16,4,2.5,0.06,1.2,0.5,2,1,< 0.12,0.5,<0.25,,,,,,,,,,,,,,,,,,,,,,,,,,,,,,,,,,,,
IDR1800031195,"rpoB Phe174Leu, katG ser315Thr, rpsL Lys43Arg",A,,,,,,,,,0.5,16,2,0.6,4,2.5,0.25,2,1,< 0.12,< 0.12,>32,,,,,,,,,,,,,,,,,,,,,,,,,,,,,,,,,,,,
IDR1800031195,,B,,,,,,,,,0.5,16,2,2.5,>4,2.5,0.12,1,8,< 0.12,0.25,>32,,,,,,,,,,,,,,,,,,,,,,,,,,,,,,,,,,,,
IDR1800031195,,C,,,,,,,,,0.5,16,4,1.2,2,2.5,0.25,2,2,< 0.12,0.25,>32,,,,,,,,,,,,,,,,,,,,,,,,,,,,,,,,,,,,
IDR1800031203,"rpoB Phe174Leu, katG ser315Thr, rpsL Lys43Arg",A,,,,,,,,,0.5,16,4,1.2,>4,2.5,0.12,1,4,< 0.12,0.5,>32,,,,,,,,,,,,,,,,,,,,,,,,,,,,,,,,,,,,
IDR1800031203,,B,,,,,,,,,0.5,16,2,1.2,>4,2.5,0.25,1,1,< 0.12,0.25,>32,,,,,,,,,,,,,,,,,,,,,,,,,,,,,,,,,,,,
IDR1800031203,,C,,,,,,,,,0.5,16,4,1.2,>4,2.5,0.25,1,1,< 0.12,0.25,>32,,,,,,,,,,,,,,,,,,,,,,,,,,,,,,,,,,,,
IDR1800031299,"katG Ser315Gly, embB Arg351Cys",A,,,,,,,,,0.25,8,8,2.5,0.25,2.5,0.5,2,2,0.25,0.5,0.5,,,,,,,,,,,,,,,,,,,,,,,,,,,,,,,,,,,,
IDR1800031299,,B,,,,,,,,,0.25,<=2,8,0.5,0.05,0.5,0.25,2,<0.5,< 0.12,0.5,<0.25,,,,,,,,,,,,,,,,,,,,,,,,,,,,,,,,,,,,
IDR1800031299,,C,,,,,,,,,<=0.12,4,8,1.2,0.12,1.2,0.5,2,<0.5,< 0.12,<=0.12,<0.25,,,,,,,,,,,,,,,,,,,,,,,,,,,,,,,,,,,,
IDR1800031503,"rpoB Ser531Leu, katG SerThr, gyrA Ala90Val, embB Met306Val,",A,,,,,,,,,.25,16,32,20,4,1.2,4,8,<0.5,>16,>16,>32,,,,,,,,,,,,,,,,,,,,,,,,,,,,,,,,,,,,
IDR1800031503,"rpsL Lys43Arg, ethA Ala89Glu",B,,,,,,,,,.25,8,32,2,2,1.2,4,8,<0.5,>16,>16,>32,,,,,,,,,,,,,,,,,,,,,,,,,,,,,,,,,,,,
IDR1800031503,,C,,,,,,,,,<=0.12,8,32,1.2,1,0.6,4,8,<0.5,>16,>16,>32,,,,,,,,,,,,,,,,,,,,,,,,,,,,,,,,,,,,
IDR1800031940,rpoB Gly573Ser,A,,,,,,,,,0.5,16,4,1.2,0.06,2.5,0.5,2,2,< 0.12,< 0.12,0.5,,,,,,,,,,,,,,,,,,,,,,,,,,,,,,,,,,,,
IDR1800031940,,B,,,,,,,,,0.5,16,2,1.2,0.06,2.5,0.5,2,2,< 0.12,0.25,1,,,,,,,,,,,,,,,,,,,,,,,,,,,,,,,,,,,,
IDR1800031940,,C,,,,,,,,,0.5,16,4,1.2,0.06,5,0.5,2,2,< 0.12,< 0.12,0.5,,,,,,,,,,,,,,,,,,,,,,,,,,,,,,,,,,,,
IDR1800033290,rpoB Ile140Thr,A,,,,,,,,,0.5,8,8,0.6,<0.03,1.2.,0.5,2,1,< 0.12,1,0.5,,,,,,,,,,,,,,,,,,,,,,,,,,,,,,,,,,,,
IDR1800033290,,B,,,,,,,,,0.25,8,4,0.6,<0.03,1.2,0.5,1,<=0.5,< 0.12,0.5,<0.25,,,,,,,,,,,,,,,,,,,,,,,,,,,,,,,,,,,,
IDR1800033290,,C,,,,,,,,,0.5,16,8,0.6,0.06,1.2,0.5,1,4,< 0.12,0.5,1,,,,,,,,,,,,,,,,,,,,,,,,,,,,,,,,,,,,
IDR1800033292,"katG Val731Gly, rpsL Lys43Arg",A,,,,,,,,,<=0.12,16,1,0.6,0.12,1.2,0.25,1,<0.5,< 0.12,<=0.12,>32,,,,,,,,,,,,,,,,,,,,,,,,,,,,,,,,,,,,
IDR1800033292,,B,,,,,,,,,0.25,8,1,0.6,0.12,1.2,0.5,1,<0.5,< 0.12,<=0.12,>32,,,,,,,,,,,,,,,,,,,,,,,,,,,,,,,,,,,,
IDR1800033292,,C,,,,,,,,,0.25,16,1,0.6,0.25,1.2,0.5,1,<0.5,< 0.12,<=0.12,>32,,,,,,,,,,,,,,,,,,,,,,,,,,,,,,,,,,,,
IDR1800036078,katG Ser315Thr,,,,,,,,,,0.25,8,2,0.6,4,2.5,0.5,2,<=0.5,<=0.12,<=0.12,0.5,,,,,,,,,,,,,,,,,,,,,,,,,,,,,,,,,,,,
IDR1800036078,,,,,,,,,,,0.25,8,4,0.6,2,2.5,1,2,<=0.5,<=0.12,<=0.12,0.5,,,,,,,,,,,,,,,,,,,,,,,,,,,,,,,,,,,,
IDR1800036078,,,,,,,,,,,0.25,8,2,1.2,2,2.5,0.5,1,<=0.5,<=0.12,<=0.12,0.5,,,,,,,,,,,,,,,,,,,,,,,,,,,,,,,,,,,,
IDR1800036783,"WGS predicts pan-susceptible.  Agar proportion resistant to strep, capreomycin, kanamycin, amikacin",,,,,,,,,,2,32,4,5,0.12,10,0.5,1,4,<=0.12,1,2,,,,,,,,,,,,,,,,,,,,,,,,,,,,,,,,,,,,
IDR1800038180,rpoB Thr744Ser (unknown mutation),A,,,,,,,,,0.5,16,2,2.5,0.06,5,0.25,1,<0.5,<=0.12,0.25,0.5,,,,,,,,,,,,,,,,,,,,,,,,,,,,,,,,,,,,
IDR1800038180,,B,,,,,,,,,0.25,16,2,2.5,<=0.03,2.5,0.25,0.5,<0.5,<=0.12,<=0.12,<=0.25,,,,,,,,,,,,,,,,,,,,,,,,,,,,,,,,,,,,
IDR1800038180,,C,,,,,,,,,0.25,16,2,2.5,0.06,2.5,0.25,1,<0.5,<=0.12,0.25,<=0.25,,,,,,,,,,,,,,,,,,,,,,,,,,,,,,,,,,,,
IDR1800038242,katG inframe insertion of 3 bases,,,,,,,,,,0.25,16,4,2.5,0.06,1.2,0.25,1,<=0.5,<=0.12,0.25,<=0.25,,,,,,,,,,,,,,,,,,,,,,,,,,,,,,,,,,,,
IDR1800038928,rpoB His526Tyr,,,,,,,,,,0.25,16,1,0.6,<=0.03,2.5,0.25,0.5,<=0.5,>16,>16,<=0.25,,,,,,,,,,,,,,,,,,,,,,,,,,,,,,,,,,,,
IDR1800041416,"rpoB Ser531Leu, katG Ser315Thr, embB Gly406Cys",,,,,,,,,,0.25,8,16,1.2,>4,1.2,0.5,1,<=0.5,8,>16,1,,,,,,,,,,,,,,,,,,,,,,,,,,,,,,,,,,,,
IDR1800044268,unknown mutation rpoB Ala943Thr,A,,,,,,,,,0.25,16,2,1.2,0.06,1.2,0.5,1,<0.5,<=0.12,<=0.12,<=0.25,,,,,,,,,,,,,,,,,,,,,,,,,,,,,,,,,,,,
IDR1800044268,,B,,,,,,,,,0.25,16,1,1.2,0.06,1.2,0.25,1,<0.5,<=0.12,<=0.12,<=0.25,,,,,,,,,,,,,,,,,,,,,,,,,,,,,,,,,,,,
IDR1800044268,,C,,,,,,,,,0.25,16,1,1.2,0.06,1.2,0.25,1,<0.5,<=0.12,<=0.12,<=0.25,,,,,,,,,,,,,,,,,,,,,,,,,,,,,,,,,,,,
IDR1800044741,gyrB Lys526Gln,,,,,,,,,,0.25,16,2,1.2,4,2.5,0.5,1,2,<=0.12,1,0.5,,,,,,,,,,,,,,,,,,,,,,,,,,,,,,,,,,,,
IDR1800044745,"rpoB Leu459Arg, katG Ser315Thr, gyrB Lys526Gln (unknown)",,,,,,,,,,0.5,16,2,2.5,>4,2.5,0.25,0.5,4,0.25,>16,0.5,,,,,,,,,,,,,,,,,,,,,,,,,,,,,,,,,,,,
IDR1800044746,"rpoB Leu511Pro, rpoB Leu459Arg, katG Ser315Thr, gyrB Lys526Gln (unknown)",,,,,,,,,,0.5,16,2,2.5,>4,2.5,0.25,1,4,0.5,16,1,,,,,,,,,,,,,,,,,,,,,,,,,,,,,,,,,,,,
IDR1800044747,gyrB Lys526Gln,,,,,,,,,,0.5,16,4,1.2,4,2.5,0.5,1,2,0.25,0.5,0.5,,,,,,,,,,,,,,,,,,,,,,,,,,,,,,,,,,,,
IDR1800044748,gyrB Lys526Gln,,,,,,,,,,0.25,16,4,1.2,>4,2.5,2,1,2,2,>16,0.5,,,,,,,,,,,,,,,,,,,,,,,,,,,,,,,,,,,,
IDR1800045366,"unknown: embB Phe285Leu, embBGly836Arg, ethA Asn345Lys",,,,,,,,,,0.25,8,2,2.5,0.06,1.2,0.5,2,2,0.25,0.5,1,,,,,,,,,,,,,,,,,,,,,,,,,,,,,,,,,,,,
IDR1800045536,unknown mutation rpoB Lys37Asn,A,,,,,,,,,0.25,8,1,0.6,0.06,1.2,0.5,1,<0.5,<=0.12,<=0.12,<=0.25,,,,,,,,,,,,,,,,,,,,,,,,,,,,,,,,,,,,
IDR1800045536,,B,,,,,,,,,<=0.12,8,1,0.6,0.06,1.2,0.25,1,<0.5,<=0.12,<=0.12,<=0.25,,,,,,,,,,,,,,,,,,,,,,,,,,,,,,,,,,,,
IDR1800045536,,C,,,,,,,,,0.25,8,1,0.6,<0.03,1.2,0.5,1,<0.5,<=0.12,<=0.12,<=0.25,,,,,,,,,,,,,,,,,,,,,,,,,,,,,,,,,,,,
IDR1800047253,pan-susceptible,A,,,,,,,,,0.25,16,2,1.2,0.06,1.2,0.5,1,1,<=0.12,0.25,<=0.25,,,,,,,,,,,,,,,,,,,,,,,,,,,,,,,,,,,,
IDR1800047253,,B,,,,,,,,,0.25,16,2,1.2,0.06,1.2,0.5,1,2,<=0.12,<=0.12,<=0.25,,,,,,,,,,,,,,,,,,,,,,,,,,,,,,,,,,,,
IDR1800047253,,C,,,,,,,,,0.25,16,2,1.2,<0.03,1.2,0.5,1,<0.5,<=0.12,<=0.12,<=0.25,,,,,,,,,,,,,,,,,,,,,,,,,,,,,,,,,,,,
IDR1800047562,"rpoB Arg528Arg (silent mutation), mabA Leu203Leu",,,,,,,,,,0.5,16,1,5,0.25,2.5,0.5,1,<=0.5,<=0.12,1,0.5,,,,,,,,,,,,,,,,,,,,,,,,,,,,,,,,,,,,
IDR1800047562,repeating to see how rifampin comes out on repeat,,,,,,,,,,0.5,16,2,5,0.25,2.5,0.5,1,<=0.5,<=0.12,0.25,0.5,,,,,,,,,,,,,,,,,,,,,,,,,,,,,,,,,,,,
IDR1800047966,Unknown embB Ile709Thr,,,,,,,,,,0.25,16,2,1.2,<0.03,2.5,0.5,1.0,<0.5,<=0.12,0.25,<=0.25,,,,,,,,,,,,,,,,,,,,,,,,,,,,,,,,,,,,
IDR1800048680,"gyrA more than one subpopulation, each carrying a different mutation at codon 94",,,,,,,,,,1,32,2,2.5,0.06,5,>8,32,2,<=0.12,0.5,1,,,,,,,,,,,,,,,,,,,,,,,,,,,,,,,,,,,,
IDR1800049308,"gidB Val88Ala, rpoB Ser531Leu, katG Ser315Thr, embB Met306Val, ethA Trp289stop",,,,,,,,,,0.12,16,8,1.2,4,1.2,0.25,2,<=0.5,4,>16,0.5,,,,,,,,,,,,,,,,,,,,,,,,,,,,,,,,,,,,
IDR1800049786,"katG Thr344Pro, unknown",,,,,,,,,,0.25,16,4,1.2,>5,5,0.5,1,2,0.5,<=0.12,0.5,,,,,,,,,,,,,,,,,,,,,,,,,,,,,,,,,,,,
IDR1800049944,"rpoB Ser531Leu, katB ser315Thr, gyrA Ala90Val, unknown gidB Gly222Arg, embB Met306Ile",,,,,,,,,,0.25,4,2,0.6,1,1.2,4,8,<=0.5,0.5,>16,0.5,,,,,,,,,,,,,,,,,,,,,,,,,,,,,,,,,,,,
IDR1800051328,Unknown INH:  A(-87)G oxyR-ahpC promoter region,,,,,,,,,,0.25,16,1,1.2,<0.03,1.2,0.5,1,<=0.5,<=0.12,<=0.12,0.5,,,,,,,,,,,,,,,,,,,,,,,,,,,,,,,,,,,,
IDR1800051328,,,,,,,,,,,0.25,16,1,2.5,<0.03,2.5,0.12,1,<=0.5,<=0.12,<=0.12,0.5,,,,,,,,,,,,,,,,,,,,,,,,,,,,,,,,,,,,
IDR1800051328,,,,,,,,,,,0.25,32,1,5,<0.03,2.5,0.12,1,<=0.5,<=0.12,<=0.12,0.5,,,,,,,,,,,,,,,,,,,,,,,,,,,,,,,,,,,,
IDR1800051593,unknown embB Gly65Ser,,,,,,,,,,0.5,32,8,5,0.12,5,0.5,1,1,<=0.12,1,2,,,,,,,,,,,,,,,,,,,,,,,,,,,,,,,,,,,,
IDR1800051995,Unknown embB Ala201Glu,,,,,,,,,,0.25,16,1,1.2,0.06,1.2,0.25,0.5,1,0.25,<=0.12,<=0.25,,,,,,,,,,,,,,,,,,,,,,,,,,,,,,,,,,,,
IDR1800052536,"rpoB Ser531Leu, katG Ser315Thr, embB Met306Val, rpsL Lys43Arg, gyrA Asp94Gly, ethA: deletion",,,,,,,,,,0.25,16,8,2.5,4,1.2,8,16,1,16,>16,32,,,,,,,,,,,,,,,,,,,,,,,,,,,,,,,,,,,,
IDR1800052540,katG Ala109Thr unknown,,,,,,,,,,0.5,16,2,1.2,4,2.5,0.25,1,4,<=0.12,0.25,0.5,,,,,,,,,,,,,,,,,,,,,,,,,,,,,,,,,,,,
IDR1800053034,gyrB Lys526Gln,,,,,,,,,,1,32,2,2.5,0.5,5,4,>32,4,<=0.12,0.25,0.5,,,,,,,,,,,,,,,,,,,,,,,,,,,,,,,,,,,,
IDR1800053037,,,,,,,,,,,1,16,2,0.6,0.25,5,1,4,4,0.25,<=0.12,8,,,,,,,,,,,,,,,,,,,,,,,,,,,,,,,,,,,,
IDR1800055080,"rpoB Ser531Leu, katBSer315Thr, embB embA promoter region C(-12)T, rpsL Lys43Arg, gyrA Asp94Gly, ethA Ala89Glu",,,,,,,,,,0.5,16,32,2.5,4,1.2,>8,10,<=0.5,>16,>16,>32,,,,,,,,,,,,,,,,,,,,,,,,,,,,,,,,,,,,
IDR1900000423,rpoB His533Arg (unknown),,,,,,,,,,0.5,16,2,0.6,<=0.03,5,1,2,1,<=0.12,0.25,1,,,,,,,,,,,,,,,,,,,,,,,,,,,,,,,,,,,,
IDR1900004208,embB Ala379Val (unknown),,,,,,,,,,0.5,16,2,1.2,0.06,10,0.5,2,1,<=0.12,0.25,1,,,,,,,,,,,,,,,,,,,,,,,,,,,,,,,,,,,,
IDR1900005788,,,,,,,,,,,1,16,1,1.2,4,5,0.5,1,1,>16,>16,1,,,,,,,,,,,,,,,,,,,,,,,,,,,,,,,,,,,,
IDR1900007384,"rpoB Ser531Leu, katG Ser315Leu, embB met306Val, gyrA Ala90Val",,,,,,,,,,0.25,16,32,2.5,4,2.5,4,16,16,16,>16,1,,,,,,,,,,,,,,,,,,,,,,,,,,,,,,,,,,,,
IDR1900007403,"rpoB Ser531Leu, katG Ser315Thr, embB Met306Val, gyrA Asp94Gly, ethA Tyr461STOP",,,,,,,,,,0.5,32,16,40,4,1.2,8,32,4,16,>16,2,,,,,,,,,,,,,,,,,,,,,,,,,,,,,,,,,,,,
IDR1900007730,gyrA Ala90Val,,,,,,,,,,0.25,32,1,2.5,0.12,2.5,8,16,1,<=0.12,<=0.12,0.5,,,,,,,,,,,,,,,,,,,,,,,,,,,,,,,,,,,,
IDR1900007737,embB Met306Val,,,,,,,,,,0.5,16,16,1.2,0.06,1.2,1,4,2,0.25,0.25,0.5,,,,,,,,,,,,,,,,,,,,,,,,,,,,,,,,,,,,
IDR1900007805,"rpoB Leu511Pro, katG Ser315Thr, embB Met306Ile",,,,,,,,,,0.5,16,2,1.2,>4,2.5,0.5,1,4,0.5,1,1,,,,,,,,,,,,,,,,,,,,,,,,,,,,,,,,,,,,
IDR1900007806,"rpoB Leu511Pro, katG Ser315Thr",,,,,,,,,,0.25,16,2,5,4,2.5,0.5,1,1,<=0.12,0.5,2,,,,,,,,,,,,,,,,,,,,,,,,,,,,,,,,,,,,
IDR1900007807,"rpoB Leu511Pro, katG Ser315Thr",,,,,,,,,,0.25,16,2,1.2,4,2.5,1,1,1,0.5,>16,2,,,,,,,,,,,,,,,,,,,,,,,,,,,,,,,,,,,,
IDR1900007808,"rpoB Leu511Pro, rpoB Asp516Gly, katG Ser315Thr, embC-embA promoter C(-12)T",,,,,,,,,,0.5,8,4,0.6,2,1.2,1,4,<=0.5,2,>16,2,,,,,,,,,,,,,,,,,,,,,,,,,,,,,,,,,,,,
IDR1900007809,"rpoB Leu511Pro, katG Ser315Thr",,,,,,,,,,0.5,8,2,1.2,2,0.2,0.5,2,1,<=0.12,0.5,2,,,,,,,,,,,,,,,,,,,,,,,,,,,,,,,,,,,,
IDR1900007810,"rpoB Leu511Pro, mabA-inhA promoter C(-15)T",,,,,,,,,,0.25,16,4,10,0.25,2.5,0.25,1,2,<=0.12,1,0.5,,,,,,,,,,,,,,,,,,,,,,,,,,,,,,,,,,,,
IDR1900007811,"rpoB Leu511Pro, katG SEr315thr",,,,,,,,,,0.25,16,4,1.2,>4,2.5,0.5,1,2,0.25,1,<=0.25,,,,,,,,,,,,,,,,,,,,,,,,,,,,,,,,,,,,
IDR1900007812,"rpoB Leu511Pro, rpoB Asp516Gly, katG Ser315Thr, embB Gly406Asp, embC-embA promoter C(-12)T",,,,,,,,,,0.5,8,4,0.6,4,2.5,0.5,4,<=0.5,4,>16,2,,,,,,,,,,,,,,,,,,,,,,,,,,,,,,,,,,,,
IDR1900007813,"rpoB Leu511Pro, katG Ser315Thr, embB Gly406Ser",,,,,,,,,,0.5,16,8,0.6,4,1.2,0.5,2,1,4,>16,4,,,,,,,,,,,,,,,,,,,,,,,,,,,,,,,,,,,,
IDR1900007814,"rpoB Leu511Pro, katG Ser315Thr, embB Met306Ile",,,,,,,,,,1,16,4,1.2,4,2.5,0.5,2,2,<=0.12,1,0.5,,,,,,,,,,,,,,,,,,,,,,,,,,,,,,,,,,,,
IDR1900007815,"rpoB Leu430Pro, katG Ser315Thr ",,,,,,,,,,0.5,16,4,1.2,4,2.5,0.5,1,<=0.5,4,>16,4,,,,,,,,,,,,,,,,,,,,,,,,,,,,,,,,,,,,
IDR1900007816,"rpoB Leu430Pro, katG Ser315Thr ",,,,,,,,,,0.5,8,4,0.6,4,1.2,0.5,1,1,4,>16,2,,,,,,,,,,,,,,,,,,,,,,,,,,,,,,,,,,,,
IDR1900007817,"rpoB Leu511Pro, katG Ser315Thr",,,,,,,,,,0.5,8,2,1.2,4,2.5,0.5,1,1,<=0.12,1,2,,,,,,,,,,,,,,,,,,,,,,,,,,,,,,,,,,,,
IDR1900007818,"rpoB Leu430Pro, katG Ser315Thr ",,,,,,,,,,0.5,8,4,0.6,4,2.5,0.5,1,1,4,>16,4,,,,,,,,,,,,,,,,,,,,,,,,,,,,,,,,,,,,
IDR1900007819,"rpoB Leu430Pro, mabA-inhA promoter",,,,,,,,,,0.25,8,1,20,0.5,1.2,0.25,1,<=0.5,<=0.12,<=0.12,<=0.25,,,,,,,,,,,,,,,,,,,,,,,,,,,,,,,,,,,,
IDR1900007820,"rpoB Leu430Pro, katG Ser315Thr, embB Gly406Asp",,,,,,,,,,0.5,16,8,1.2,4,2.5,0.5,2,2,2,>16,2,,,,,,,,,,,,,,,,,,,,,,,,,,,,,,,,,,,,
IDR1900007821,"rpoB Leu430Pro, katG Ser315Thr",,,,,,,,,,0.5,16,4,5,>4,5,0.5,1,1,0.25,1,0.5,,,,,,,,,,,,,,,,,,,,,,,,,,,,,,,,,,,,
IDR1900007822,"rpoB Leu430Pro, katG Ser315Thr, embB Ser347Ile (Unknown)",,,,,,,,,,0.5,16,8,1.2,4,2.5,0.5,2,4,4,>16,4,,,,,,,,,,,,,,,,,,,,,,,,,,,,,,,,,,,,
IDR1900007823,"rpoB Leu430Pro, katG Ser315Thr, embB Gln497Arg ",,,,,,,,,,1,16,8,1.2,2,2.5,0.5,2,2,0.5,8,2,,,,,,,,,,,,,,,,,,,,,,,,,,,,,,,,,,,,
IDR1900007824,"rpoB Leu430Pro, katG Ser315Thr ",,,,,,,,,,0.25,8,2,1.2,>4,1.2,0.5,1,<=0.5,0.5,>16,2,,,,,,,,,,,,,,,,,,,,,,,,,,,,,,,,,,,,
IDR1900007825,"rpoB Leu430Pro, katG Ser315Thr, embB Met306Val",,,,,,,,,,0.25,8,16,1.2,2,1.2,0.5,1,<=0.5,<=0.12,4,1,,,,,,,,,,,,,,,,,,,,,,,,,,,,,,,,,,,,
IDR1900007826,rpoB Leu430Pro,,,,,,,,,,0.25,16,1,1.2,0.06,2.5,0.25,1,<=0.5,<=0.12,0.25,<=0.25,,,,,,,,,,,,,,,,,,,,,,,,,,,,,,,,,,,,
IDR1900007827,"rpoB Leu430Pro, katG Ser315Thr",,,,,,,,,,1,16,4,1.2,>4,2.5,0.5,2,2,4,>16,2,,,,,,,,,,,,,,,,,,,,,,,,,,,,,,,,,,,,
IDR1900007829,"rpoB Leu430Pro, katG Ser315Thr",,,,,,,,,,1,16,4,1.2,2,5,0.5,2,32,1,8,4,,,,,,,,,,,,,,,,,,,,,,,,,,,,,,,,,,,,
IDR1900009498,"rpoB Leu511Pro, katG Ser315Thr",,,,,,,,,,0.5,8,2,2.5,4,2.5,0.5,1,4,0.5,16,0.5,,,,,,,,,,,,,,,,,,,,,,,,,,,,,,,,,,,,
IDR1900010785,embB Asp354Ala,,,,,,,,,,>16,16,8,>40,1,>40,0.25,1,2,16,>16,>32,,,,,,,,,,,,,,,,,,,,,,,,,,,,,,,,,,,,
IDR1900011778,ethA Ala20Asp,,,,,,,,,,1,16,8,5,4,2.5,4,4,4,16,>16,>32,,,,,,,,,,,,,,,,,,,,,,,,,,,,,,,,,,,,
IDR1900011934,rpoB Glu639Gly unknown,,,,,,,,,,0.5,16,2,1.2,0.06,2.5,0.5,2,<=0.5,<=0.12,<=0.12,0.5,,,,,,,,,,,,,,,,,,,,,,,,,,,,,,,,,,,,
IDR1900012029,"rpoB Ser531Leu, katG Ser315Thr, pncA Leu182Ser, embB Met306Val, embC-EmbA promoter C(-12)T, rpsL Lys43Arg, gyrA Asp94Gly, ethA ala89Glu (unknown)",,,,,,,,,,0.5,8,32,2.5,>4,1.2,>8,32,8,>16,>16,>32,,,,,,,,,,,,,,,,,,,,,,,,,,,,,,,,,,,,
IDR1900012037,rpoB His526Leu,,,,,,,,,,0.5,8,1,0.6,<=0.03,5,0.5,2,1,1,8,0.5,,,,,,,,,,,,,,,,,,,,,,,,,,,,,,,,,,,,
IDR1900012394,rpoB Val359Ala unknown,,,,,,,,,,0.25,16,2,1.2,0.12,2.5,0.12,1,8,<=0.12,0.25,<=0.25,,,,,,,,,,,,,,,,,,,,,,,,,,,,,,,,,,,,
IDR1900013242,KatG Asp94Asn gyrA Asp94Gly,,,,,,,,,,0.25,16,2,0.6,0.12,1.2,8,32,2,<=0.12,0.25,>32,,,,,,,,,,,,,,,,,,,,,,,,,,,,,,,,,,,,
IDR1900013248,"katG Ser315Thr, gyrA Asp94Asn",,,,,,,,,,0.5,16,1,1.2,2,2.5,>8,>32,<=0.5,<=0.12,0.25,4,,,,,,,,,,,,,,,,,,,,,,,,,,,,,,,,,,,,
IDR1900013249,"rpsL Lys43Arg, rrs1400 A(1400)G, gyrA Ala90Val, ethA deletion",,,,,,,,,,>16,16,8,5,0.06,>40,2,8,>64,<=0.12,0.25,>32,,,,,,,,,,,,,,,,,,,,,,,,,,,,,,,,,,,,
IDR1900013251,"katG Ser315Thr, rpsL Lys88Arg, gyrA Asp94Cys (unknown mutation)",,,,,,,,,,1,16,1,0.6,2,2.5,8,32,4,<=0.12,0.25,32,,,,,,,,,,,,,,,,,,,,,,,,,,,,,,,,,,,,
IDR1900013252,"katG Failed, gyrA Asp94Ser (unknown mutation)",,,,,,,,,,0.5,32,2,2.5,0.06,2.5,>8,>32,1,<=0.12,1,1,,,,,,,,,,,,,,,,,,,,,,,,,,,,,,,,,,,,
IDR1900014954,mabA C-(-15)T,,,,,,,,,,1,4,4,5,0.25,5,1,2,8,0.25,0.25,1,,,,,,,,,,,,,,,,,,,,,,,,,,,,,,,,,,,,
IDR1900015195,"embB Tyr977His, unknown mutation",,,,,,,,,,0.5,16,2,0.6,<=0.03,5,0.5,2,1,<=0.12,0.25,1,,,,,,,,,,,,,,,,,,,,,,,,,,,,,,,,,,,,
IDR1900016127,rpoB Gly890Asp,,,,,,,,,,0.5,2,1,0.6,0.06,2.5,0.5,1,<=0.5,<=0.12,<=0.12,0.5,,,,,,,,,,,,,,,,,,,,,,,,,,,,,,,,,,,,
IDR1900016941,rpoB Asp545Glu unknown,,,,,,,,,,0.5,16,2,0.6,0.06,5,0.5,1,1,<=0.12,<=0.12,<=0.25,,,,,,,,,,,,,,,,,,,,,,,,,,,,,,,,,,,,
IDR1900016945,embB Gly100Ser unknown,,,,,,,,,,0.25,16,1,2.5,0.06,2.5,0.5,1,1,<=0.12,0.25,0.5,,,,,,,,,,,,,,,,,,,,,,,,,,,,,,,,,,,,
IDR1900017540,"katG Gly121Asp, unknown, ethA Gly93Arg unknown",,,,,,,,,,0.25,16,2,1.2,0.5,1.2,0.5,1,1,<=0.12,<=0.12,<=0.25,,,,,,,,,,,,,,,,,,,,,,,,,,,,,,,,,,,,
IDR1900017541,rpoB Phe208Leu unknown,,,,,,,,,,0.5,16,4,0.6,0.06,5,0.5,2,4,<=0.12,<=0.12,<=0.25,,,,,,,,,,,,,,,,,,,,,,,,,,,,,,,,,,,,
IDR1900018708,embB Thr31Ala unknown,,,,,,,,,,0.5,16,2,1.2,0.25,2.5,0.25,1,1,0.25,0.25,1,,,,,,,,,,,,,,,,,,,,,,,,,,,,,,,,,,,,
IDR1900019066,embB gln139His,,,,,,,,,,<=0.12,16,1,0.6,<=0.03,0.6,0.12,1,<=0.5,<=0.12,<=0.12,<=0.25,,,,,,,,,,,,,,,,,,,,,,,,,,,,,,,,,,,,
IDR1900020626,inhA Gly76Asp (unknown),,,,,,,,,,0.25,32,1,1.2,0.06,2.5,0.5,1,<=0.5,<=0.12,<=0.12,0.5,,,,,,,,,,,,,,,,,,,,,,,,,,,,,,,,,,,,
IDR1900021224,embB Asn807Asp (unknown),,,,,,,,,,<=0.12,8,0.5,1.2,<=0.03,0.6,0.12,1,<=0.5,<=0.12,<=0.12,<=0.25,,,,,,,,,,,,,,,,,,,,,,,,,,,,,,,,,,,,
IDR1900021375,"katG Ser315Thr, rpsL Lys43Arg",,,,,,,,,,0.25,8,1,2.5,2,2.5,0.5,2,1,<=0.12,<=0.12,>32,,,,,,,,,,,,,,,,,,,,,,,,,,,,,,,,,,,,
IDR1900021411,rpoB Ser239Arg (unknown),,,,,,,,,,0.5,16,4,1.2,0.06,5,0.25,1,<=0.5,<=0.12,<=0.12,<=0.25,,,,,,,,,,,,,,,,,,,,,,,,,,,,,,,,,,,,
IDR1900022511,embB Asp191Tyr (unknown),,,,,,,,,,0.25,<=2,2,1.2,0.12,2.5,0.5,2,<=0.5,<=0.12,0.25,<=0.25,,,,,,,,,,,,,,,,,,,,,,,,,,,,,,,,,,,,
IDR1900022516,katG Gly125Ser (unknown),,,,,,,,,,0.5,16,2,1.2,0.12,5,0.5,1,2,<=0.12,<=0.12,0.5,,,,,,,,,,,,,,,,,,,,,,,,,,,,,,,,,,,,
IDR1900022788,"rpoB ser531Leu, katG Ser315Thr, embB Met306Ile, rpsL Lys43Arg, gyrA Asp94Ala",,,,,,,,,,1,16,16,1.2,4,2.5,4,16,64,16,>16,>32,,,,,,,,,,,,,,,,,,,,,,,,,,,,,,,,,,,,
IDR1900023886,rpoB His526Asp,,,,,,,,,,0.5,8,1,0.6,<=0.03,2.5,1,2,4,>16,>16,<=0.25,,,,,,,,,,,,,,,,,,,,,,,,,,,,,,,,,,,,
IDR1900024113,"katG Pro672Ser, embB Gly246Arg",,,,,,,,,,5,16,2,2.5,0.06,2.5,1,1,<=0.5,<=0.12,0.25,<=0.25,,,,,,,,,,,,,,,,,,,,,,,,,,,,,,,,,,,,
IDR1900024117,embB Val283Met (unknown),,,,,,,,,,0.5,16,2,2.5,0.06,2.5,0.5,2,4,<=0.12,0.5,<=0.25,,,,,,,,,,,,,,,,,,,,,,,,,,,,,,,,,,,,
IDR1900025325,embB Gly246Arg,,,,,,,,,,0.5,32,2,2.5,0.06,5,0.5,2,4,<=0.12,<=0.12,0.5,,,,,,,,,,,,,,,,,,,,,,,,,,,,,,,,,,,,
IDR1900025328,katG Asp511Asn,,,,,,,,,,0.5,16,2,1.2,0.06,2.5,0.25,2,1,<=0.12,0.25,<=0.25,,,,,,,,,,,,,,,,,,,,,,,,,,,,,,,,,,,,
IDR1900025332,"katG Trp191Gly (unknown), rrs A(513)C",,,,,,,,,,2,32,4,0.6,0.25,5,0.5,1,64,<=0.12,0.25,32,,,,,,,,,,,,,,,,,,,,,,,,,,,,,,,,,,,,
IDR1900026201 ,"rpoB Leu511Pro, katG Ser315Thr, rrs A(513)C, rrs1400 A(1400)G",,WGS performed on IDR1900029234,,,,,,,,>16,16,2,0.6,4,>40,1,2,1,0.25,0.25,8,,,,,,,,,,,,,,,,,,,,,,,,,,,,,,,,,,,,
IDR1900026690,"NO MUTATIONS BY WGS, INH RESISTANT BY SIRE",,,,,,,,,,0.25,16,2,>40,1,1.2,1,2,>64,<=0.12,1,1,,,,,,,,,,,,,,,,,,,,,,,,,,,,,,,,,,,,
IDR1900031541,rpoB Leu511Pro,,,,,,,,,,0.25,16,1,2.5,0.06,1.2,0.5,1,<=0.5,<=0.12,0.5,<=0.25,,,,,,,,,,,,,,,,,,,,,,,,,,,,,,,,,,,,
IDR1900031552,"rpoB Ser531Leu, katG ser315Thr, embBGln497Arg",,,,,,,,,,0.25,16,8,1.2,0.4,1.2,0.12,1,2,4,4,0.5,,,,,,,,,,,,,,,,,,,,,,,,,,,,,,,,,,,,
IDR1900036958,"katG Thr475Ile (unknown(, oxy-R-ahpC promoter T(-77)A (unknown), gyrA Asp94Gly",,,,,,,,,,0.5,16,1,1.2,0.25,2.5,4,32,2,<=0.12,0.5,0.5,,,,,,,,,,,,,,,,,,,,,,,,,,,,,,,,,,,,
IDR1900040953,rpoB His526Tyr,,,,,,,,,,0.25,16,2,0.6,<=0.03,5,1,1,<=0.5,16,>16,<=0.25,,,,,,,,,,,,,,,,,,,,,,,,,,,,,,,,,,,,
IDR1900042441,WGS no mutations; SIRE resistant to INH 0.1 and 0.4,,,,,,,,,,0.5,8,1,0.6,1,1.2,0.5,2,2,<=0.12,<=0.12,0.5,,,,,,,,,,,,,,,,,,,,,,,,,,,,,,,,,,,,
IDR1900042928,"rpoB Ser531Leu, katG Ser315Thr, embB Asp354Ala, rrs512,513,516,906 - c(516)T",,,,,,,,,,0.5,8,8,1.2,2,5,0.25,1,<=0.5,4,>16,1,,,,,,,,,,,,,,,,,,,,,,,,,,,,,,,,,,,,
IDR1900043284,"CDC PTF, pncA Ala170Val",,,,,,,,,,0.25,8,4,1.2,<=0.03,2.5,1,4,1,<=0.12,0.5,<=0.25,,,,,,,,,,,,,,,,,,,,,,,,,,,,,,,,,,,,
IDR1900043323,"CDC PTG, pncA His82Asp",,,,,,,,,,0.5,16,2,1.2,<=0.03,2.5,0.5,1,<=0.5,<=0.12,<=0.12,0.5,,,,,,,,,,,,,,,,,,,,,,,,,,,,,,,,,,,,
IDR1900043324,"CDC PT H, rpoB His526Tyr",,,,,,,,,,0.25,16,1,1.2,<=0.03,1.2,0.12,1,<=0.5,1,>16,<=0.25,,,,,,,,,,,,,,,,,,,,,,,,,,,,,,,,,,,,
IDR1900043328,"CDC PTJ, pncA His57Asp,  agar proportion resistant to ethionamide",,,,,,,,,,<=0.12,32,2,2.5,0.12,<=0.6,0.12,0.5,1,<=0.12,<=0.12,<=0.25,,,,,,,,,,,,,,,,,,,,,,,,,,,,,,,,,,,,
IDR1900043326,"CDC PT I, pncA Glu37Val",,,,,,,,,,0.5,32,1,5,0.06,1.2,0.25,0.5,<=0.5,0.25,0.25,0.5,,,,,,,,,,,,,,,,,,,,,,,,,,,,,,,,,,,,
IDR1900043370,rpoB His526Tyr,,,,,,,,,,0.25,16,1,0.6,<=0.03,2.5,0.25,1,<=0.5,>16,>16,=0.25,,,,,,,,,,,,,,,,,,,,,,,,,,,,,,,,,,,,
IDR1900045553,"WGS no mutations; SIRE resistant to INH 0.1, susceptible to INH 0.4",,,,,,,,,,0.25,8,4,2.5,0.12,1.2,0.5,4,4,<=0.12,0.25,1,,,,,,,,,,,,,,,,,,,,,,,,,,,,,,,,,,,,
IDR1900045557,"rpoB His426Asp, KatG Ser315Asn, rrs A(513)C, gyrA Asp94Gly, ethA deletion",,,,,,,,,,0.25,16,8,10,>4,1.2,>8,32,1,4,>16,8,,,,,,,,,,,,,,,,,,,,,,,,,,,,,,,,,,,,
IDR1900045557,"rpoB His526Asp, katG ser315Asn, rrs A(513)C, gyrA Asp94Gly, ethA deletion",,,,,,,,,,0.25,16,8,10,>4,1.2,>8,32,1,4,>16,8,,,,,,,,,,,,,,,,,,,,,,,,,,,,,,,,,,,,
IDR1900047618,"inhA Ser94Ala, mabA-inhA promoter region G(-17)T",,,,,,,,,,0.25,8,2,>40,0.5,1.2,0.5,2,1,<=0.12,1,0.5,,,,,,,,,,,,,,,,,,,,,,,,,,,,,,,,,,,,
IDR1900047618,"inhA Ser94Ala, mabA-inhA promoter region G(-17)T",,,,,,,,,,0.25,8,2,>40,0.5,1.2,0.5,2,1,<=0.12,1,0.5,,,,,,,,,,,,,,,,,,,,,,,,,,,,,,,,,,,,
,,,,,,,,,,,AMI,CYC,EMB,ETH,INH,KAN,MOX,OFL,PAS,RFB,RIF,STR,,,,,,,,,,,,,,,,,,,,,,,,,,,,,,,,,,,,
IDR1900048051,embB Val292Phe unknown,,,,,,,,,,0.25,16,2,1.2,0.06,1.2,0.25,0.5,<=0.5,<=0.12,<=0.12,<=0.25,,,,,,,,,,,,,,,,,,,,,,,,,,,,,,,,,,,,
IDR1900048051,,,,,,,,,,,0.25,16,2,1.2,0.12,2.5,0.25,1.0,2,<=0.12,<=0.12,<=0.25,,,,,,,,,,,,,,,,,,,,,,,,,,,,,,,,,,,,
IDR1900051731,"rpoB Ser531Leu, katG Ser315Thr, embB Asp354Ala unknown, rrs C(516)Tm eis promoter G(-37)T",,,,,,,,,,1,16,4,1.2,2,10,0.5,1,<=0.5,>16,>16,4,,,,,,,,,,,,,,,,,,,,,,,,,,,,,,,,,,,,
IDR1900051731,"rpoB Ser531Leu, katG Ser315Thr, embB Asp354Ala unknown, rrs C(516)T, eis promoter G(-37)T",,,,,,,,,,1,16,4,1.2,2,10,0.5,1,0.5,>16,>16,4,,,,,,,,,,,,,,,,,,,,,,,,,,,,,,,,,,,,
IDR1900051733,"WGS no mutations; SIRE resistant to INH 0.1, susceptible to INH 0.4",,,,,,,,,,0.25,8,2,5,0.25,2.5,0.5,2,1,<=0.12,<=0.12,2,,,,,,,,,,,,,,,,,,,,,,,,,,,,,,,,,,,,
IDR1900052686,"katG Ser315Thr, inhA Thr51Ala unknown  Agar proportion ETA resistant (3%)",,,,,,,,,,0.5,32,2,1.2,>4,2.5,0.5,2,<=0.5,0.25,0.25,4,,,,,,,,,,,,,,,,,,,,,,,,,,,,,,,,,,,,
IDR1900054560,"katG Arg595Gln unknown, gyrA Asp94His",,,,,,,,,,0.5,16,1,2.5,0.12,1.2,2,8,<=0.5,<=0.12,0.25,0.5,,,,,,,,,,,,,,,,,,,,,,,,,,,,,,,,,,,,
IDR1900063330,gyrB Asp461Asn,,,,,,,,,,0.25,32,2,2.5,0.06,2.5,1,8,<=0.5,<=0.12,0.25,0.5,,,,,,,,,,,,,,,,,,,,,,,,,,,,,,,,,,,,
IDR2000007236,rpoB Glu266Ala,A,,,,,,,,,0.5,32,2,2.5,0.06,5,0.5,1,,<=0.12,0.5,0.5,,,,,,,,,,,,,,,,,,,,,,,,,,,,,,,,,,,,
IDR2000007236,,B,,,,,,,,,0.5,32,1,2.5,0.5,5,1,2,2,<=0.12,0.25,0.5,,,,,,,,,,,,,,,,,,,,,,,,,,,,,,,,,,,,
IDR2000007236,,C,,,,,,,,,0.5,32,2,2.5,0.5,5,0.5,1,4,<=0.12,0.25,0.5,,,,,,,,,,,,,,,,,,,,,,,,,,,,,,,,,,,,
IDR2000009671,"rpoB Ser531Leu, Streptomycin rdistant in SIRE (1ug/ml) but susceptible in 2nd lines (CDC 2020 PT A)",,,,,,,,,,0.5,16,2,1.2,<=0.03,2.5,0.5,2,1,>16,>16,2,,,,,,,,,,,,,,,,,,,,,,,,,,,,,,,,,,,,
IDR2000009672,"katG Ser315Thr, embB Met306Ile  (CDC 2020 PT B)",,,,,,,,,,0.5,16,4,1.2,>4,2.5,0.25,2,2,<=0.12,0.5,1,,,,,,,,,,,,,,,,,,,,,,,,,,,,,,,,,,,,
IDR2000009673,rpoB Leu430Val unknown  (CDC 2020 PT C),,,,,,,,,,0.25,16,2,1.2,0.06,2.5,0.5,1,<=0.5,<=0.12,0.25,<=0.25,,,,,,,,,,,,,,,,,,,,,,,,,,,,,,,,,,,,
IDR2000009674,"rpoB val251Phe, pncA Thr135Ala  (CDC 2020 PT D)",,,,,,,,,,0.5,16,2,1.2,0.06,1.2,1,2,4,>16,>16,2,,,,,,,,,,,,,,,,,,,,,,,,,,,,,,,,,,,,
IDR2000009675,"rpoB Ser441Gln  SIRE rifampin Susceptible, Agar prop rifampin Resistant (CDC 2020 PT E)",,,,,,,,,,0.25,16,1,0.6,<=0.03,<=0.6,0.25,1,2,0.5,16,<=0.25,,,,,,,,,,,,,,,,,,,,,,,,,,,,,,,,,,,,
IDR2000013522,rpoB Val940Ala,,,,,,,,,,0.25,16,1,1.2,0.06,1.2,0.25,1,<=0.5,<=0.12,<=0.12,<=0.25,,,,,,,,,,,,,,,,,,,,,,,,,,,,,,,,,,,,
IDR2000081393,"rpoB Phe295Leu, ethA Lys37Met",,,,,,,,,,<=0.12,4,2,0.6,0.06,1.2,0.25,1,<=0.5,<=0.12,<=0.12,0.5,,,,,,,,,,,,,,,,,,,,,,,,,,,,,,,,,,,,
IDR2000095718,"rpoB Ser531Leu, katG Ser315Thr, embB Met306Val, rrs A(905)G",,,,,,,,,,<=0.12,4,4,0.6,0.06,1.2,<=0.06,0.5,<=0.5,0.25,<=0.12,0.5,,,,,,,,,,,,,,,,,,,,,,,,,,,,,,,,,,,,
IDR2000166623,"rpoB Arg689Gly, mabA-inhA promoter T(-8)C",,,,,,,,,,0.5,16,1,2.5,0.12,5,0.25,1,<=0.5,<=0.12,0.25,0.5,,,,,,,,,,,,,,,,,,,,,,,,,,,,,,,,,,,,
IDR2000199791,katG Trp161Gly (unknown mutation),,,,,,,,,,0.25,16,1,1.2,0.06,1.2,<=0.06,1,<=0.5,<=0.12,<=0.12,0.5,,,,,,,,,,,,,,,,,,,,,,,,,,,,,,,,,,,,
IDR2000206430,"rpoB Ser531Leu, katG Ser315Thr, embB Tyr319Cys, rpsL Lys43Arg, eis promoter region g(-10)A, ethA Tyr140Stop",,,,,,,,,,1,16,8,20,>4,10,0.25,0.5,2,16,>16,>32,,,,,,,,,,,,,,,,,,,,,,,,,,,,,,,,,,,,
IDR2000220261,"rpoB Val333Ala, unknown mutation",,,,,,,,,,0.25,16,2,1.2,0.06,2.5,0.12,1,<=0.5,<=0.12,0.25,<=0.25,,,,,,,,,,,,,,,,,,,,,,,,,,,,,,,,,,,,
IDR2000222704,oxyR-ahpC promoter C(-1)T,,,,,,,,,,1,32,4,10,0.06,5,0.5,2,2,<=0.12,0.5,1,,,,,,,,,,,,,,,,,,,,,,,,,,,,,,,,,,,,
IDR2000232616,mabA Leu203Leu,,,,,,,,,,<=0.12,32,1,10,0.25,2.5,0.25,0.5,<=0.5,<=0.12,<=0.12,<=0.25,,,,,,,,,,,,,,,,,,,,,,,,,,,,,,,,,,,,
IDR2000232622,mabA-inhA promoter region C(-15)T,,,,,,,,,,0.25,16,2,5,invalid,5,0.25,2,2,<=0.12,0.25,0.5,,,,,,,,,,,,,,,,,,,,,,,,,,,,,,,,,,,,
IDR2000232623,"katG Ser315Thr, embB Met306Val, ethA deletion",,,,,,,,,,0.25,32,16,5,>4,5,0.25,2,2,<=0.12,0.5,2,,,,,,,,,,,,,,,,,,,,,,,,,,,,,,,,,,,,
IDR2000232625,mabA Leu203Leu,,,,,,,,,,0.5,32,1,20,0.25,2.5,0.25,1,1,<=0.12,0.5,<=0.25,,,,,,,,,,,,,,,,,,,,,,,,,,,,,,,,,,,,
IDR2000244432,rpoB His343Gln (unknown),,,,,,,,,,0.25,16,2,2.5,0.12,1.2,0.5,2,<=0.5,<=0.12,0.25,0.5,,,,,,,,,,,,,,,,,,,,,,,,,,,,,,,,,,,,
IDR2000254084,rpoB Ile162Val,,,,,,,,,,0.25,4,1,1.2,<=0.03,1.2,0.25,1,1,<=0.12,<=0.12,1,,,,,,,,,,,,,,,,,,,,,,,,,,,,,,,,,,,,
IDR2000262831,oxyR ahpc promoter region G(-48)A,,,,,,,,,,0.5,16,1,2.5,0.12,2.5,0.25,1,<=0.5,<=0.12,<=0.12,>32,,,,,,,,,,,,,,,,,,,,,,,,,,,,,,,,,,,,
IDR2000272655,"rpoB Ser531Leu, katG Ser315Thr, phcA Val180Phe, embB Met306Ile, rpsL Lys43Arg, ethA deletion",,,,,,,,,,0.25,16,8,2.5,4,1.2,0.25,1,1,8,>16,>32,,,,,,,,,,,,,,,,,,,,,,,,,,,,,,,,,,,,
IDR2000277111,rpoB Arg662Leu (unknown),,,,,,,,,,0.5,32,1,5,0.06,2.5,0.5,1,<=0.5,<=0.12,0.25,0.5,,,,,,,,,,,,,,,,,,,,,,,,,,,,,,,,,,,,
IDR2000284132,rpoB Val131Leu,,,,,,,,,,0.5,16,2,1.2,0.06,5,0.5,1,<=0.5,<=0.12,0.5,1,,,,,,,,,,,,,,,,,,,,,,,,,,,,,,,,,,,,
IDR2000284132,,,,,,,,,,,0.5,16,1,2.5,0.06,2.5,0.5,1,<=0.5,<=0.12,0.5,0.5,,,,,,,,,,,,,,,,,,,,,,,,,,,,,,,,,,,,
IDR2000284132,,,,,,,,,,,0.5,16,1,2.5,0.06,2.5,0.5,1,<=0.5,<=0.12,0.5,0.5,,,,,,,,,,,,,,,,,,,,,,,,,,,,,,,,,,,,
,,,,,,,,,,,AMI,CYC,EMB,ETH,INH,KAN,MOX,OFL,PAS,RFB,RIF,STR,,,,,,,,,,,,,,,,,,,,,,,,,,,,,,,,,,,,
IDR2100013950,katG Arg595Gln,,,,,,,,,,0.5,32,2,20,0.5,2.5,0.25,0.5,1,0.25,1,0.5,,,,,,,,,,,,,,,,,,,,,,,,,,,,,,,,,,,,
IDR2100030007,rpoB Ser450Leu,,,,,,,,,,0.5,16,2,1.2,<=0.03,2.5,1,2,2,16,>16,2,,,,,,,,,,,,,,,,,,,,,,,,,,,,,,,,,,,,
IDR2100030008,"embB Gln497Arg, embC-embA promoter region C(-12)T",,,,,,,,,,0.5,64,8,10,0.12,2.5,0.5,1,1,<=0.12,0.25,4,,,,,,,,,,,,,,,,,,,,,,,,,,,,,,,,,,,,
IDR2100030009,pncA H57Asp,,This is M. bovis BCG,,,,,,,,<=0.12,16,2,2.5,0.06,1.2,0.25,0.5,2,<=0.12,<=0.12,<=0.25,,,,,,,,,,,,,,,,,,,,,,,,,,,,,,,,,,,,
IDR2100030010,"katG Ser315Thr, gyrA Asp94Asn",,,,,,,,,,0.5,16,1,2.5,4,2.5,8,16,<=0.5,<=0.12,0.25,2,,,,,,,,,,,,,,,,,,,,,,,,,,,,,,,,,,,,
IDR2100030011,katG DELETION,,,,,,,,,,0.5,64,2,2.5,>4,5,0.25,1,1,<=0.12,0.5,0.5,,,,,,,,,,,,,,,,,,,,,,,,,,,,,,,,,,,,
IDR2100031507,"rpoB Asp435Tyr, katG Ser315Thr, rpsL Lys43Arg, gyrA Asp94Ala",,,,,,,,,,0.25,16,2,0.6,2,2.5,4,8,4,0.5,8,>32,,,,,,,,,,,,,,,,,,,,,,,,,,,,,,,,,,,,
IDR2100050561,katG Arg595Gln,,,,,,,,,,0.5,16,1,2.5,0.12,1.2,0.12,<=0.25,<=0.5,<=0.12,<=0.12,0.5,,,,,,,,,,,,,,,,,,,,,,,,,,,,,,,,,,,,
IDR2100052318,rpoB Pro611Ser,,,,,,,,,,0.25,4,2,1.2,0.06,1.2,0.25,2,2,<=0.12,0.25,<=0.25,,,,,,,,,,,,,,,,,,,,,,,,,,,,,,,,,,,,
IDR2100052319,"furA-katG promoter region C(-14)G, rpoB Pro566Ser",,,,,,,,,,0.25,16,1,1.2,0.06,2.5,0.5,0.5,<=0.5,<=0.12,0.25,0.5,,,,,,,,,,,,,,,,,,,,,,,,,,,,,,,,,,,,
IDR2100052320,rpoB Val131Ala (unknown),,,,,,,,,,0.25,16,2,1.2,<=0.03,2.5,0.5,1,1,<=0.12,0.25,0.5,,,,,,,,,,,,,,,,,,,,,,,,,,,,,,,,,,,,
,,,,,,,,,,,,,,,,,,,,,,,,,,,,,,,,,,,,,,,,,,,,,,,,,,,,,,,,,,
,,,,,,,,,,,,,,,,,,,,,,,,,,,,,,,,,,,,,,,,,,,,,,,,,,,,,,,,,,
,,,,,,,,,,,,,,,,,,,,,,,,,,,,,,,,,,,,,,,,,,,,,,,,,,,,,,,,,,
,,,,,,,,,,,,,,,,,,,,,,,,,,,,,,,,,,,,,,,,,,,,,,,,,,,,,,,,,,
,,,,,,,,,,,,,,,,,,,,,,,,,,,,,,,,,,,,,,,,,,,,,,,,,,,,,,,,,,
,,,,,,,,,,,,,,,,,,,,,,,,,,,,,,,,,,,,,,,,,,,,,,,,,,,,,,,,,,
,,,,,,,,,,,,,,,,,,,,,,,,,,,,,,,,,,,,,,,,,,,,,,,,,,,,,,,,,,