SampleID,VCF
MFS-1,/n/data1/hms/dbmi/farhat/rollingDB/TRUST/220617.TRUST.Set1.Illumina.Output/MFS-1/IlluminaWGS/Pilon_IlluminaPE_AlignedTo_H37rv_minMQ_1_minDP_5_Fix_All_Breaks/MFS-1.IllPE.H37rv.vcf.gz
MFS-2,/n/data1/hms/dbmi/farhat/rollingDB/TRUST/220617.TRUST.Set1.Illumina.Output/MFS-2/IlluminaWGS/Pilon_IlluminaPE_AlignedTo_H37rv_minMQ_1_minDP_5_Fix_All_Breaks/MFS-2.IllPE.H37rv.vcf.gz
MFS-3,/n/data1/hms/dbmi/farhat/rollingDB/TRUST/220617.TRUST.Set1.Illumina.Output/MFS-3/IlluminaWGS/Pilon_IlluminaPE_AlignedTo_H37rv_minMQ_1_minDP_5_Fix_All_Breaks/MFS-3.IllPE.H37rv.vcf.gz
MFS-4,/n/data1/hms/dbmi/farhat/rollingDB/TRUST/220617.TRUST.Set1.Illumina.Output/MFS-4/IlluminaWGS/Pilon_IlluminaPE_AlignedTo_H37rv_minMQ_1_minDP_5_Fix_All_Breaks/MFS-4.IllPE.H37rv.vcf.gz
MFS-5,/n/data1/hms/dbmi/farhat/rollingDB/TRUST/220617.TRUST.Set1.Illumina.Output/MFS-5/IlluminaWGS/Pilon_IlluminaPE_AlignedTo_H37rv_minMQ_1_minDP_5_Fix_All_Breaks/MFS-5.IllPE.H37rv.vcf.gz
MFS-6,/n/data1/hms/dbmi/farhat/rollingDB/TRUST/220617.TRUST.Set1.Illumina.Output/MFS-6/IlluminaWGS/Pilon_IlluminaPE_AlignedTo_H37rv_minMQ_1_minDP_5_Fix_All_Breaks/MFS-6.IllPE.H37rv.vcf.gz
MFS-7,/n/data1/hms/dbmi/farhat/rollingDB/TRUST/220617.TRUST.Set1.Illumina.Output/MFS-7/IlluminaWGS/Pilon_IlluminaPE_AlignedTo_H37rv_minMQ_1_minDP_5_Fix_All_Breaks/MFS-7.IllPE.H37rv.vcf.gz
MFS-8,/n/data1/hms/dbmi/farhat/rollingDB/TRUST/220617.TRUST.Set1.Illumina.Output/MFS-8/IlluminaWGS/Pilon_IlluminaPE_AlignedTo_H37rv_minMQ_1_minDP_5_Fix_All_Breaks/MFS-8.IllPE.H37rv.vcf.gz
MFS-9,/n/data1/hms/dbmi/farhat/rollingDB/TRUST/220617.TRUST.Set1.Illumina.Output/MFS-9/IlluminaWGS/Pilon_IlluminaPE_AlignedTo_H37rv_minMQ_1_minDP_5_Fix_All_Breaks/MFS-9.IllPE.H37rv.vcf.gz
MFS-10,/n/data1/hms/dbmi/farhat/rollingDB/TRUST/220617.TRUST.Set1.Illumina.Output/MFS-10/IlluminaWGS/Pilon_IlluminaPE_AlignedTo_H37rv_minMQ_1_minDP_5_Fix_All_Breaks/MFS-10.IllPE.H37rv.vcf.gz
MFS-12,/n/data1/hms/dbmi/farhat/rollingDB/TRUST/220617.TRUST.Set1.Illumina.Output/MFS-12/IlluminaWGS/Pilon_IlluminaPE_AlignedTo_H37rv_minMQ_1_minDP_5_Fix_All_Breaks/MFS-12.IllPE.H37rv.vcf.gz
MFS-11,/n/data1/hms/dbmi/farhat/rollingDB/TRUST/220617.TRUST.Set1.Illumina.Output/MFS-11/IlluminaWGS/Pilon_IlluminaPE_AlignedTo_H37rv_minMQ_1_minDP_5_Fix_All_Breaks/MFS-11.IllPE.H37rv.vcf.gz
MFS-13,/n/data1/hms/dbmi/farhat/rollingDB/TRUST/220617.TRUST.Set1.Illumina.Output/MFS-13/IlluminaWGS/Pilon_IlluminaPE_AlignedTo_H37rv_minMQ_1_minDP_5_Fix_All_Breaks/MFS-13.IllPE.H37rv.vcf.gz
MFS-14,/n/data1/hms/dbmi/farhat/rollingDB/TRUST/220617.TRUST.Set1.Illumina.Output/MFS-14/IlluminaWGS/Pilon_IlluminaPE_AlignedTo_H37rv_minMQ_1_minDP_5_Fix_All_Breaks/MFS-14.IllPE.H37rv.vcf.gz
MFS-15,/n/data1/hms/dbmi/farhat/rollingDB/TRUST/220617.TRUST.Set1.Illumina.Output/MFS-15/IlluminaWGS/Pilon_IlluminaPE_AlignedTo_H37rv_minMQ_1_minDP_5_Fix_All_Breaks/MFS-15.IllPE.H37rv.vcf.gz
MFS-16,/n/data1/hms/dbmi/farhat/rollingDB/TRUST/220617.TRUST.Set1.Illumina.Output/MFS-16/IlluminaWGS/Pilon_IlluminaPE_AlignedTo_H37rv_minMQ_1_minDP_5_Fix_All_Breaks/MFS-16.IllPE.H37rv.vcf.gz
MFS-17,/n/data1/hms/dbmi/farhat/rollingDB/TRUST/220617.TRUST.Set1.Illumina.Output/MFS-17/IlluminaWGS/Pilon_IlluminaPE_AlignedTo_H37rv_minMQ_1_minDP_5_Fix_All_Breaks/MFS-17.IllPE.H37rv.vcf.gz
MFS-18,/n/data1/hms/dbmi/farhat/rollingDB/TRUST/220617.TRUST.Set1.Illumina.Output/MFS-18/IlluminaWGS/Pilon_IlluminaPE_AlignedTo_H37rv_minMQ_1_minDP_5_Fix_All_Breaks/MFS-18.IllPE.H37rv.vcf.gz
MFS-19,/n/data1/hms/dbmi/farhat/rollingDB/TRUST/220617.TRUST.Set1.Illumina.Output/MFS-19/IlluminaWGS/Pilon_IlluminaPE_AlignedTo_H37rv_minMQ_1_minDP_5_Fix_All_Breaks/MFS-19.IllPE.H37rv.vcf.gz
MFS-20,/n/data1/hms/dbmi/farhat/rollingDB/TRUST/220617.TRUST.Set1.Illumina.Output/MFS-20/IlluminaWGS/Pilon_IlluminaPE_AlignedTo_H37rv_minMQ_1_minDP_5_Fix_All_Breaks/MFS-20.IllPE.H37rv.vcf.gz
MFS-21,/n/data1/hms/dbmi/farhat/rollingDB/TRUST/220617.TRUST.Set1.Illumina.Output/MFS-21/IlluminaWGS/Pilon_IlluminaPE_AlignedTo_H37rv_minMQ_1_minDP_5_Fix_All_Breaks/MFS-21.IllPE.H37rv.vcf.gz
MFS-22,/n/data1/hms/dbmi/farhat/rollingDB/TRUST/220617.TRUST.Set1.Illumina.Output/MFS-22/IlluminaWGS/Pilon_IlluminaPE_AlignedTo_H37rv_minMQ_1_minDP_5_Fix_All_Breaks/MFS-22.IllPE.H37rv.vcf.gz
MFS-24,/n/data1/hms/dbmi/farhat/rollingDB/TRUST/220617.TRUST.Set1.Illumina.Output/MFS-24/IlluminaWGS/Pilon_IlluminaPE_AlignedTo_H37rv_minMQ_1_minDP_5_Fix_All_Breaks/MFS-24.IllPE.H37rv.vcf.gz
MFS-23,/n/data1/hms/dbmi/farhat/rollingDB/TRUST/220617.TRUST.Set1.Illumina.Output/MFS-23/IlluminaWGS/Pilon_IlluminaPE_AlignedTo_H37rv_minMQ_1_minDP_5_Fix_All_Breaks/MFS-23.IllPE.H37rv.vcf.gz
MFS-25,/n/data1/hms/dbmi/farhat/rollingDB/TRUST/220617.TRUST.Set1.Illumina.Output/MFS-25/IlluminaWGS/Pilon_IlluminaPE_AlignedTo_H37rv_minMQ_1_minDP_5_Fix_All_Breaks/MFS-25.IllPE.H37rv.vcf.gz
MFS-26,/n/data1/hms/dbmi/farhat/rollingDB/TRUST/220617.TRUST.Set1.Illumina.Output/MFS-26/IlluminaWGS/Pilon_IlluminaPE_AlignedTo_H37rv_minMQ_1_minDP_5_Fix_All_Breaks/MFS-26.IllPE.H37rv.vcf.gz
MFS-27,/n/data1/hms/dbmi/farhat/rollingDB/TRUST/220617.TRUST.Set1.Illumina.Output/MFS-27/IlluminaWGS/Pilon_IlluminaPE_AlignedTo_H37rv_minMQ_1_minDP_5_Fix_All_Breaks/MFS-27.IllPE.H37rv.vcf.gz
MFS-28,/n/data1/hms/dbmi/farhat/rollingDB/TRUST/220617.TRUST.Set1.Illumina.Output/MFS-28/IlluminaWGS/Pilon_IlluminaPE_AlignedTo_H37rv_minMQ_1_minDP_5_Fix_All_Breaks/MFS-28.IllPE.H37rv.vcf.gz
MFS-29,/n/data1/hms/dbmi/farhat/rollingDB/TRUST/220617.TRUST.Set1.Illumina.Output/MFS-29/IlluminaWGS/Pilon_IlluminaPE_AlignedTo_H37rv_minMQ_1_minDP_5_Fix_All_Breaks/MFS-29.IllPE.H37rv.vcf.gz
MFS-30,/n/data1/hms/dbmi/farhat/rollingDB/TRUST/220617.TRUST.Set1.Illumina.Output/MFS-30/IlluminaWGS/Pilon_IlluminaPE_AlignedTo_H37rv_minMQ_1_minDP_5_Fix_All_Breaks/MFS-30.IllPE.H37rv.vcf.gz
MFS-31,/n/data1/hms/dbmi/farhat/rollingDB/TRUST/220617.TRUST.Set1.Illumina.Output/MFS-31/IlluminaWGS/Pilon_IlluminaPE_AlignedTo_H37rv_minMQ_1_minDP_5_Fix_All_Breaks/MFS-31.IllPE.H37rv.vcf.gz
MFS-32,/n/data1/hms/dbmi/farhat/rollingDB/TRUST/220617.TRUST.Set1.Illumina.Output/MFS-32/IlluminaWGS/Pilon_IlluminaPE_AlignedTo_H37rv_minMQ_1_minDP_5_Fix_All_Breaks/MFS-32.IllPE.H37rv.vcf.gz
MFS-34,/n/data1/hms/dbmi/farhat/rollingDB/TRUST/220617.TRUST.Set1.Illumina.Output/MFS-34/IlluminaWGS/Pilon_IlluminaPE_AlignedTo_H37rv_minMQ_1_minDP_5_Fix_All_Breaks/MFS-34.IllPE.H37rv.vcf.gz
MFS-33,/n/data1/hms/dbmi/farhat/rollingDB/TRUST/220617.TRUST.Set1.Illumina.Output/MFS-33/IlluminaWGS/Pilon_IlluminaPE_AlignedTo_H37rv_minMQ_1_minDP_5_Fix_All_Breaks/MFS-33.IllPE.H37rv.vcf.gz
MFS-36,/n/data1/hms/dbmi/farhat/rollingDB/TRUST/220617.TRUST.Set1.Illumina.Output/MFS-36/IlluminaWGS/Pilon_IlluminaPE_AlignedTo_H37rv_minMQ_1_minDP_5_Fix_All_Breaks/MFS-36.IllPE.H37rv.vcf.gz
MFS-35,/n/data1/hms/dbmi/farhat/rollingDB/TRUST/220617.TRUST.Set1.Illumina.Output/MFS-35/IlluminaWGS/Pilon_IlluminaPE_AlignedTo_H37rv_minMQ_1_minDP_5_Fix_All_Breaks/MFS-35.IllPE.H37rv.vcf.gz
MFS-37,/n/data1/hms/dbmi/farhat/rollingDB/TRUST/220617.TRUST.Set1.Illumina.Output/MFS-37/IlluminaWGS/Pilon_IlluminaPE_AlignedTo_H37rv_minMQ_1_minDP_5_Fix_All_Breaks/MFS-37.IllPE.H37rv.vcf.gz
MFS-38,/n/data1/hms/dbmi/farhat/rollingDB/TRUST/220617.TRUST.Set1.Illumina.Output/MFS-38/IlluminaWGS/Pilon_IlluminaPE_AlignedTo_H37rv_minMQ_1_minDP_5_Fix_All_Breaks/MFS-38.IllPE.H37rv.vcf.gz
MFS-39,/n/data1/hms/dbmi/farhat/rollingDB/TRUST/220617.TRUST.Set1.Illumina.Output/MFS-39/IlluminaWGS/Pilon_IlluminaPE_AlignedTo_H37rv_minMQ_1_minDP_5_Fix_All_Breaks/MFS-39.IllPE.H37rv.vcf.gz
MFS-40,/n/data1/hms/dbmi/farhat/rollingDB/TRUST/220617.TRUST.Set1.Illumina.Output/MFS-40/IlluminaWGS/Pilon_IlluminaPE_AlignedTo_H37rv_minMQ_1_minDP_5_Fix_All_Breaks/MFS-40.IllPE.H37rv.vcf.gz
MFS-41,/n/data1/hms/dbmi/farhat/rollingDB/TRUST/220617.TRUST.Set1.Illumina.Output/MFS-41/IlluminaWGS/Pilon_IlluminaPE_AlignedTo_H37rv_minMQ_1_minDP_5_Fix_All_Breaks/MFS-41.IllPE.H37rv.vcf.gz
MFS-42,/n/data1/hms/dbmi/farhat/rollingDB/TRUST/220617.TRUST.Set1.Illumina.Output/MFS-42/IlluminaWGS/Pilon_IlluminaPE_AlignedTo_H37rv_minMQ_1_minDP_5_Fix_All_Breaks/MFS-42.IllPE.H37rv.vcf.gz
MFS-44,/n/data1/hms/dbmi/farhat/rollingDB/TRUST/220617.TRUST.Set1.Illumina.Output/MFS-44/IlluminaWGS/Pilon_IlluminaPE_AlignedTo_H37rv_minMQ_1_minDP_5_Fix_All_Breaks/MFS-44.IllPE.H37rv.vcf.gz
MFS-43,/n/data1/hms/dbmi/farhat/rollingDB/TRUST/220617.TRUST.Set1.Illumina.Output/MFS-43/IlluminaWGS/Pilon_IlluminaPE_AlignedTo_H37rv_minMQ_1_minDP_5_Fix_All_Breaks/MFS-43.IllPE.H37rv.vcf.gz
MFS-46,/n/data1/hms/dbmi/farhat/rollingDB/TRUST/220617.TRUST.Set1.Illumina.Output/MFS-46/IlluminaWGS/Pilon_IlluminaPE_AlignedTo_H37rv_minMQ_1_minDP_5_Fix_All_Breaks/MFS-46.IllPE.H37rv.vcf.gz
MFS-45,/n/data1/hms/dbmi/farhat/rollingDB/TRUST/220617.TRUST.Set1.Illumina.Output/MFS-45/IlluminaWGS/Pilon_IlluminaPE_AlignedTo_H37rv_minMQ_1_minDP_5_Fix_All_Breaks/MFS-45.IllPE.H37rv.vcf.gz
MFS-47,/n/data1/hms/dbmi/farhat/rollingDB/TRUST/220617.TRUST.Set1.Illumina.Output/MFS-47/IlluminaWGS/Pilon_IlluminaPE_AlignedTo_H37rv_minMQ_1_minDP_5_Fix_All_Breaks/MFS-47.IllPE.H37rv.vcf.gz
MFS-48,/n/data1/hms/dbmi/farhat/rollingDB/TRUST/220617.TRUST.Set1.Illumina.Output/MFS-48/IlluminaWGS/Pilon_IlluminaPE_AlignedTo_H37rv_minMQ_1_minDP_5_Fix_All_Breaks/MFS-48.IllPE.H37rv.vcf.gz
MFS-50,/n/data1/hms/dbmi/farhat/rollingDB/TRUST/220617.TRUST.Set1.Illumina.Output/MFS-50/IlluminaWGS/Pilon_IlluminaPE_AlignedTo_H37rv_minMQ_1_minDP_5_Fix_All_Breaks/MFS-50.IllPE.H37rv.vcf.gz
MFS-49,/n/data1/hms/dbmi/farhat/rollingDB/TRUST/220617.TRUST.Set1.Illumina.Output/MFS-49/IlluminaWGS/Pilon_IlluminaPE_AlignedTo_H37rv_minMQ_1_minDP_5_Fix_All_Breaks/MFS-49.IllPE.H37rv.vcf.gz
MFS-52,/n/data1/hms/dbmi/farhat/rollingDB/TRUST/220617.TRUST.Set1.Illumina.Output/MFS-52/IlluminaWGS/Pilon_IlluminaPE_AlignedTo_H37rv_minMQ_1_minDP_5_Fix_All_Breaks/MFS-52.IllPE.H37rv.vcf.gz
MFS-51,/n/data1/hms/dbmi/farhat/rollingDB/TRUST/220617.TRUST.Set1.Illumina.Output/MFS-51/IlluminaWGS/Pilon_IlluminaPE_AlignedTo_H37rv_minMQ_1_minDP_5_Fix_All_Breaks/MFS-51.IllPE.H37rv.vcf.gz
MFS-53,/n/data1/hms/dbmi/farhat/rollingDB/TRUST/220617.TRUST.Set1.Illumina.Output/MFS-53/IlluminaWGS/Pilon_IlluminaPE_AlignedTo_H37rv_minMQ_1_minDP_5_Fix_All_Breaks/MFS-53.IllPE.H37rv.vcf.gz
MFS-54,/n/data1/hms/dbmi/farhat/rollingDB/TRUST/220617.TRUST.Set1.Illumina.Output/MFS-54/IlluminaWGS/Pilon_IlluminaPE_AlignedTo_H37rv_minMQ_1_minDP_5_Fix_All_Breaks/MFS-54.IllPE.H37rv.vcf.gz
MFS-55,/n/data1/hms/dbmi/farhat/rollingDB/TRUST/220617.TRUST.Set1.Illumina.Output/MFS-55/IlluminaWGS/Pilon_IlluminaPE_AlignedTo_H37rv_minMQ_1_minDP_5_Fix_All_Breaks/MFS-55.IllPE.H37rv.vcf.gz
MFS-56,/n/data1/hms/dbmi/farhat/rollingDB/TRUST/220617.TRUST.Set1.Illumina.Output/MFS-56/IlluminaWGS/Pilon_IlluminaPE_AlignedTo_H37rv_minMQ_1_minDP_5_Fix_All_Breaks/MFS-56.IllPE.H37rv.vcf.gz
MFS-57,/n/data1/hms/dbmi/farhat/rollingDB/TRUST/220617.TRUST.Set1.Illumina.Output/MFS-57/IlluminaWGS/Pilon_IlluminaPE_AlignedTo_H37rv_minMQ_1_minDP_5_Fix_All_Breaks/MFS-57.IllPE.H37rv.vcf.gz
MFS-59,/n/data1/hms/dbmi/farhat/rollingDB/TRUST/220617.TRUST.Set1.Illumina.Output/MFS-59/IlluminaWGS/Pilon_IlluminaPE_AlignedTo_H37rv_minMQ_1_minDP_5_Fix_All_Breaks/MFS-59.IllPE.H37rv.vcf.gz
MFS-58,/n/data1/hms/dbmi/farhat/rollingDB/TRUST/220617.TRUST.Set1.Illumina.Output/MFS-58/IlluminaWGS/Pilon_IlluminaPE_AlignedTo_H37rv_minMQ_1_minDP_5_Fix_All_Breaks/MFS-58.IllPE.H37rv.vcf.gz
MFS-60,/n/data1/hms/dbmi/farhat/rollingDB/TRUST/220617.TRUST.Set1.Illumina.Output/MFS-60/IlluminaWGS/Pilon_IlluminaPE_AlignedTo_H37rv_minMQ_1_minDP_5_Fix_All_Breaks/MFS-60.IllPE.H37rv.vcf.gz
MFS-61,/n/data1/hms/dbmi/farhat/rollingDB/TRUST/220617.TRUST.Set1.Illumina.Output/MFS-61/IlluminaWGS/Pilon_IlluminaPE_AlignedTo_H37rv_minMQ_1_minDP_5_Fix_All_Breaks/MFS-61.IllPE.H37rv.vcf.gz
MFS-63,/n/data1/hms/dbmi/farhat/rollingDB/TRUST/220617.TRUST.Set1.Illumina.Output/MFS-63/IlluminaWGS/Pilon_IlluminaPE_AlignedTo_H37rv_minMQ_1_minDP_5_Fix_All_Breaks/MFS-63.IllPE.H37rv.vcf.gz
MFS-62,/n/data1/hms/dbmi/farhat/rollingDB/TRUST/220617.TRUST.Set1.Illumina.Output/MFS-62/IlluminaWGS/Pilon_IlluminaPE_AlignedTo_H37rv_minMQ_1_minDP_5_Fix_All_Breaks/MFS-62.IllPE.H37rv.vcf.gz
MFS-65,/n/data1/hms/dbmi/farhat/rollingDB/TRUST/220617.TRUST.Set1.Illumina.Output/MFS-65/IlluminaWGS/Pilon_IlluminaPE_AlignedTo_H37rv_minMQ_1_minDP_5_Fix_All_Breaks/MFS-65.IllPE.H37rv.vcf.gz
MFS-64,/n/data1/hms/dbmi/farhat/rollingDB/TRUST/220617.TRUST.Set1.Illumina.Output/MFS-64/IlluminaWGS/Pilon_IlluminaPE_AlignedTo_H37rv_minMQ_1_minDP_5_Fix_All_Breaks/MFS-64.IllPE.H37rv.vcf.gz
MFS-67,/n/data1/hms/dbmi/farhat/rollingDB/TRUST/220617.TRUST.Set1.Illumina.Output/MFS-67/IlluminaWGS/Pilon_IlluminaPE_AlignedTo_H37rv_minMQ_1_minDP_5_Fix_All_Breaks/MFS-67.IllPE.H37rv.vcf.gz
MFS-66,/n/data1/hms/dbmi/farhat/rollingDB/TRUST/220617.TRUST.Set1.Illumina.Output/MFS-66/IlluminaWGS/Pilon_IlluminaPE_AlignedTo_H37rv_minMQ_1_minDP_5_Fix_All_Breaks/MFS-66.IllPE.H37rv.vcf.gz
MFS-68,/n/data1/hms/dbmi/farhat/rollingDB/TRUST/220617.TRUST.Set1.Illumina.Output/MFS-68/IlluminaWGS/Pilon_IlluminaPE_AlignedTo_H37rv_minMQ_1_minDP_5_Fix_All_Breaks/MFS-68.IllPE.H37rv.vcf.gz
MFS-69,/n/data1/hms/dbmi/farhat/rollingDB/TRUST/220617.TRUST.Set1.Illumina.Output/MFS-69/IlluminaWGS/Pilon_IlluminaPE_AlignedTo_H37rv_minMQ_1_minDP_5_Fix_All_Breaks/MFS-69.IllPE.H37rv.vcf.gz
MFS-70,/n/data1/hms/dbmi/farhat/rollingDB/TRUST/220617.TRUST.Set1.Illumina.Output/MFS-70/IlluminaWGS/Pilon_IlluminaPE_AlignedTo_H37rv_minMQ_1_minDP_5_Fix_All_Breaks/MFS-70.IllPE.H37rv.vcf.gz
MFS-71,/n/data1/hms/dbmi/farhat/rollingDB/TRUST/220617.TRUST.Set1.Illumina.Output/MFS-71/IlluminaWGS/Pilon_IlluminaPE_AlignedTo_H37rv_minMQ_1_minDP_5_Fix_All_Breaks/MFS-71.IllPE.H37rv.vcf.gz
MFS-72,/n/data1/hms/dbmi/farhat/rollingDB/TRUST/220617.TRUST.Set1.Illumina.Output/MFS-72/IlluminaWGS/Pilon_IlluminaPE_AlignedTo_H37rv_minMQ_1_minDP_5_Fix_All_Breaks/MFS-72.IllPE.H37rv.vcf.gz
MFS-73,/n/data1/hms/dbmi/farhat/rollingDB/TRUST/220617.TRUST.Set1.Illumina.Output/MFS-73/IlluminaWGS/Pilon_IlluminaPE_AlignedTo_H37rv_minMQ_1_minDP_5_Fix_All_Breaks/MFS-73.IllPE.H37rv.vcf.gz
MFS-75,/n/data1/hms/dbmi/farhat/rollingDB/TRUST/220617.TRUST.Set1.Illumina.Output/MFS-75/IlluminaWGS/Pilon_IlluminaPE_AlignedTo_H37rv_minMQ_1_minDP_5_Fix_All_Breaks/MFS-75.IllPE.H37rv.vcf.gz
MFS-74,/n/data1/hms/dbmi/farhat/rollingDB/TRUST/220617.TRUST.Set1.Illumina.Output/MFS-74/IlluminaWGS/Pilon_IlluminaPE_AlignedTo_H37rv_minMQ_1_minDP_5_Fix_All_Breaks/MFS-74.IllPE.H37rv.vcf.gz
MFS-77,/n/data1/hms/dbmi/farhat/rollingDB/TRUST/220617.TRUST.Set1.Illumina.Output/MFS-77/IlluminaWGS/Pilon_IlluminaPE_AlignedTo_H37rv_minMQ_1_minDP_5_Fix_All_Breaks/MFS-77.IllPE.H37rv.vcf.gz
MFS-76,/n/data1/hms/dbmi/farhat/rollingDB/TRUST/220617.TRUST.Set1.Illumina.Output/MFS-76/IlluminaWGS/Pilon_IlluminaPE_AlignedTo_H37rv_minMQ_1_minDP_5_Fix_All_Breaks/MFS-76.IllPE.H37rv.vcf.gz
MFS-78,/n/data1/hms/dbmi/farhat/rollingDB/TRUST/220617.TRUST.Set1.Illumina.Output/MFS-78/IlluminaWGS/Pilon_IlluminaPE_AlignedTo_H37rv_minMQ_1_minDP_5_Fix_All_Breaks/MFS-78.IllPE.H37rv.vcf.gz
MFS-79,/n/data1/hms/dbmi/farhat/rollingDB/TRUST/220617.TRUST.Set1.Illumina.Output/MFS-79/IlluminaWGS/Pilon_IlluminaPE_AlignedTo_H37rv_minMQ_1_minDP_5_Fix_All_Breaks/MFS-79.IllPE.H37rv.vcf.gz
MFS-80,/n/data1/hms/dbmi/farhat/rollingDB/TRUST/220617.TRUST.Set1.Illumina.Output/MFS-80/IlluminaWGS/Pilon_IlluminaPE_AlignedTo_H37rv_minMQ_1_minDP_5_Fix_All_Breaks/MFS-80.IllPE.H37rv.vcf.gz
MFS-81,/n/data1/hms/dbmi/farhat/rollingDB/TRUST/220617.TRUST.Set1.Illumina.Output/MFS-81/IlluminaWGS/Pilon_IlluminaPE_AlignedTo_H37rv_minMQ_1_minDP_5_Fix_All_Breaks/MFS-81.IllPE.H37rv.vcf.gz
MFS-82,/n/data1/hms/dbmi/farhat/rollingDB/TRUST/220617.TRUST.Set1.Illumina.Output/MFS-82/IlluminaWGS/Pilon_IlluminaPE_AlignedTo_H37rv_minMQ_1_minDP_5_Fix_All_Breaks/MFS-82.IllPE.H37rv.vcf.gz
MFS-83,/n/data1/hms/dbmi/farhat/rollingDB/TRUST/220617.TRUST.Set1.Illumina.Output/MFS-83/IlluminaWGS/Pilon_IlluminaPE_AlignedTo_H37rv_minMQ_1_minDP_5_Fix_All_Breaks/MFS-83.IllPE.H37rv.vcf.gz
MFS-85,/n/data1/hms/dbmi/farhat/rollingDB/TRUST/220617.TRUST.Set1.Illumina.Output/MFS-85/IlluminaWGS/Pilon_IlluminaPE_AlignedTo_H37rv_minMQ_1_minDP_5_Fix_All_Breaks/MFS-85.IllPE.H37rv.vcf.gz
MFS-84,/n/data1/hms/dbmi/farhat/rollingDB/TRUST/220617.TRUST.Set1.Illumina.Output/MFS-84/IlluminaWGS/Pilon_IlluminaPE_AlignedTo_H37rv_minMQ_1_minDP_5_Fix_All_Breaks/MFS-84.IllPE.H37rv.vcf.gz
MFS-86,/n/data1/hms/dbmi/farhat/rollingDB/TRUST/220617.TRUST.Set1.Illumina.Output/MFS-86/IlluminaWGS/Pilon_IlluminaPE_AlignedTo_H37rv_minMQ_1_minDP_5_Fix_All_Breaks/MFS-86.IllPE.H37rv.vcf.gz
MFS-87,/n/data1/hms/dbmi/farhat/rollingDB/TRUST/220617.TRUST.Set1.Illumina.Output/MFS-87/IlluminaWGS/Pilon_IlluminaPE_AlignedTo_H37rv_minMQ_1_minDP_5_Fix_All_Breaks/MFS-87.IllPE.H37rv.vcf.gz
MFS-89,/n/data1/hms/dbmi/farhat/rollingDB/TRUST/220617.TRUST.Set1.Illumina.Output/MFS-89/IlluminaWGS/Pilon_IlluminaPE_AlignedTo_H37rv_minMQ_1_minDP_5_Fix_All_Breaks/MFS-89.IllPE.H37rv.vcf.gz
MFS-88,/n/data1/hms/dbmi/farhat/rollingDB/TRUST/220617.TRUST.Set1.Illumina.Output/MFS-88/IlluminaWGS/Pilon_IlluminaPE_AlignedTo_H37rv_minMQ_1_minDP_5_Fix_All_Breaks/MFS-88.IllPE.H37rv.vcf.gz
MFS-275,/n/data1/hms/dbmi/farhat/rollingDB/TRUST/221216.TRUST.Illumina.Batch2.Output/MFS-275/IlluminaWGS/Pilon_IlluminaPE_AlignedTo_H37rv_minMQ_1_minDP_5_Fix_All_Breaks/MFS-275.IllPE.H37rv.vcf.gz
MFS-90,/n/data1/hms/dbmi/farhat/rollingDB/TRUST/220617.TRUST.Set1.Illumina.Output/MFS-90/IlluminaWGS/Pilon_IlluminaPE_AlignedTo_H37rv_minMQ_1_minDP_5_Fix_All_Breaks/MFS-90.IllPE.H37rv.vcf.gz
MFS-92,/n/data1/hms/dbmi/farhat/rollingDB/TRUST/220617.TRUST.Set1.Illumina.Output/MFS-92/IlluminaWGS/Pilon_IlluminaPE_AlignedTo_H37rv_minMQ_1_minDP_5_Fix_All_Breaks/MFS-92.IllPE.H37rv.vcf.gz
MFS-91,/n/data1/hms/dbmi/farhat/rollingDB/TRUST/220617.TRUST.Set1.Illumina.Output/MFS-91/IlluminaWGS/Pilon_IlluminaPE_AlignedTo_H37rv_minMQ_1_minDP_5_Fix_All_Breaks/MFS-91.IllPE.H37rv.vcf.gz
MFS-93,/n/data1/hms/dbmi/farhat/rollingDB/TRUST/220617.TRUST.Set1.Illumina.Output/MFS-93/IlluminaWGS/Pilon_IlluminaPE_AlignedTo_H37rv_minMQ_1_minDP_5_Fix_All_Breaks/MFS-93.IllPE.H37rv.vcf.gz
MFS-94,/n/data1/hms/dbmi/farhat/rollingDB/TRUST/220617.TRUST.Set1.Illumina.Output/MFS-94/IlluminaWGS/Pilon_IlluminaPE_AlignedTo_H37rv_minMQ_1_minDP_5_Fix_All_Breaks/MFS-94.IllPE.H37rv.vcf.gz
MFS-95,/n/data1/hms/dbmi/farhat/rollingDB/TRUST/220617.TRUST.Set1.Illumina.Output/MFS-95/IlluminaWGS/Pilon_IlluminaPE_AlignedTo_H37rv_minMQ_1_minDP_5_Fix_All_Breaks/MFS-95.IllPE.H37rv.vcf.gz
MFS-96,/n/data1/hms/dbmi/farhat/rollingDB/TRUST/220617.TRUST.Set1.Illumina.Output/MFS-96/IlluminaWGS/Pilon_IlluminaPE_AlignedTo_H37rv_minMQ_1_minDP_5_Fix_All_Breaks/MFS-96.IllPE.H37rv.vcf.gz
MFS-97,/n/data1/hms/dbmi/farhat/rollingDB/TRUST/220617.TRUST.Set1.Illumina.Output/MFS-97/IlluminaWGS/Pilon_IlluminaPE_AlignedTo_H37rv_minMQ_1_minDP_5_Fix_All_Breaks/MFS-97.IllPE.H37rv.vcf.gz
MFS-99,/n/data1/hms/dbmi/farhat/rollingDB/TRUST/220617.TRUST.Set1.Illumina.Output/MFS-99/IlluminaWGS/Pilon_IlluminaPE_AlignedTo_H37rv_minMQ_1_minDP_5_Fix_All_Breaks/MFS-99.IllPE.H37rv.vcf.gz
MFS-98,/n/data1/hms/dbmi/farhat/rollingDB/TRUST/220617.TRUST.Set1.Illumina.Output/MFS-98/IlluminaWGS/Pilon_IlluminaPE_AlignedTo_H37rv_minMQ_1_minDP_5_Fix_All_Breaks/MFS-98.IllPE.H37rv.vcf.gz
MFS-100,/n/data1/hms/dbmi/farhat/rollingDB/TRUST/220617.TRUST.Set1.Illumina.Output/MFS-100/IlluminaWGS/Pilon_IlluminaPE_AlignedTo_H37rv_minMQ_1_minDP_5_Fix_All_Breaks/MFS-100.IllPE.H37rv.vcf.gz
MFS-101,/n/data1/hms/dbmi/farhat/rollingDB/TRUST/220617.TRUST.Set1.Illumina.Output/MFS-101/IlluminaWGS/Pilon_IlluminaPE_AlignedTo_H37rv_minMQ_1_minDP_5_Fix_All_Breaks/MFS-101.IllPE.H37rv.vcf.gz
MFS-102,/n/data1/hms/dbmi/farhat/rollingDB/TRUST/220617.TRUST.Set1.Illumina.Output/MFS-102/IlluminaWGS/Pilon_IlluminaPE_AlignedTo_H37rv_minMQ_1_minDP_5_Fix_All_Breaks/MFS-102.IllPE.H37rv.vcf.gz
MFS-103,/n/data1/hms/dbmi/farhat/rollingDB/TRUST/220617.TRUST.Set1.Illumina.Output/MFS-103/IlluminaWGS/Pilon_IlluminaPE_AlignedTo_H37rv_minMQ_1_minDP_5_Fix_All_Breaks/MFS-103.IllPE.H37rv.vcf.gz
MFS-105,/n/data1/hms/dbmi/farhat/rollingDB/TRUST/220617.TRUST.Set1.Illumina.Output/MFS-105/IlluminaWGS/Pilon_IlluminaPE_AlignedTo_H37rv_minMQ_1_minDP_5_Fix_All_Breaks/MFS-105.IllPE.H37rv.vcf.gz
MFS-104,/n/data1/hms/dbmi/farhat/rollingDB/TRUST/220617.TRUST.Set1.Illumina.Output/MFS-104/IlluminaWGS/Pilon_IlluminaPE_AlignedTo_H37rv_minMQ_1_minDP_5_Fix_All_Breaks/MFS-104.IllPE.H37rv.vcf.gz
MFS-106,/n/data1/hms/dbmi/farhat/rollingDB/TRUST/220617.TRUST.Set1.Illumina.Output/MFS-106/IlluminaWGS/Pilon_IlluminaPE_AlignedTo_H37rv_minMQ_1_minDP_5_Fix_All_Breaks/MFS-106.IllPE.H37rv.vcf.gz
MFS-107,/n/data1/hms/dbmi/farhat/rollingDB/TRUST/220617.TRUST.Set1.Illumina.Output/MFS-107/IlluminaWGS/Pilon_IlluminaPE_AlignedTo_H37rv_minMQ_1_minDP_5_Fix_All_Breaks/MFS-107.IllPE.H37rv.vcf.gz
MFS-109,/n/data1/hms/dbmi/farhat/rollingDB/TRUST/220617.TRUST.Set1.Illumina.Output/MFS-109/IlluminaWGS/Pilon_IlluminaPE_AlignedTo_H37rv_minMQ_1_minDP_5_Fix_All_Breaks/MFS-109.IllPE.H37rv.vcf.gz
MFS-108,/n/data1/hms/dbmi/farhat/rollingDB/TRUST/220617.TRUST.Set1.Illumina.Output/MFS-108/IlluminaWGS/Pilon_IlluminaPE_AlignedTo_H37rv_minMQ_1_minDP_5_Fix_All_Breaks/MFS-108.IllPE.H37rv.vcf.gz
MFS-110,/n/data1/hms/dbmi/farhat/rollingDB/TRUST/220617.TRUST.Set1.Illumina.Output/MFS-110/IlluminaWGS/Pilon_IlluminaPE_AlignedTo_H37rv_minMQ_1_minDP_5_Fix_All_Breaks/MFS-110.IllPE.H37rv.vcf.gz
MFS-277,/n/data1/hms/dbmi/farhat/rollingDB/TRUST/221216.TRUST.Illumina.Batch2.Output/MFS-277/IlluminaWGS/Pilon_IlluminaPE_AlignedTo_H37rv_minMQ_1_minDP_5_Fix_All_Breaks/MFS-277.IllPE.H37rv.vcf.gz
MFS-111,/n/data1/hms/dbmi/farhat/rollingDB/TRUST/220617.TRUST.Set1.Illumina.Output/MFS-111/IlluminaWGS/Pilon_IlluminaPE_AlignedTo_H37rv_minMQ_1_minDP_5_Fix_All_Breaks/MFS-111.IllPE.H37rv.vcf.gz
MFS-112,/n/data1/hms/dbmi/farhat/rollingDB/TRUST/220617.TRUST.Set1.Illumina.Output/MFS-112/IlluminaWGS/Pilon_IlluminaPE_AlignedTo_H37rv_minMQ_1_minDP_5_Fix_All_Breaks/MFS-112.IllPE.H37rv.vcf.gz
MFS-113,/n/data1/hms/dbmi/farhat/rollingDB/TRUST/220617.TRUST.Set1.Illumina.Output/MFS-113/IlluminaWGS/Pilon_IlluminaPE_AlignedTo_H37rv_minMQ_1_minDP_5_Fix_All_Breaks/MFS-113.IllPE.H37rv.vcf.gz
MFS-114,/n/data1/hms/dbmi/farhat/rollingDB/TRUST/220617.TRUST.Set1.Illumina.Output/MFS-114/IlluminaWGS/Pilon_IlluminaPE_AlignedTo_H37rv_minMQ_1_minDP_5_Fix_All_Breaks/MFS-114.IllPE.H37rv.vcf.gz
MFS-116,/n/data1/hms/dbmi/farhat/rollingDB/TRUST/220617.TRUST.Set1.Illumina.Output/MFS-116/IlluminaWGS/Pilon_IlluminaPE_AlignedTo_H37rv_minMQ_1_minDP_5_Fix_All_Breaks/MFS-116.IllPE.H37rv.vcf.gz
MFS-115,/n/data1/hms/dbmi/farhat/rollingDB/TRUST/220617.TRUST.Set1.Illumina.Output/MFS-115/IlluminaWGS/Pilon_IlluminaPE_AlignedTo_H37rv_minMQ_1_minDP_5_Fix_All_Breaks/MFS-115.IllPE.H37rv.vcf.gz
MFS-117,/n/data1/hms/dbmi/farhat/rollingDB/TRUST/220617.TRUST.Set1.Illumina.Output/MFS-117/IlluminaWGS/Pilon_IlluminaPE_AlignedTo_H37rv_minMQ_1_minDP_5_Fix_All_Breaks/MFS-117.IllPE.H37rv.vcf.gz
MFS-118,/n/data1/hms/dbmi/farhat/rollingDB/TRUST/220617.TRUST.Set1.Illumina.Output/MFS-118/IlluminaWGS/Pilon_IlluminaPE_AlignedTo_H37rv_minMQ_1_minDP_5_Fix_All_Breaks/MFS-118.IllPE.H37rv.vcf.gz
MFS-265,/n/data1/hms/dbmi/farhat/rollingDB/TRUST/221216.TRUST.Illumina.Batch2.Output/MFS-265/IlluminaWGS/Pilon_IlluminaPE_AlignedTo_H37rv_minMQ_1_minDP_5_Fix_All_Breaks/MFS-265.IllPE.H37rv.vcf.gz
MFS-119,/n/data1/hms/dbmi/farhat/rollingDB/TRUST/220617.TRUST.Set1.Illumina.Output/MFS-119/IlluminaWGS/Pilon_IlluminaPE_AlignedTo_H37rv_minMQ_1_minDP_5_Fix_All_Breaks/MFS-119.IllPE.H37rv.vcf.gz
MFS-120,/n/data1/hms/dbmi/farhat/rollingDB/TRUST/220617.TRUST.Set1.Illumina.Output/MFS-120/IlluminaWGS/Pilon_IlluminaPE_AlignedTo_H37rv_minMQ_1_minDP_5_Fix_All_Breaks/MFS-120.IllPE.H37rv.vcf.gz
MFS-121,/n/data1/hms/dbmi/farhat/rollingDB/TRUST/220617.TRUST.Set1.Illumina.Output/MFS-121/IlluminaWGS/Pilon_IlluminaPE_AlignedTo_H37rv_minMQ_1_minDP_5_Fix_All_Breaks/MFS-121.IllPE.H37rv.vcf.gz
MFS-122,/n/data1/hms/dbmi/farhat/rollingDB/TRUST/220617.TRUST.Set1.Illumina.Output/MFS-122/IlluminaWGS/Pilon_IlluminaPE_AlignedTo_H37rv_minMQ_1_minDP_5_Fix_All_Breaks/MFS-122.IllPE.H37rv.vcf.gz
MFS-123,/n/data1/hms/dbmi/farhat/rollingDB/TRUST/220617.TRUST.Set1.Illumina.Output/MFS-123/IlluminaWGS/Pilon_IlluminaPE_AlignedTo_H37rv_minMQ_1_minDP_5_Fix_All_Breaks/MFS-123.IllPE.H37rv.vcf.gz
MFS-124,/n/data1/hms/dbmi/farhat/rollingDB/TRUST/220617.TRUST.Set1.Illumina.Output/MFS-124/IlluminaWGS/Pilon_IlluminaPE_AlignedTo_H37rv_minMQ_1_minDP_5_Fix_All_Breaks/MFS-124.IllPE.H37rv.vcf.gz
MFS-126,/n/data1/hms/dbmi/farhat/rollingDB/TRUST/220617.TRUST.Set1.Illumina.Output/MFS-126/IlluminaWGS/Pilon_IlluminaPE_AlignedTo_H37rv_minMQ_1_minDP_5_Fix_All_Breaks/MFS-126.IllPE.H37rv.vcf.gz
MFS-125,/n/data1/hms/dbmi/farhat/rollingDB/TRUST/220617.TRUST.Set1.Illumina.Output/MFS-125/IlluminaWGS/Pilon_IlluminaPE_AlignedTo_H37rv_minMQ_1_minDP_5_Fix_All_Breaks/MFS-125.IllPE.H37rv.vcf.gz
MFS-127,/n/data1/hms/dbmi/farhat/rollingDB/TRUST/220617.TRUST.Set1.Illumina.Output/MFS-127/IlluminaWGS/Pilon_IlluminaPE_AlignedTo_H37rv_minMQ_1_minDP_5_Fix_All_Breaks/MFS-127.IllPE.H37rv.vcf.gz
MFS-128,/n/data1/hms/dbmi/farhat/rollingDB/TRUST/220617.TRUST.Set1.Illumina.Output/MFS-128/IlluminaWGS/Pilon_IlluminaPE_AlignedTo_H37rv_minMQ_1_minDP_5_Fix_All_Breaks/MFS-128.IllPE.H37rv.vcf.gz
MFS-129,/n/data1/hms/dbmi/farhat/rollingDB/TRUST/220617.TRUST.Set1.Illumina.Output/MFS-129/IlluminaWGS/Pilon_IlluminaPE_AlignedTo_H37rv_minMQ_1_minDP_5_Fix_All_Breaks/MFS-129.IllPE.H37rv.vcf.gz
MFS-130,/n/data1/hms/dbmi/farhat/rollingDB/TRUST/220617.TRUST.Set1.Illumina.Output/MFS-130/IlluminaWGS/Pilon_IlluminaPE_AlignedTo_H37rv_minMQ_1_minDP_5_Fix_All_Breaks/MFS-130.IllPE.H37rv.vcf.gz
MFS-131,/n/data1/hms/dbmi/farhat/rollingDB/TRUST/220617.TRUST.Set1.Illumina.Output/MFS-131/IlluminaWGS/Pilon_IlluminaPE_AlignedTo_H37rv_minMQ_1_minDP_5_Fix_All_Breaks/MFS-131.IllPE.H37rv.vcf.gz
MFS-132,/n/data1/hms/dbmi/farhat/rollingDB/TRUST/220617.TRUST.Set1.Illumina.Output/MFS-132/IlluminaWGS/Pilon_IlluminaPE_AlignedTo_H37rv_minMQ_1_minDP_5_Fix_All_Breaks/MFS-132.IllPE.H37rv.vcf.gz
MFS-134,/n/data1/hms/dbmi/farhat/rollingDB/TRUST/220617.TRUST.Set1.Illumina.Output/MFS-134/IlluminaWGS/Pilon_IlluminaPE_AlignedTo_H37rv_minMQ_1_minDP_5_Fix_All_Breaks/MFS-134.IllPE.H37rv.vcf.gz
MFS-133,/n/data1/hms/dbmi/farhat/rollingDB/TRUST/220617.TRUST.Set1.Illumina.Output/MFS-133/IlluminaWGS/Pilon_IlluminaPE_AlignedTo_H37rv_minMQ_1_minDP_5_Fix_All_Breaks/MFS-133.IllPE.H37rv.vcf.gz
MFS-135,/n/data1/hms/dbmi/farhat/rollingDB/TRUST/220617.TRUST.Set1.Illumina.Output/MFS-135/IlluminaWGS/Pilon_IlluminaPE_AlignedTo_H37rv_minMQ_1_minDP_5_Fix_All_Breaks/MFS-135.IllPE.H37rv.vcf.gz
MFS-136,/n/data1/hms/dbmi/farhat/rollingDB/TRUST/220617.TRUST.Set1.Illumina.Output/MFS-136/IlluminaWGS/Pilon_IlluminaPE_AlignedTo_H37rv_minMQ_1_minDP_5_Fix_All_Breaks/MFS-136.IllPE.H37rv.vcf.gz
MFS-137,/n/data1/hms/dbmi/farhat/rollingDB/TRUST/220617.TRUST.Set1.Illumina.Output/MFS-137/IlluminaWGS/Pilon_IlluminaPE_AlignedTo_H37rv_minMQ_1_minDP_5_Fix_All_Breaks/MFS-137.IllPE.H37rv.vcf.gz
MFS-138,/n/data1/hms/dbmi/farhat/rollingDB/TRUST/220617.TRUST.Set1.Illumina.Output/MFS-138/IlluminaWGS/Pilon_IlluminaPE_AlignedTo_H37rv_minMQ_1_minDP_5_Fix_All_Breaks/MFS-138.IllPE.H37rv.vcf.gz
MFS-139,/n/data1/hms/dbmi/farhat/rollingDB/TRUST/220617.TRUST.Set1.Illumina.Output/MFS-139/IlluminaWGS/Pilon_IlluminaPE_AlignedTo_H37rv_minMQ_1_minDP_5_Fix_All_Breaks/MFS-139.IllPE.H37rv.vcf.gz
MFS-141,/n/data1/hms/dbmi/farhat/rollingDB/TRUST/220617.TRUST.Set1.Illumina.Output/MFS-141/IlluminaWGS/Pilon_IlluminaPE_AlignedTo_H37rv_minMQ_1_minDP_5_Fix_All_Breaks/MFS-141.IllPE.H37rv.vcf.gz
MFS-140,/n/data1/hms/dbmi/farhat/rollingDB/TRUST/220617.TRUST.Set1.Illumina.Output/MFS-140/IlluminaWGS/Pilon_IlluminaPE_AlignedTo_H37rv_minMQ_1_minDP_5_Fix_All_Breaks/MFS-140.IllPE.H37rv.vcf.gz
MFS-142,/n/data1/hms/dbmi/farhat/rollingDB/TRUST/220617.TRUST.Set1.Illumina.Output/MFS-142/IlluminaWGS/Pilon_IlluminaPE_AlignedTo_H37rv_minMQ_1_minDP_5_Fix_All_Breaks/MFS-142.IllPE.H37rv.vcf.gz
MFS-143,/n/data1/hms/dbmi/farhat/rollingDB/TRUST/220617.TRUST.Set1.Illumina.Output/MFS-143/IlluminaWGS/Pilon_IlluminaPE_AlignedTo_H37rv_minMQ_1_minDP_5_Fix_All_Breaks/MFS-143.IllPE.H37rv.vcf.gz
MFS-145,/n/data1/hms/dbmi/farhat/rollingDB/TRUST/220617.TRUST.Set1.Illumina.Output/MFS-145/IlluminaWGS/Pilon_IlluminaPE_AlignedTo_H37rv_minMQ_1_minDP_5_Fix_All_Breaks/MFS-145.IllPE.H37rv.vcf.gz
MFS-144,/n/data1/hms/dbmi/farhat/rollingDB/TRUST/220617.TRUST.Set1.Illumina.Output/MFS-144/IlluminaWGS/Pilon_IlluminaPE_AlignedTo_H37rv_minMQ_1_minDP_5_Fix_All_Breaks/MFS-144.IllPE.H37rv.vcf.gz
MFS-146,/n/data1/hms/dbmi/farhat/rollingDB/TRUST/220617.TRUST.Set1.Illumina.Output/MFS-146/IlluminaWGS/Pilon_IlluminaPE_AlignedTo_H37rv_minMQ_1_minDP_5_Fix_All_Breaks/MFS-146.IllPE.H37rv.vcf.gz
MFS-147,/n/data1/hms/dbmi/farhat/rollingDB/TRUST/220617.TRUST.Set1.Illumina.Output/MFS-147/IlluminaWGS/Pilon_IlluminaPE_AlignedTo_H37rv_minMQ_1_minDP_5_Fix_All_Breaks/MFS-147.IllPE.H37rv.vcf.gz
MFS-149,/n/data1/hms/dbmi/farhat/rollingDB/TRUST/220617.TRUST.Set1.Illumina.Output/MFS-149/IlluminaWGS/Pilon_IlluminaPE_AlignedTo_H37rv_minMQ_1_minDP_5_Fix_All_Breaks/MFS-149.IllPE.H37rv.vcf.gz
MFS-148,/n/data1/hms/dbmi/farhat/rollingDB/TRUST/220617.TRUST.Set1.Illumina.Output/MFS-148/IlluminaWGS/Pilon_IlluminaPE_AlignedTo_H37rv_minMQ_1_minDP_5_Fix_All_Breaks/MFS-148.IllPE.H37rv.vcf.gz
MFS-150,/n/data1/hms/dbmi/farhat/rollingDB/TRUST/220617.TRUST.Set1.Illumina.Output/MFS-150/IlluminaWGS/Pilon_IlluminaPE_AlignedTo_H37rv_minMQ_1_minDP_5_Fix_All_Breaks/MFS-150.IllPE.H37rv.vcf.gz
MFS-151,/n/data1/hms/dbmi/farhat/rollingDB/TRUST/220617.TRUST.Set1.Illumina.Output/MFS-151/IlluminaWGS/Pilon_IlluminaPE_AlignedTo_H37rv_minMQ_1_minDP_5_Fix_All_Breaks/MFS-151.IllPE.H37rv.vcf.gz
MFS-153,/n/data1/hms/dbmi/farhat/rollingDB/TRUST/220617.TRUST.Set1.Illumina.Output/MFS-153/IlluminaWGS/Pilon_IlluminaPE_AlignedTo_H37rv_minMQ_1_minDP_5_Fix_All_Breaks/MFS-153.IllPE.H37rv.vcf.gz
MFS-152,/n/data1/hms/dbmi/farhat/rollingDB/TRUST/220617.TRUST.Set1.Illumina.Output/MFS-152/IlluminaWGS/Pilon_IlluminaPE_AlignedTo_H37rv_minMQ_1_minDP_5_Fix_All_Breaks/MFS-152.IllPE.H37rv.vcf.gz
MFS-154,/n/data1/hms/dbmi/farhat/rollingDB/TRUST/220617.TRUST.Set1.Illumina.Output/MFS-154/IlluminaWGS/Pilon_IlluminaPE_AlignedTo_H37rv_minMQ_1_minDP_5_Fix_All_Breaks/MFS-154.IllPE.H37rv.vcf.gz
MFS-155,/n/data1/hms/dbmi/farhat/rollingDB/TRUST/220617.TRUST.Set1.Illumina.Output/MFS-155/IlluminaWGS/Pilon_IlluminaPE_AlignedTo_H37rv_minMQ_1_minDP_5_Fix_All_Breaks/MFS-155.IllPE.H37rv.vcf.gz
MFS-157,/n/data1/hms/dbmi/farhat/rollingDB/TRUST/220617.TRUST.Set1.Illumina.Output/MFS-157/IlluminaWGS/Pilon_IlluminaPE_AlignedTo_H37rv_minMQ_1_minDP_5_Fix_All_Breaks/MFS-157.IllPE.H37rv.vcf.gz
MFS-156,/n/data1/hms/dbmi/farhat/rollingDB/TRUST/220617.TRUST.Set1.Illumina.Output/MFS-156/IlluminaWGS/Pilon_IlluminaPE_AlignedTo_H37rv_minMQ_1_minDP_5_Fix_All_Breaks/MFS-156.IllPE.H37rv.vcf.gz
MFS-158,/n/data1/hms/dbmi/farhat/rollingDB/TRUST/220617.TRUST.Set1.Illumina.Output/MFS-158/IlluminaWGS/Pilon_IlluminaPE_AlignedTo_H37rv_minMQ_1_minDP_5_Fix_All_Breaks/MFS-158.IllPE.H37rv.vcf.gz
MFS-159,/n/data1/hms/dbmi/farhat/rollingDB/TRUST/220617.TRUST.Set1.Illumina.Output/MFS-159/IlluminaWGS/Pilon_IlluminaPE_AlignedTo_H37rv_minMQ_1_minDP_5_Fix_All_Breaks/MFS-159.IllPE.H37rv.vcf.gz
MFS-160,/n/data1/hms/dbmi/farhat/rollingDB/TRUST/220617.TRUST.Set1.Illumina.Output/MFS-160/IlluminaWGS/Pilon_IlluminaPE_AlignedTo_H37rv_minMQ_1_minDP_5_Fix_All_Breaks/MFS-160.IllPE.H37rv.vcf.gz
MFS-161,/n/data1/hms/dbmi/farhat/rollingDB/TRUST/220617.TRUST.Set1.Illumina.Output/MFS-161/IlluminaWGS/Pilon_IlluminaPE_AlignedTo_H37rv_minMQ_1_minDP_5_Fix_All_Breaks/MFS-161.IllPE.H37rv.vcf.gz
MFS-162,/n/data1/hms/dbmi/farhat/rollingDB/TRUST/220617.TRUST.Set1.Illumina.Output/MFS-162/IlluminaWGS/Pilon_IlluminaPE_AlignedTo_H37rv_minMQ_1_minDP_5_Fix_All_Breaks/MFS-162.IllPE.H37rv.vcf.gz
MFS-163,/n/data1/hms/dbmi/farhat/rollingDB/TRUST/220617.TRUST.Set1.Illumina.Output/MFS-163/IlluminaWGS/Pilon_IlluminaPE_AlignedTo_H37rv_minMQ_1_minDP_5_Fix_All_Breaks/MFS-163.IllPE.H37rv.vcf.gz
MFS-165,/n/data1/hms/dbmi/farhat/rollingDB/TRUST/220617.TRUST.Set1.Illumina.Output/MFS-165/IlluminaWGS/Pilon_IlluminaPE_AlignedTo_H37rv_minMQ_1_minDP_5_Fix_All_Breaks/MFS-165.IllPE.H37rv.vcf.gz
MFS-164,/n/data1/hms/dbmi/farhat/rollingDB/TRUST/220617.TRUST.Set1.Illumina.Output/MFS-164/IlluminaWGS/Pilon_IlluminaPE_AlignedTo_H37rv_minMQ_1_minDP_5_Fix_All_Breaks/MFS-164.IllPE.H37rv.vcf.gz
MFS-166,/n/data1/hms/dbmi/farhat/rollingDB/TRUST/220617.TRUST.Set1.Illumina.Output/MFS-166/IlluminaWGS/Pilon_IlluminaPE_AlignedTo_H37rv_minMQ_1_minDP_5_Fix_All_Breaks/MFS-166.IllPE.H37rv.vcf.gz
MFS-167,/n/data1/hms/dbmi/farhat/rollingDB/TRUST/220617.TRUST.Set1.Illumina.Output/MFS-167/IlluminaWGS/Pilon_IlluminaPE_AlignedTo_H37rv_minMQ_1_minDP_5_Fix_All_Breaks/MFS-167.IllPE.H37rv.vcf.gz
MFS-168,/n/data1/hms/dbmi/farhat/rollingDB/TRUST/220617.TRUST.Set1.Illumina.Output/MFS-168/IlluminaWGS/Pilon_IlluminaPE_AlignedTo_H37rv_minMQ_1_minDP_5_Fix_All_Breaks/MFS-168.IllPE.H37rv.vcf.gz
MFS-170,/n/data1/hms/dbmi/farhat/rollingDB/TRUST/220617.TRUST.Set1.Illumina.Output/MFS-170/IlluminaWGS/Pilon_IlluminaPE_AlignedTo_H37rv_minMQ_1_minDP_5_Fix_All_Breaks/MFS-170.IllPE.H37rv.vcf.gz
MFS-169,/n/data1/hms/dbmi/farhat/rollingDB/TRUST/220617.TRUST.Set1.Illumina.Output/MFS-169/IlluminaWGS/Pilon_IlluminaPE_AlignedTo_H37rv_minMQ_1_minDP_5_Fix_All_Breaks/MFS-169.IllPE.H37rv.vcf.gz
MFS-171,/n/data1/hms/dbmi/farhat/rollingDB/TRUST/220617.TRUST.Set1.Illumina.Output/MFS-171/IlluminaWGS/Pilon_IlluminaPE_AlignedTo_H37rv_minMQ_1_minDP_5_Fix_All_Breaks/MFS-171.IllPE.H37rv.vcf.gz
MFS-172,/n/data1/hms/dbmi/farhat/rollingDB/TRUST/220617.TRUST.Set1.Illumina.Output/MFS-172/IlluminaWGS/Pilon_IlluminaPE_AlignedTo_H37rv_minMQ_1_minDP_5_Fix_All_Breaks/MFS-172.IllPE.H37rv.vcf.gz
MFS-173,/n/data1/hms/dbmi/farhat/rollingDB/TRUST/220617.TRUST.Set1.Illumina.Output/MFS-173/IlluminaWGS/Pilon_IlluminaPE_AlignedTo_H37rv_minMQ_1_minDP_5_Fix_All_Breaks/MFS-173.IllPE.H37rv.vcf.gz
MFS-174,/n/data1/hms/dbmi/farhat/rollingDB/TRUST/220617.TRUST.Set1.Illumina.Output/MFS-174/IlluminaWGS/Pilon_IlluminaPE_AlignedTo_H37rv_minMQ_1_minDP_5_Fix_All_Breaks/MFS-174.IllPE.H37rv.vcf.gz
MFS-175,/n/data1/hms/dbmi/farhat/rollingDB/TRUST/220617.TRUST.Set1.Illumina.Output/MFS-175/IlluminaWGS/Pilon_IlluminaPE_AlignedTo_H37rv_minMQ_1_minDP_5_Fix_All_Breaks/MFS-175.IllPE.H37rv.vcf.gz
MFS-176,/n/data1/hms/dbmi/farhat/rollingDB/TRUST/220617.TRUST.Set1.Illumina.Output/MFS-176/IlluminaWGS/Pilon_IlluminaPE_AlignedTo_H37rv_minMQ_1_minDP_5_Fix_All_Breaks/MFS-176.IllPE.H37rv.vcf.gz
MFS-272,/n/data1/hms/dbmi/farhat/rollingDB/TRUST/221216.TRUST.Illumina.Batch2.Output/MFS-272/IlluminaWGS/Pilon_IlluminaPE_AlignedTo_H37rv_minMQ_1_minDP_5_Fix_All_Breaks/MFS-272.IllPE.H37rv.vcf.gz
MFS-177,/n/data1/hms/dbmi/farhat/rollingDB/TRUST/220617.TRUST.Set1.Illumina.Output/MFS-177/IlluminaWGS/Pilon_IlluminaPE_AlignedTo_H37rv_minMQ_1_minDP_5_Fix_All_Breaks/MFS-177.IllPE.H37rv.vcf.gz
MFS-260,/n/data1/hms/dbmi/farhat/rollingDB/TRUST/221216.TRUST.Illumina.Batch2.Output/MFS-260/IlluminaWGS/Pilon_IlluminaPE_AlignedTo_H37rv_minMQ_1_minDP_5_Fix_All_Breaks/MFS-260.IllPE.H37rv.vcf.gz
MFS-179,/n/data1/hms/dbmi/farhat/rollingDB/TRUST/220617.TRUST.Set1.Illumina.Output/MFS-179/IlluminaWGS/Pilon_IlluminaPE_AlignedTo_H37rv_minMQ_1_minDP_5_Fix_All_Breaks/MFS-179.IllPE.H37rv.vcf.gz
MFS-178,/n/data1/hms/dbmi/farhat/rollingDB/TRUST/220617.TRUST.Set1.Illumina.Output/MFS-178/IlluminaWGS/Pilon_IlluminaPE_AlignedTo_H37rv_minMQ_1_minDP_5_Fix_All_Breaks/MFS-178.IllPE.H37rv.vcf.gz
MFS-180,/n/data1/hms/dbmi/farhat/rollingDB/TRUST/220617.TRUST.Set1.Illumina.Output/MFS-180/IlluminaWGS/Pilon_IlluminaPE_AlignedTo_H37rv_minMQ_1_minDP_5_Fix_All_Breaks/MFS-180.IllPE.H37rv.vcf.gz
MFS-181,/n/data1/hms/dbmi/farhat/rollingDB/TRUST/220617.TRUST.Set1.Illumina.Output/MFS-181/IlluminaWGS/Pilon_IlluminaPE_AlignedTo_H37rv_minMQ_1_minDP_5_Fix_All_Breaks/MFS-181.IllPE.H37rv.vcf.gz
MFS-183,/n/data1/hms/dbmi/farhat/rollingDB/TRUST/220617.TRUST.Set1.Illumina.Output/MFS-183/IlluminaWGS/Pilon_IlluminaPE_AlignedTo_H37rv_minMQ_1_minDP_5_Fix_All_Breaks/MFS-183.IllPE.H37rv.vcf.gz
MFS-182,/n/data1/hms/dbmi/farhat/rollingDB/TRUST/220617.TRUST.Set1.Illumina.Output/MFS-182/IlluminaWGS/Pilon_IlluminaPE_AlignedTo_H37rv_minMQ_1_minDP_5_Fix_All_Breaks/MFS-182.IllPE.H37rv.vcf.gz
MFS-184,/n/data1/hms/dbmi/farhat/rollingDB/TRUST/220617.TRUST.Set1.Illumina.Output/MFS-184/IlluminaWGS/Pilon_IlluminaPE_AlignedTo_H37rv_minMQ_1_minDP_5_Fix_All_Breaks/MFS-184.IllPE.H37rv.vcf.gz
MFS-186,/n/data1/hms/dbmi/farhat/rollingDB/TRUST/220617.TRUST.Set1.Illumina.Output/MFS-186/IlluminaWGS/Pilon_IlluminaPE_AlignedTo_H37rv_minMQ_1_minDP_5_Fix_All_Breaks/MFS-186.IllPE.H37rv.vcf.gz
MFS-185,/n/data1/hms/dbmi/farhat/rollingDB/TRUST/220617.TRUST.Set1.Illumina.Output/MFS-185/IlluminaWGS/Pilon_IlluminaPE_AlignedTo_H37rv_minMQ_1_minDP_5_Fix_All_Breaks/MFS-185.IllPE.H37rv.vcf.gz
MFS-188,/n/data1/hms/dbmi/farhat/rollingDB/TRUST/220617.TRUST.Set1.Illumina.Output/MFS-188/IlluminaWGS/Pilon_IlluminaPE_AlignedTo_H37rv_minMQ_1_minDP_5_Fix_All_Breaks/MFS-188.IllPE.H37rv.vcf.gz
MFS-187,/n/data1/hms/dbmi/farhat/rollingDB/TRUST/220617.TRUST.Set1.Illumina.Output/MFS-187/IlluminaWGS/Pilon_IlluminaPE_AlignedTo_H37rv_minMQ_1_minDP_5_Fix_All_Breaks/MFS-187.IllPE.H37rv.vcf.gz
MFS-189,/n/data1/hms/dbmi/farhat/rollingDB/TRUST/220617.TRUST.Set1.Illumina.Output/MFS-189/IlluminaWGS/Pilon_IlluminaPE_AlignedTo_H37rv_minMQ_1_minDP_5_Fix_All_Breaks/MFS-189.IllPE.H37rv.vcf.gz
MFS-262,/n/data1/hms/dbmi/farhat/rollingDB/TRUST/221216.TRUST.Illumina.Batch2.Output/MFS-262/IlluminaWGS/Pilon_IlluminaPE_AlignedTo_H37rv_minMQ_1_minDP_5_Fix_All_Breaks/MFS-262.IllPE.H37rv.vcf.gz
MFS-190,/n/data1/hms/dbmi/farhat/rollingDB/TRUST/220617.TRUST.Set1.Illumina.Output/MFS-190/IlluminaWGS/Pilon_IlluminaPE_AlignedTo_H37rv_minMQ_1_minDP_5_Fix_All_Breaks/MFS-190.IllPE.H37rv.vcf.gz
MFS-261,/n/data1/hms/dbmi/farhat/rollingDB/TRUST/221216.TRUST.Illumina.Batch2.Output/MFS-261/IlluminaWGS/Pilon_IlluminaPE_AlignedTo_H37rv_minMQ_1_minDP_5_Fix_All_Breaks/MFS-261.IllPE.H37rv.vcf.gz
MFS-279,/n/data1/hms/dbmi/farhat/rollingDB/TRUST/221216.TRUST.Illumina.Batch2.Output/MFS-279/IlluminaWGS/Pilon_IlluminaPE_AlignedTo_H37rv_minMQ_1_minDP_5_Fix_All_Breaks/MFS-279.IllPE.H37rv.vcf.gz
