covariate,coef,exp(coef),se(coef),coef_transformed,se_transformed,imp_num,pval,OR,OR_lower,OR_upper,exclude_resistance,MIC_type,tb_deaths_only,include_drugs,num_pids,significant
HIV_Low_CD4,0.3979186885627304,1.4887229747809854,0.15592888863149784,1.3611431087613977,0.5333791508616907,1,0.010712985422330325,3.900649621038126,1.3712725577425473,11.095582260577444,0,measured,True,RIF,372,1.0
RIF_midpoint,-0.016317722213489136,0.9838146906120914,0.2066110483113558,-0.035946458591611725,0.4551453564121911,1,0.9370501417149562,0.9646919430657076,0.39533769119671,2.3540142155401824,0,measured,True,RIF,372,
TTP_baseline,0.106514853452994,1.1123944492216364,0.258301314649929,0.29564836125433813,0.7169550340675619,1,0.6800706875325191,1.3439974721445205,0.3297047625019959,5.478626366884603,0,measured,True,RIF,372,
RIF_AUC,-0.5352173985261343,0.5855419803432972,0.32109456829412203,-0.05409800700579469,0.032455178499302545,1,0.09554366693088763,0.9473392560679171,0.8889547114859859,1.0095583661254521,0,measured,True,RIF,372,
smear_pos_no_contam_sputum_specimen_1,0.20939610047562396,1.2329332672757103,0.2686359860192435,0.4778998089147114,0.6131016102716609,1,0.43569762363978104,1.6126838987390457,0.4849268296722842,5.363178933633692,0,measured,True,RIF,372,
HIV_High_CD4,0.1889797043184459,1.208016434717229,0.19845453057122447,0.5064037327302906,0.5317931648848296,1,0.34096668924566087,1.6593131185501453,0.5851472712721635,4.705345407159875,0,measured,True,RIF,372,
fstrom1_baseline,0.041065262257115424,1.0419201013842248,0.20817102074856106,0.08753938265917947,0.44376101946609947,1,0.84361864153628,1.0914852491880875,0.4573912016097154,2.6046413770147963,0,measured,True,RIF,372,
F2,0.028921276574786856,1.029343557834838,0.1799397449605492,0.05219043981248796,0.32471368976240245,1,0.8723079800552102,1.0535763662950197,0.557531264494824,1.9909612793126557,0,measured,True,RIF,372,
high_lung_involvement,0.058520024461135245,1.0602662167416765,0.2273137486192269,0.1171266452752343,0.45496386998932353,1,0.7968378609810325,1.124261803120377,0.46089448079466305,2.7424164415598637,0,measured,True,RIF,372,
screen_years,-0.11967509156571868,0.8872086514667494,0.225852963891272,-0.009381677146635447,0.01770526817332795,1,0.5961947558914285,0.9906621934858449,0.9568741842330317,1.025643284951638,0,measured,True,RIF,372,
bl_bmi,-0.15296277555430568,0.8581616658091672,0.278240523457467,-0.045884613787760924,0.0834644828631376,1,0.5824907394847177,0.9551521672232096,0.8110123521746966,1.1249097009495068,0,measured,True,RIF,372,
Lineage_2,0.07641480028772102,1.0794102209790812,0.2013208648079616,0.15262625206392813,0.4021059918001958,1,0.7042667000758225,1.164889522517544,0.5296774673587903,2.5618752605006994,0,measured,True,RIF,372,
diabetes,0.26506364917356134,1.3035139407230685,0.1747722089024991,1.2335896412861416,0.8133789267560009,1,0.12936175424046759,3.4335325916492976,0.6972552234923974,16.907935087052785,0,measured,True,RIF,372,
screen_sex,-0.05198721912128244,0.949341000177537,0.23200786280444918,-0.10607185033889661,0.47337602812392393,1,0.8226987529572065,0.8993600264317192,0.35562736757958824,2.2744269167142908,0,measured,True,RIF,372,
HIV_Low_CD4,0.4074405099493175,1.5029660313491169,0.15387724562616278,1.3937139880282727,0.52636118508472,1,0.008101068302447655,4.029788882170876,1.43629233010201,11.306332349288974,0,measured,True,INH,372,1.0
TTP_baseline,0.08817207574551121,1.0921760428662304,0.2588621145298264,0.24473516000336787,0.7185116204037245,1,0.7333941435960254,1.2772829927829674,0.31238410629055074,5.222582746047868,0,measured,True,INH,372,
INH_midpoint,-0.10426734262760108,0.9009843936854853,0.1991814242191966,-0.2752040303577873,0.5257209912149101,1,0.6006407869396353,0.7594171632617076,0.27101035755958963,2.1280161874612156,0,measured,True,INH,372,
smear_pos_no_contam_sputum_specimen_1,0.19487248597609072,1.215156027175495,0.26715132023102695,0.4447529041809919,0.6097131923647405,1,0.4657288332151721,1.5601046528646627,0.4722423396229454,5.153977785713368,0,measured,True,INH,372,
HIV_High_CD4,0.1338640859656595,1.1432374270739478,0.19817410171746538,0.35871192124053775,0.5310417073734474,1,0.49936622683091914,1.4314843619277868,0.5055488038421335,4.053312880715834,0,measured,True,INH,372,
fstrom1_baseline,0.07177150328325932,1.074409816898211,0.20631664018029813,0.15299629771265275,0.4398080109806176,1,0.7279373297492716,1.1653206645827994,0.49213039657228047,2.7593748745496325,0,measured,True,INH,372,
F2,0.04520572736656759,1.0462430786031207,0.17962194526027678,0.08157685526791007,0.32414019826777196,1,0.8012949749814632,1.0849966020842243,0.5748039463021831,2.048033306151714,0,measured,True,INH,372,
high_lung_involvement,0.08348695508417468,1.087071034450243,0.22931310142256234,0.16709745191148626,0.4589655341843178,1,0.715802696080692,1.1818694351320913,0.4807256887402593,2.9056391085731255,0,measured,True,INH,372,
screen_years,-0.1885677422126725,0.8281444012042688,0.22581720923174217,-0.014782371624406035,0.017702465261980167,1,0.4036918466370063,0.9853263512444391,0.9517255572267944,1.020113425645166,0,measured,True,INH,372,
bl_bmi,-0.30646318857224825,0.7360456125705546,0.2583331692476036,-0.09193050398599109,0.07749282566650516,1,0.23549995004208046,0.9121685394199871,0.7836336497282456,1.0617862627468047,0,measured,True,INH,372,
INH_AUC,0.10860852607606607,1.114725878799524,0.23501892190066287,0.016460786819617775,0.03561963790277169,1,0.643990441965894,1.0165970120024406,0.9480458427053443,1.0901049698854022,0,measured,True,INH,372,
Lineage_2,0.08836298401136873,1.0923845682045572,0.19846554438902386,0.17649082402963687,0.39640294929608416,1,0.6561529309412776,1.193023479561281,0.5485676448127927,2.5945843438692626,0,measured,True,INH,372,
diabetes,0.22250681929733662,1.2492043383174245,0.17261467700299266,1.0355328173309548,0.8033379082675215,1,0.19738499436025292,2.816606572682182,0.5833426378329472,13.599678937832637,0,measured,True,INH,372,
screen_sex,0.1438075470359098,1.1546618690410568,0.2209289367603877,0.29341697564569735,0.45077119937707705,1,0.5150967173522246,1.341001838976456,0.5542838602135399,3.2443411421819857,0,measured,True,INH,372,
EMB_midpoint,0.11042711137030212,1.1167549473477045,0.2173964460821452,0.27211436739798783,0.5357080853255309,1,0.6114865162246796,1.3127371270556625,0.4593907214357862,3.7512267539152604,0,measured,True,EMB,371,
HIV_Low_CD4,0.4136160591542752,1.5122763907309367,0.1550327392595389,1.4131281520455197,0.5296726843351885,1,0.007632079746357102,4.108788236407679,1.4549750710153526,11.603044689872894,0,measured,True,EMB,371,1.0
TTP_baseline,0.07240592632896138,1.075091663513313,0.2567918927460812,0.2008152483734849,0.7122031349728787,1,0.7779715413323656,1.2223989107728557,0.30268057246102315,4.936752580151416,0,measured,True,EMB,371,
smear_pos_no_contam_sputum_specimen_1,0.185199288874154,1.2034582520711221,0.2664446635772355,0.4223039738819979,0.6075651852247567,1,0.48700767935913614,1.5254721579072328,0.4637072245791565,5.0183934629487545,0,measured,True,EMB,371,
HIV_High_CD4,0.181753027868926,1.1993179591883014,0.20125179119573805,0.4865129300412372,0.5387068361870496,1,0.3664661388213847,1.626634131778749,0.5659027320149046,4.675606688178907,0,measured,True,EMB,371,
bl_bmi,-0.27595101988218823,0.7588500984182179,0.2651885552055422,-0.08266663093102962,0.07944252001557665,1,0.2980685684924108,0.9206580149724658,0.7879102362488523,1.0757712510100361,0,measured,True,EMB,371,
fstrom1_baseline,0.07932456961166588,1.082555629715681,0.20749610507849636,0.1693433151632566,0.4429658867293549,1,0.7022431129921083,1.1845267351141044,0.49715478178566225,2.8222671039398715,0,measured,True,EMB,371,
F2,0.04488513717914623,1.0459077170981392,0.18153445070628252,0.08089130237565094,0.3271585889349156,1,0.8047115791709805,1.0842530344321732,0.571021881228547,2.0587733698506883,0,measured,True,EMB,371,
high_lung_involvement,0.04950191865459679,1.0507476082346188,0.23120246497825295,0.09906086405549976,0.4626712776996646,1,0.8304641147016351,1.1041334995564251,0.4458564780176253,2.7343121496476828,0,measured,True,EMB,371,
screen_years,-0.10655914126653877,0.8989218832104332,0.23443019920392466,-0.008342495764786496,0.018353497604723348,1,0.649436407087542,0.9916922062853868,0.9566528609529084,1.0280149384883186,0,measured,True,EMB,371,
EMB_AUC,-0.13134968089187601,0.876911081722733,0.24136351647321128,-0.02825472569254016,0.05191988213318361,1,0.586304834699424,0.9721407060452134,0.8780815353853203,1.0762753961514235,0,measured,True,EMB,371,
Lineage_2,0.048759009225707514,1.049967287818665,0.2070812454099733,0.09738685764094632,0.41360544619553447,1,0.813852998794224,1.1022867191880048,0.49004163567992454,2.479454647996212,0,measured,True,EMB,371,
diabetes,0.24297675715330203,1.2750389882383122,0.1717387032130508,1.1293510061776912,0.7982379859936122,1,0.15712570990326055,3.093648089973525,0.6471567786936739,14.78877888587647,0,measured,True,EMB,371,
screen_sex,0.10072340733259437,1.1059706960693079,0.22304215690177412,0.20541631617222236,0.4548743875450976,1,0.6515650224494824,1.2280362098910975,0.5035254102306996,2.9950284576755313,0,measured,True,EMB,371,
HIV_Low_CD4,0.37819169669513764,1.4596427247447255,0.1563307852814453,1.2921000566625014,0.53410748645568,1,0.015555708160173036,3.6404236296998995,1.277964553092267,10.370150073106576,0,measured,True,"RIF,INH,EMB",371,1.0
RIF_midpoint,-0.030398609752601724,0.9700587815811409,0.20988236039767635,-0.0668753396819042,0.46173013368261523,1,0.8848400262009029,0.9353117903349166,0.37838246895540284,2.3119679607635684,0,measured,True,"RIF,INH,EMB",371,
TTP_baseline,0.11181060592071786,1.1183010409909655,0.26366555322131924,0.31010271861928784,0.7312669865877128,1,0.6715204204329572,1.3635651704704774,0.32525225184812,5.716516837486514,0,measured,True,"RIF,INH,EMB",371,
RIF_AUC,-0.5429091511707081,0.5810554131698413,0.3577562048513377,-0.05488114206139351,0.03616455729186572,1,0.1291305433715802,0.9465976519129532,0.8818243681636865,1.0161287745688492,0,measured,True,"RIF,INH,EMB",371,
INH_midpoint,-0.0989267336685705,0.9058090709000369,0.19843735488786965,-0.26115665446066416,0.5238547134909,1,0.6181113849248907,0.7701602611241491,0.27585138290277433,2.150240544648188,0,measured,True,"RIF,INH,EMB",371,
smear_pos_no_contam_sputum_specimen_1,0.24514553542069625,1.2778072658912174,0.27167036385962867,0.558997469250207,0.6194811812795282,1,0.3668635788126279,1.7489182767601819,0.5193572263642428,5.88942443373383,0,measured,True,"RIF,INH,EMB",371,
fstrom1_baseline,0.024256821394370305,1.0245534113408696,0.21083579464890018,0.05178383658877831,0.45009550755474365,1,0.9084048772472021,1.0531480658281358,0.43588050346420676,2.5445525545251217,0,measured,True,"RIF,INH,EMB",371,
screen_years,-0.1453627950465944,0.8647085242279468,0.24193342356474673,-0.011380426752880979,0.01894092367355614,1,0.5479478895864996,0.98868408534667,0.9526535715659188,1.0260773168687412,0,measured,True,"RIF,INH,EMB",371,
INH_AUC,0.35956162570562583,1.43270121749241,0.3195883493754808,0.05442215885186835,0.048371924792547975,1,0.26055624181070103,1.0559302783893552,0.9604195376453468,1.160939265722385,0,measured,True,"RIF,INH,EMB",371,
diabetes,0.2381989431435052,1.2689616189283142,0.17776784436555038,1.1071438242130003,0.8262613109681352,1,0.1802635761165693,3.0257040984390393,0.5991168725643958,15.280633396494418,0,measured,True,"RIF,INH,EMB",371,
EMB_midpoint,0.13040566303884277,1.139290457624217,0.23258203549915316,0.3213454926293865,0.5731283982042937,1,0.5750111088922758,1.378981926693764,0.4484466635668182,4.240395366136356,0,measured,True,"RIF,INH,EMB",371,
HIV_High_CD4,0.17017514380862703,1.185512468307294,0.20077230326097914,0.45552147771772505,0.5374233523144881,1,0.396659277172269,1.5769955366812871,0.5500154351339731,4.521536603980825,0,measured,True,"RIF,INH,EMB",371,
F2,0.06560680001496043,1.0678067730032146,0.18472490520164725,0.11823556373967554,0.332908376849571,1,0.7224701238237418,1.1255092093007684,0.5861070276522515,2.161330474563836,0,measured,True,"RIF,INH,EMB",371,
high_lung_involvement,0.0575998946964787,1.0592910829308135,0.23421967188900478,0.11526614509535023,0.46870916737620033,1,0.8057422015372927,1.1221720584214263,0.4478096871972654,2.8120654034602377,0,measured,True,"RIF,INH,EMB",371,
EMB_AUC,-0.2179587943929764,0.8041585768261791,0.34435514045976906,-0.04688527528985572,0.07407448551409988,1,0.526767796410055,0.9541968612694864,0.8252502551491915,1.1032915704969248,0,measured,True,"RIF,INH,EMB",371,
Lineage_2,0.019591879507141884,1.019785059905052,0.21452723686046046,0.03913105722982242,0.42847739952066427,1,0.9272336886579781,1.0399067620193339,0.4490283674677801,2.4083246227670267,0,measured,True,"RIF,INH,EMB",371,
bl_bmi,-0.13936025216997583,0.8699145833856494,0.27534086207381264,-0.041748142614254635,0.08248384599196251,1,0.6127603394572076,0.9591113094228255,0.8159407719353867,1.1274035267055047,0,measured,True,"RIF,INH,EMB",371,
screen_sex,-0.019723778721596516,0.9804694624345234,0.2408020085165792,-0.04022487000075222,0.49109400512050505,1,0.9347193185772832,0.9605734107204855,0.3668686367327921,2.515072658160293,0,measured,True,"RIF,INH,EMB",371,
HIV_Low_CD4,0.44520592774604384,1.5608115771509474,0.1653310419675325,1.505638194288286,0.5591316646390014,1,0.00708515478710459,4.507029072856813,1.5064565974438204,13.484166153903459,0,predicted,True,RIF,373,1.0
TTP_baseline,0.12614004287616676,1.1344410275435504,0.26547681455910416,0.35051666144671606,0.7377042579739603,1,0.6346834599802645,1.4198009155207965,0.3344201590246142,6.027850251591204,0,predicted,True,RIF,373,
RIF_AUC,-0.5636761797157852,0.5691130516940154,0.335735834334122,-0.056985175447223924,0.033941411952331746,1,0.09316614249282554,0.9446080726549526,0.8838135804224746,1.0095844086242491,0,predicted,True,RIF,373,
smear_pos_no_contam_sputum_specimen_1,0.22838456507737098,1.256568464876028,0.2842762005728938,0.5216955525945483,0.6493680056579666,1,0.4217495395070757,1.6848820352410019,0.47187443741736057,6.0160653927667465,0,predicted,True,RIF,373,
HIV_High_CD4,0.17646872441506875,1.192997114493542,0.20095763590653665,0.4733883796670246,0.5390814149013476,1,0.3798683258048652,1.6054247762518201,0.5581141440591033,4.61803152569856,0,predicted,True,RIF,373,
fstrom1_baseline,0.057501624004170984,1.0591869907774263,0.2070175998930003,0.12266284711415187,0.44161132220842675,1,0.7811950580319129,1.130503204269169,0.4757420708485367,2.6864083989531173,0,predicted,True,RIF,373,
F2,0.059261295205710114,1.0610524524403673,0.17854977251453594,0.10707249790828434,0.322601287699247,1,0.7399621241349432,1.1130149428096656,0.591428544145739,2.094593294794272,0,predicted,True,RIF,373,
RIF_pred_MIC_high,0.9612322001367689,2.6149165896812856,0.34686853905595844,1.9913055836178142,0.7185789848750433,1,0.005585500434948916,7.325091040900814,1.7912552896678158,29.954947832944526,0,predicted,True,RIF,373,1.0
high_lung_involvement,0.11439605899945605,1.1211960967630985,0.23085133335510058,0.2289208392578342,0.4619624263078063,1,0.6202190267184793,1.2572425108202894,0.5083887447335715,3.109153669092482,0,predicted,True,RIF,373,
screen_years,-0.14111229130511435,0.8683917933747118,0.2253140563059236,-0.0110616309113507,0.01766211084055359,1,0.531123722694175,0.9889993239673766,0.9553488358559693,1.0238350915365446,0,predicted,True,RIF,373,
bl_bmi,-0.1217771016073702,0.8853456886415592,0.27856662557221695,-0.036537572818030536,0.08358014956977693,1,0.6619981394037946,0.9641218684402599,0.8184428922791893,1.13573101553389,0,predicted,True,RIF,373,
Lineage_2,0.8541690443912977,2.349421304417379,0.3676355522267796,1.706101737622405,0.7343085757841488,1,0.02015700223387389,5.507450090864842,1.3058881389590011,23.227109274111754,0,predicted,True,RIF,373,1.0
diabetes,0.3101560072147246,1.3636378348792733,0.1774107339534269,1.445292183534497,0.8267141086856017,1,0.08042299919584107,4.243091723256015,0.8394253780328517,21.447799700974848,0,predicted,True,RIF,373,
screen_sex,-0.008759050035762706,0.9912791986873762,0.23803287442935753,-0.017879722591996855,0.48589307575543955,1,0.9706463490354098,0.9822791712460918,0.3790024341313977,2.5458210379973267,0,predicted,True,RIF,373,
INH_pred_MIC,-0.3848455233442271,0.6805557580625146,0.47188350089750275,-1.110131930668731,1.361203158477438,1,0.414756423750271,0.32951548500904443,0.022867442682844914,4.748255253841849,0,predicted,True,INH,373,
HIV_Low_CD4,0.409320728871135,1.5057945948461124,0.15550616480519097,1.3842783410867945,0.5259049949387492,1,0.008483807939383909,3.991944043081393,1.4240764405593331,11.19014175730201,0,predicted,True,INH,373,1.0
TTP_baseline,0.07083126357550987,1.073400088893537,0.26023857584812504,0.19682519102132862,0.723148293801379,1,0.7854850137242847,1.2175311867188054,0.2950768581981844,5.02371551494994,0,predicted,True,INH,373,
smear_pos_no_contam_sputum_specimen_1,0.19228779068182048,1.2120192746313159,0.26577292176893497,0.4392402139039156,0.6071012340082622,1,0.4693702543128212,1.5515279412113998,0.47205662153026684,5.099470789237387,0,predicted,True,INH,373,
HIV_High_CD4,0.14840596618118967,1.1599837149472956,0.19812143299165821,0.39810827723891923,0.5314731233656576,1,0.45381761855354874,1.4890052465559067,0.5254186512019161,4.219752418760216,0,predicted,True,INH,373,
fstrom1_baseline,0.060184163867257195,1.0620321164780713,0.20598604447760324,0.12838525900776193,0.43941080132923477,1,0.7701521150680839,1.1369909543361383,0.4805403466631553,2.6901974812707685,0,predicted,True,INH,373,
F2,0.056289149115329694,1.057903531386896,0.18070310217638996,0.10170246498982208,0.3264918942901825,1,0.7554199843375361,1.1070540353872549,0.5837923706589264,2.0993228052704858,0,predicted,True,INH,373,
high_lung_involvement,0.06361274902051803,1.0656796333629273,0.22642857747724218,0.12729707667065876,0.4531119379584072,1,0.778756743685345,1.1357543737967581,0.4672989843632413,2.760412585437528,0,predicted,True,INH,373,
screen_years,-0.169978967113448,0.8436825614893715,0.2231029229657546,-0.013324456569386273,0.017488782630243074,1,0.4461281171619408,0.9867639210387175,0.9535133617594866,1.0211739813136569,0,predicted,True,INH,373,
bl_bmi,-0.3061497861959684,0.7362763271659474,0.260832472617145,-0.09185610396957154,0.07825925675487669,1,0.24049875341827376,0.9122364072989517,0.7825155937385535,1.063461571194883,0,predicted,True,INH,373,
INH_AUC,0.09823179105053297,1.1032184716429472,0.23509202849160438,0.014908026462855434,0.03567845139010307,1,0.6760611862211756,1.0150197053699204,0.946465789420117,1.0885390827707204,0,predicted,True,INH,373,
Lineage_2,0.0818887442384765,1.0853350533343789,0.19867213894603794,0.16356309064857613,0.3968241224599084,1,0.6802072664696901,1.1776996546786374,0.5410747186475593,2.5633732806755267,0,predicted,True,INH,373,
diabetes,0.22553327729846548,1.2529907295691156,0.16899226276583496,1.050959759682241,0.7874849777911175,1,0.182014655022541,2.8603950929597977,0.6111074749760578,13.388577988101092,0,predicted,True,INH,373,
screen_sex,0.13916496697276617,1.1493136831647655,0.2195249539524555,0.28407544126796364,0.4481131244444374,1,0.5261220082605054,1.328533153197902,0.5519983931646689,3.1974736901443026,0,predicted,True,INH,373,
HIV_Low_CD4,0.43644377075836155,1.547195242431475,0.15842170933509336,1.4742320038057484,0.5351212908677585,1,0.0058701238281432125,4.367680122819403,1.5302231070035484,12.466567501145096,0,predicted,True,EMB,372,1.0
EMB_pred_MIC,-0.1513090020255619,0.8595820450245144,0.2436098253317254,-1.1105560624465967,1.7880123771353613,1,0.5345258905380564,0.32937575665426566,0.009902223753062609,10.95596219364525,0,predicted,True,EMB,372,
TTP_baseline,0.09464429049460632,1.0992677655799026,0.2596911579785833,0.26278951887026536,0.721058968305575,1,0.7155224413856074,1.3005529482871203,0.3164911215588058,5.34434572119282,0,predicted,True,EMB,372,
smear_pos_no_contam_sputum_specimen_1,0.2097082825488362,1.2333182270248606,0.268788757087707,0.47861229473844863,0.6134502760981047,1,0.4352747075555461,1.6138333225805386,0.4849409477277757,5.3706703986840205,0,predicted,True,EMB,372,
HIV_High_CD4,0.17684373791433192,1.1934445884151956,0.19971757393833342,0.4738833162681253,0.5351777075689816,1,0.3759036850005849,1.6062195564005697,0.5626791448378156,4.585101984021949,0,predicted,True,EMB,372,
bl_bmi,-0.2980727140817191,0.7422473659498471,0.2675918324074763,-0.08931306077027155,0.08017991738379991,1,0.2653186069599499,0.9145592161404875,0.7815604263488417,1.070190520949145,0,predicted,True,EMB,372,
fstrom1_baseline,0.0768346194840746,1.0798634732459327,0.2073218243868665,0.1641437972930741,0.44290700917236386,1,0.7109313450752524,1.1783837513038358,0.494633601648769,2.8073067836643117,0,predicted,True,EMB,372,
F2,0.05342592522047538,1.0548788489552596,0.18382869028420887,0.09640200415818796,0.3317013994992236,1,0.7713351747558632,1.1012016626721615,0.574807088647131,2.109655788563813,0,predicted,True,EMB,372,
high_lung_involvement,0.051110280207846484,1.0524389500698623,0.23015884202895087,0.10226206287798593,0.460504577156978,1,0.8242630909504435,1.1076737138567512,0.44918954860868465,2.731455039792272,0,predicted,True,EMB,372,
screen_years,-0.10171449619544137,0.903287406849073,0.234443775841587,-0.007962817730894097,0.018353657787205532,1,0.6643940742791736,0.9920688015204409,0.9570158495353547,1.0284056501551646,0,predicted,True,EMB,372,
EMB_AUC,-0.11693044969742555,0.8896470662343821,0.23621555087121632,-0.02518605792640889,0.0508792924576602,1,0.6205889083804386,0.9751284647688686,0.8825784149079654,1.0773836145784812,0,predicted,True,EMB,372,
Lineage_2,0.10155695113803126,1.1068929554103932,0.20283446970008684,0.2028436476294489,0.40512917370894735,1,0.6165901422522164,1.2248809402363112,0.5536652914214953,2.7098200681899227,0,predicted,True,EMB,372,
diabetes,0.2545259665972556,1.2898500439250395,0.17289026746257039,1.1845479257969667,0.8046204890258876,1,0.1409716948413383,3.2692085624943155,0.6753803577043505,15.824748977619398,0,predicted,True,EMB,372,
screen_sex,0.07701879223358835,1.0800623729862937,0.21870429240210773,0.1571448894780242,0.44623215790847615,1,0.7247186551128584,1.1701651462361313,0.48799307257822117,2.805954728478941,0,predicted,True,EMB,372,
HIV_Low_CD4,0.387883889329595,1.4738586436375112,0.15742788590906837,1.3117812731749243,0.5324040474275968,1,0.01374409737847371,3.712781303240574,1.3077243836841235,10.541017035148005,0,predicted,True,PZA,373,1.0
TTP_baseline,0.09441598155596027,1.0990168215705254,0.2557829378004234,0.2623621642074363,0.7107670123503448,1,0.7120342505055262,1.2999972696647961,0.3228021825188542,5.235382511818101,0,predicted,True,PZA,373,
PZA_pred_MIC,-0.1624133866790767,0.8500897161302567,0.19707591049667797,-1.1285693825273997,1.3694304587080812,1,0.40987372002197064,0.32349572417146644,0.022090585406512358,4.737288832842359,0,predicted,True,PZA,373,
smear_pos_no_contam_sputum_specimen_1,0.21941245645293814,1.2453448212805305,0.27057174389715466,0.5012006948742986,0.6180631138583141,1,0.4174107270066958,1.6507020708093025,0.49155534155959935,5.543256468191069,0,predicted,True,PZA,373,
HIV_High_CD4,0.161360781937396,1.1751088503925609,0.1962514375801091,0.4328603799701139,0.5264567438298943,1,0.410954815184004,1.541660958924395,0.5493739744211077,4.326230624186568,0,predicted,True,PZA,373,
PZA_AUC,-0.3084543939774271,0.7345814527735672,0.2755410385673024,-0.005165666397122749,0.004614468497600911,1,0.26294824383615845,0.9948476527136438,0.9858906250632327,1.003886056880162,0,predicted,True,PZA,373,
fstrom1_baseline,0.09771159467528512,1.1026447306348266,0.21000608287455652,0.20843902422764754,0.44798637399902114,1,0.6417310765725385,1.2317538206304763,0.5119142571988834,2.963811719055761,0,predicted,True,PZA,373,
F2,0.030893920708632457,1.0313760904385676,0.1807320543382421,0.05581871352914709,0.3265442046603591,1,0.8642727568395949,1.0574059729627543,0.5575538619421785,2.0053800502116568,0,predicted,True,PZA,373,
high_lung_involvement,0.09860393085989096,1.1036290995554223,0.22985723844854244,0.19731881328774645,0.4599731179146535,1,0.6679384991633217,1.2181323355806535,0.49449811904316954,3.000711893218825,0,predicted,True,PZA,373,
screen_years,-0.15888519391529204,0.8530942937630224,0.2220621719638777,-0.012454828393149662,0.01740719935109067,1,0.47430094787172883,0.9876224119775981,0.9544955364089133,1.0218989942165435,0,predicted,True,PZA,373,
bl_bmi,-0.19369015830359584,0.8239131473713281,0.2711256099335615,-0.058114113160377456,0.08134757343560309,1,0.47498438064753457,0.9435422707027895,0.8044854267961616,1.1066353559050248,0,predicted,True,PZA,373,
Lineage_2,0.0878304907387435,1.0918030356157054,0.19802852447534072,0.17543102720654563,0.3955385786041275,1,0.6573864443521966,1.1917597868148264,0.548915732837108,2.5874488641964186,0,predicted,True,PZA,373,
diabetes,0.23033085638698933,1.259016494675948,0.17249461613453615,1.0733159397827015,0.8038055514057214,1,0.1817804632270229,2.9250627685377046,0.6052498133518821,14.136298782980619,0,predicted,True,PZA,373,
screen_sex,0.025962825185488543,1.0263027951482329,0.22626174537126187,0.052997540843551405,0.46186483966887437,1,0.9086457690146645,1.0544270521150827,0.42645820565253073,2.6070934818357983,0,predicted,True,PZA,373,
INH_pred_MIC,-0.39686077328545627,0.6724276390067121,0.4870753065967778,-1.143342651162881,1.4032477126676541,1,0.4151964233334573,0.31875176312161135,0.020370701134505387,4.987687258394544,0,predicted,True,"RIF,INH,EMB,PZA",372,
HIV_Low_CD4,0.3851644247005542,1.4698559822028323,0.16609237605082774,1.3010191911648625,0.5610314839338982,1,0.020396275378223062,3.673038288753858,1.2231355547497316,11.030020522469673,0,predicted,True,"RIF,INH,EMB,PZA",372,1.0
EMB_pred_MIC,-0.2651902155469009,0.7670600293551207,0.3324590792947072,-1.9464050230625187,2.4401353593210295,1,0.4250662396954267,0.14278646406039133,0.0011957490800733204,17.050378426901457,0,predicted,True,"RIF,INH,EMB,PZA",372,
RIF_AUC,-0.40400419841137986,0.6676413182301366,0.40976519494063995,-0.040846994141457704,0.041429461829677196,1,0.3241621948835135,0.959976000663634,0.8851065486851156,1.041178514856968,0,predicted,True,"RIF,INH,EMB,PZA",372,
TTP_baseline,0.1679993067702676,1.182935790601265,0.27575439397029833,0.466467198031483,0.7656601802297417,1,0.5423684954273065,1.5943517033501138,0.3555109673881058,7.150151717261632,0,predicted,True,"RIF,INH,EMB,PZA",372,
smear_pos_no_contam_sputum_specimen_1,0.3407855788955769,1.4060517213742805,0.29213182770088536,0.777766933888267,0.6667256186674339,1,0.24339325839105408,2.1766063287097372,0.5891990149312322,8.040772285968988,0,predicted,True,"RIF,INH,EMB,PZA",372,
fstrom1_baseline,0.11478096537631464,1.1216277353553459,0.21406601180701043,0.24520956361003657,0.4573147922814877,1,0.5918243047080711,1.2778890841960893,0.5214661274233718,3.1315562519398443,0,predicted,True,"RIF,INH,EMB,PZA",372,
screen_years,-0.16994977051702004,0.8437071945082311,0.24778722948128823,-0.01330468219037358,0.019398262963535733,1,0.49279523355407384,0.9867834338754146,0.9499702801195985,1.0250231673019954,0,predicted,True,"RIF,INH,EMB,PZA",372,
INH_AUC,0.6612356834228466,1.937184602955201,0.4724476452378812,0.10021707541077023,0.071604304603398,1,0.16163442827862162,1.1054108495473294,0.9606695566837941,1.271959892759618,0,predicted,True,"RIF,INH,EMB,PZA",372,
diabetes,0.28219264402570726,1.3260341479391518,0.18430791390132972,1.3133069117648821,0.8577575012817574,1,0.12574629269012583,3.7184499887560367,0.6922093098511265,19.974984621130726,0,predicted,True,"RIF,INH,EMB,PZA",372,
PZA_AUC,-0.3004286821545516,0.740500713190505,0.3231584884404584,-0.00503065243436944,0.0054112610849979415,1,0.3525452890989359,0.9949819801054052,0.9844850865437247,1.0055907948896123,0,predicted,True,"RIF,INH,EMB,PZA",372,
PZA_pred_MIC,-0.377732319062187,0.6854139483605366,0.21393786472201565,-2.6227230727100554,1.4854428536213704,1,0.07746013528001482,0.07260488501478154,0.003949613444932374,1.3346798114568157,0,predicted,True,"RIF,INH,EMB,PZA",372,
HIV_High_CD4,0.14978335104126161,1.1615825598137746,0.20457399424494124,0.4013703394324906,0.5481913239244673,1,0.464063590577964,1.4938704051875462,0.5101426369378048,4.3745584585733805,0,predicted,True,"RIF,INH,EMB,PZA",372,
F2,0.1285086031294205,1.137131204136051,0.19295960083572358,0.23188156016243325,0.34817725973604013,1,0.5054193519801736,1.2609703708576363,0.6372881766051458,2.495019262166562,0,predicted,True,"RIF,INH,EMB,PZA",372,
RIF_pred_MIC_high,1.0996075086013275,3.0029871459867135,0.36493591454802465,2.276679551064397,0.7555806299988637,1,0.002585490848892508,9.744271277679943,2.2161439559591893,42.845060889522294,0,predicted,True,"RIF,INH,EMB,PZA",372,1.0
high_lung_involvement,0.14074873987641567,1.1511353772280182,0.24408727349742224,0.28161177024871104,0.4883727502295621,1,0.5641875038902514,1.3252641131433742,0.508860568981347,3.4514856851682576,0,predicted,True,"RIF,INH,EMB,PZA",372,
EMB_AUC,-0.48217068992405426,0.617441661699228,0.4032910524480512,-0.10385642882814587,0.08686626823417283,1,0.2318566533149291,0.9013546966820396,0.7602475416490396,1.0686523069427118,0,predicted,True,"RIF,INH,EMB,PZA",372,
Lineage_2,0.9325364816487411,2.540946073718757,0.3910421432626134,1.8625913772073313,0.78104367871794,1,0.01709088202736004,6.440404683580921,1.3934377518329677,29.76725184438891,0,predicted,True,"RIF,INH,EMB,PZA",372,1.0
bl_bmi,-0.006903267405913018,0.9931205054097032,0.2863571438322412,-0.0020684615270376992,0.08580266418508416,1,0.9807671044902815,0.9979336762652724,0.8434635479978034,1.1806931367553475,0,predicted,True,"RIF,INH,EMB,PZA",372,
screen_sex,-0.04926517247151326,0.951928670949049,0.24387419298061885,-0.10051793670915968,0.4975874327690192,1,0.8399084360605955,0.9043688908655217,0.34103458515617324,2.3982409009654924,0,predicted,True,"RIF,INH,EMB,PZA",372,
INH_pred_MIC,-0.39818288782835437,0.6715392000845594,0.48023198346720686,-1.1471516190639006,1.3835323269797368,1,0.40702125537967604,0.3175399572174802,0.02109276577842549,4.780388948935927,0,predicted,True,"RIF,INH,EMB",372,
HIV_Low_CD4,0.447715046316745,1.5647327557583681,0.16243955096202523,1.5123044343573628,0.5486928689483753,1,0.005847815751336223,4.537174376936859,1.547879875955507,13.299450200568469,0,predicted,True,"RIF,INH,EMB",372,1.0
EMB_pred_MIC,-0.2716351589137347,0.7621322675370328,0.34539195564991604,-1.9937086919278586,2.5350582260961536,1,0.4316010938336362,0.1361894031450119,0.0009468863204111116,19.58794115954883,0,predicted,True,"RIF,INH,EMB",372,
RIF_AUC,-0.4891190980695432,0.6131662957229426,0.3715902703470729,-0.04945256760173051,0.03756977193695924,1,0.18807804319516086,0.9517503008651635,0.8841858795134135,1.0244776083683063,0,predicted,True,"RIF,INH,EMB",372,
smear_pos_no_contam_sputum_specimen_1,0.2800515402662369,1.3231980085576414,0.288337765314827,0.6391550619878201,0.658066519070119,1,0.33141778227579133,1.8948791472980757,0.5217161490208821,6.882223196662761,0,predicted,True,"RIF,INH,EMB",372,
TTP_baseline,0.1352277638323954,1.1447974981250928,0.2747290076398476,0.37547366893137885,0.762813090574073,1,0.6225621505713006,1.4556807620950818,0.3264062474741714,6.491929911057828,0,predicted,True,"RIF,INH,EMB",372,
fstrom1_baseline,0.04510271601913867,1.0461353092446843,0.21041605401351315,0.09635410606994756,0.4495172924538446,1,0.8302740005263307,1.1011489184809353,0.45626404200236775,2.657515887840754,0,predicted,True,"RIF,INH,EMB",372,
screen_years,-0.0968907407174126,0.9076551704686241,0.24351792273904546,-0.007585185366907945,0.019064036155191377,1,0.6907191590230393,0.9924435095536831,0.9560452736944861,1.0302274868731587,0,predicted,True,"RIF,INH,EMB",372,
INH_AUC,0.406218121481798,1.5011299454390714,0.3345386751968738,0.061566538428522125,0.050702780386074196,1,0.22464709743197697,1.0635012578770295,0.9628967547355795,1.1746170292334372,0,predicted,True,"RIF,INH,EMB",372,
diabetes,0.30031969744324993,1.3502904229750272,0.17916229929983737,1.3976690843699955,0.8338101328280192,1,0.09369044365455956,4.045758645595486,0.78933161711052,20.736738100431104,0,predicted,True,"RIF,INH,EMB",372,
HIV_High_CD4,0.17401831687291575,1.190077364116562,0.20421190538541828,0.46631211296315644,0.5472210443343718,1,0.39413317619650223,1.5941044623794502,0.5454078445751787,4.659208814565927,0,predicted,True,"RIF,INH,EMB",372,
F2,0.1324745008051046,1.1416499045646071,0.1876726668981241,0.23903764557685525,0.3386374899457511,1,0.48026237277578254,1.2700263465583514,0.6539792613302958,2.466388487107874,0,predicted,True,"RIF,INH,EMB",372,
RIF_pred_MIC_high,0.971128414790138,2.6409228350031815,0.34404923386239517,2.010670340203988,0.71233585544556,1,0.004762946638407928,7.468321986210144,1.84876475972331,30.169243002044958,0,predicted,True,"RIF,INH,EMB",372,1.0
high_lung_involvement,0.07064949173722979,1.0732049927182012,0.23507473923690628,0.1413563521262243,0.47034036336940566,1,0.7637648696801203,1.151835033722813,0.4581796968790446,2.8956410638629344,0,predicted,True,"RIF,INH,EMB",372,
EMB_AUC,-0.36461897706030144,0.6944612061242335,0.3705634479268856,-0.07853655485865196,0.07981695519898295,1,0.32513602079018245,0.9244682655071078,0.7905906833993686,1.0810165005422867,0,predicted,True,"RIF,INH,EMB",372,
Lineage_2,0.8599240104980709,2.3629811251244517,0.3779830097670847,1.7175596649853764,0.7549601635727029,1,0.02290392016253905,5.570916958995962,1.268537845707985,24.465265950900946,0,predicted,True,"RIF,INH,EMB",372,1.0
bl_bmi,-0.12898768642499736,0.8789847889240704,0.28798984495969876,-0.03864924406711759,0.08629187882341677,1,0.6542327993590071,0.9620881080824338,0.8123871890051919,1.1393748451980097,0,predicted,True,"RIF,INH,EMB",372,
screen_sex,-0.017832524774904962,0.9823255337728458,0.23796289924364913,-0.036384498556762276,0.48552635554320506,1,0.9402638378528375,0.9642694619791418,0.3723210836246852,2.49734875675973,0,predicted,True,"RIF,INH,EMB",372,
