residue,G_score
426,2.757383504887634
427,2.9312806559598097
428,4.201775548334664
429,3.039721568284727
430,2.993481123863017
431,2.9111257000807016
437,1.9886670783148008
438,1.626137996542999
439,1.832283438942787
440,1.6438212667552496
441,2.131135922919302
442,1.6439760303356479
443,2.554449700834698
444,3.6076118100744616
445,6.02593125604603
446,3.6026629511381936
447,6.820284825228126
448,4.3828097649901725
449,3.1506853620696242
450,2.543318303540748
451,1.9142094290776188
452,2.816476309329488
453,2.763471419379227
454,2.2294208337703685
455,1.8287057873676371
456,1.2016638117632648
457,0.953875256194426
458,0.710384600293975
459,0.16932022158230134
460,1.1193073814066277
461,0.35038986501564984
462,0.7633562066315734
463,0.5143459132632561
464,0.9460104822131621
465,0.9239437220060713
466,0.3982654025912764
467,0.45076623017470596
468,1.439674977261905
469,0.6198364632052268
470,0.43910233031512097
471,0.8137512439434407
472,1.9100673273182247
473,3.5039922512197377
474,5.305616568416555
475,3.471799236197289
476,2.4653196711928307
477,2.5956691024111924
478,1.648274898876335
479,1.607975223280555
480,1.0988723341585183
481,0.8803561148477898
482,0.5857343096401847
483,0.48932171855901124
484,0.09073158567381606
485,0.17740429863355603
486,0.0070127546809160375
487,-0.2713180045306251
488,-0.33634334735872307
489,-0.4262135233674492
490,-0.6166138158220935
491,-0.21350021189532184
492,-0.11397129969695323
493,-0.19506987607367118
494,0.10284634007601834
495,0.17191782125032054
496,0.17656418878340688
497,0.4091854404817427
498,0.5042724407164768
499,0.6297274793641843
500,0.8637863277955314
501,0.9234200372476798
502,0.6128254395582754
503,0.9344802009166998
504,1.097121939975189
505,0.8932062856345973
506,0.6318440656128337
507,1.017372242341889
508,1.4059135805883893
509,1.1579864737767647
510,0.8837799456353076
511,0.3984654429203361
512,0.15636644472157696
513,-0.20858003607695016
514,-0.34145509559545417
515,-0.2785176236136525
516,0.005840273649541804
517,-0.24330179432205581
518,0.24699166328286343
519,0.3372153978102358
520,0.8025398207170359
521,0.9057170873591222
522,1.0118710274684795
523,1.7691512312237738
524,2.0195750528735523
525,1.69559985799866
526,1.0773733253236943
527,1.0535972981637194
528,0.6485457658367981
529,0.2043989894542457
530,0.11156442815024203
531,-0.09286095931883977
532,-0.41088969742651404
533,-0.8304768056193398
534,-0.5821159509291515
535,-0.6578618746047494
536,-0.19606836219936669
537,-0.28949573636880194
538,-0.45816812254995426
539,-0.29565703571928026
540,-0.26134962290390223
541,-0.239891592094081
542,-0.46025752793444985
543,-0.3456638648410446
544,-0.12951394930846843
545,-0.4396633973891474
546,-0.5345847406980403
547,-0.2978134793416475
548,-0.35691946649622724
549,-0.6367174413904862
550,-0.5205667730764697
551,-0.35089859642371185
552,-0.3118569268652313
553,-0.5049481583844019
554,-0.3827243921435013
555,-0.21441684816723175
556,-0.4361894185599208
557,-0.5374873957976622
558,-0.21286956159241
559,-0.337424181722399
560,0.4910913608124432
561,0.030472183862363573
562,-0.17216347994457623
563,-0.5347216793423498
564,-0.6613034084409628
565,-1.1157763899190773
566,-1.004043181569861
567,-1.3166328461507246
568,-1.4529367103994957
569,-1.458918866313245
570,-1.3661587174920664
571,-1.485549631958244
572,-1.3242626818675043
573,-1.4088304700282408
574,-1.3338600621613452
575,-1.0960645002720584
576,-1.2419826331258448
577,-1.1167310182208368
578,-1.3677334175993818
579,-1.344430683905456
580,-1.4945640982346289
581,-1.4264231970553443
582,-1.327559461920753
583,-1.3661061075469338
584,-1.3248440310117495
585,-1.2258159296871334
586,-1.2790622815311692
587,-1.3410787603673546
588,-1.1821187519469785
589,-1.2786355982606699
590,-1.2084936726549547
591,-1.348319624149301
592,-1.128273470258746
593,-1.1998315927864853
594,-1.2260289485626787
595,-1.2782840659569756
596,-1.1827878282469266
597,-1.2028620884180947
598,-1.1362044857600053
599,-1.3677621442621195
600,-1.3441548678676354
601,-1.4345244388587908
602,-1.3493225346536273
603,-1.4073291590632298
604,-1.2174569166595868
605,-1.4159735106452243
606,-1.3592078689851916
607,-1.605779833147783
608,-1.5109200016142037
609,-1.4198185778402177
610,-1.2207841963301431
611,-1.0452745849229226
612,-0.7038760683700808
613,-0.5374740640012909
614,-0.1686493440490776
615,-0.4996259045994613
616,-0.7594276074512365
617,-0.354706178401555
618,-0.28080070248448763
619,-0.27728052370445205
620,-0.9224437554728556
621,-0.49336752005251827
622,-0.4734352095005746
623,-0.9010489319263726
624,-1.0963971305327154
625,-0.8831845005948108
626,-0.17462867986826827
627,-0.3420775244861249
628,-0.09185006864574011
629,-0.5653887634664202
630,-1.0201649160874224
631,-0.7082394745813194
632,-1.4225649055940244
633,-1.1083842621928148
634,-0.7772453677178426
635,-0.9200070397386414
636,-0.7796958878469864
637,-0.8111004275410242
638,-0.8384338598053102
639,-0.6467594478166849
640,-0.5454461989125245
641,-0.580423199074772
642,-0.5820301880143436
643,-0.5128075718761423
644,-0.6536364044571168
645,-0.5077742119532995
646,-0.6454498683756524
647,-0.6208866701900105
648,-0.6877379943131696
649,-0.671915824391484
650,-0.6146399947208886
651,-0.6690908319590536
652,-0.6392749306771635
653,-0.6771741781738031
654,-0.607004032928946
655,-0.5922838089636929
656,-0.6408334951284418
657,-0.48057231411282075
658,-0.5333688837877024
659,-0.6500495932249176
660,-0.4129750246882651
661,-0.5221278786510889
662,-0.3339912200474871
663,-0.4625635185711434
664,-0.3663988688538827
665,-0.44959529459683734
666,-0.48818368593584277
667,-0.5733851067109456
668,-0.4348593057623084
669,-0.631870519190081
670,-0.5943258659208565
671,-0.8264437644922907
672,-0.5654551366943478
673,-0.6883773040988058
674,-0.8301708394130735
675,-0.8309228876000182
