log_MIC,mutation,confidence,genome_index
4.4103165,rpoB_p.Gln432Lys,1) Assoc w R,761100
4.1447916,rpoB_p.Gln432Pro,1) Assoc w R,761101
2.6888502,rpoB_p.Ser441Leu,1) Assoc w R,761128
3.66482,rpoB_p.Gln432Leu,1) Assoc w R,761101
2.8043,rpoB_p.Phe433dup,1) Assoc w R,761102
0.44554728,rpoB_p.His445Asn,1) Assoc w R,761139
0.96773094,rpoB_p.Ile491Phe,1) Assoc w R,761277
3.9703758,rpoB_p.Val170Phe,1) Assoc w R,760314
4.4341664,rpoB_p.Asp435Val,1) Assoc w R,761110
4.001936,rpoB_p.His445Tyr,1) Assoc w R,761139
3.8600905,rpoB_p.His445Asp,1) Assoc w R,761139
1.012124,rpoB_p.Asp435Tyr,1) Assoc w R,761109
4.356173,rpoB_p.Ser450Trp,1) Assoc w R,761155
1.3278068,rpoB_p.His445Leu,1) Assoc w R,761140
0.58632004,rpoB_p.Leu430Pro,1) Assoc w R,761095
3.799127,rpoB_p.His445Arg,1) Assoc w R,761140
0.81446904,rpoB_p.Leu452Pro,1) Assoc w R,761161
4.175968,rpoB_p.His445Cys,1) Assoc w R,"761139,761140"
4.0240417,rpoB_p.His445Ser,1) Assoc w R,"761139,761140"
-0.8864895,rpoB_p.Ser441Gln,1) Assoc w R,"761127,761128"
4.157755,rpoB_p.Asp435Phe,1) Assoc w R,"761109,761110"
4.7172866,rpoB_p.Ser450Leu,1) Assoc w R,"761154,761155"
4.9156575,rpoB_p.Ser450Phe,1) Assoc w R,"761155,761156"
-3.6836827,rpoB_p.Pro439Ser,2) Assoc w R - Interim,761121
-4.029213,rpoB_p.Thr427Asn,2) Assoc w R - Interim,761086
-3.809025,rpoB_p.Pro439Leu,2) Assoc w R - Interim,761122
-1.6668004,rpoB_p.Asn437Tyr,2) Assoc w R - Interim,761115
-0.83720565,rpoB_p.Met434Leu,2) Assoc w R - Interim,761106
-0.92282236,rpoB_p.Leu452Gln,2) Assoc w R - Interim,761161
-3.5985768,rpoB_p.Gln429Pro,2) Assoc w R - Interim,761092
-3.6236136,rpoB_p.Ala451Val,2) Assoc w R - Interim,761158
-3.5868075,rpoB_p.Asn438del,2) Assoc w R - Interim,761114
1.7544662,rpoB_p.Arg448Gln,2) Assoc w R - Interim,761149
-2.4241564,rpoB_p.Ser431Gly,2) Assoc w R - Interim,761097
-4.092037,rpoB_p.Gln429His,2) Assoc w R - Interim,761093
-0.51242554,rpoB_p.Asp435Ala,2) Assoc w R - Interim,761110
-2.7820947,rpoB_p.Asp435Glu,2) Assoc w R - Interim,761111
2.9398224,rpoB_p.His445Pro,2) Assoc w R - Interim,761140
-4.0241613,rpoB_p.Ser428Arg,2) Assoc w R - Interim,761088
-3.006716,rpoB_p.Ser431_Gln432insHis,2) Assoc w R - Interim,761098
-4.077726,rpoB_p.Thr427Ile,2) Assoc w R - Interim,761086
-3.2343662,rpoB_p.Met434Val,2) Assoc w R - Interim,761106
-2.9298618,rpoB_p.Ser431_Gln432insArg,2) Assoc w R - Interim,761094
-4.093716,rpoB_p.Gln432_Asp435delinsHis,2) Assoc w R - Interim,761100
-2.8515399,rpoB_p.Asp435His,2) Assoc w R - Interim,761109
-2.1793382,rpoB_p.Asn437His,2) Assoc w R - Interim,761115
-0.6458806,rpoB_p.Gln432His,2) Assoc w R - Interim,761102
-2.9906151,rpoB_p.Lys446Gln,2) Assoc w R - Interim,761142
-3.9022272,rpoB_p.Gln429Leu,2) Assoc w R - Interim,761092
-4.0476885,rpoB_p.Thr427Ser,2) Assoc w R - Interim,761086
-2.7573874,rpoB_p.Ser450Ala,2) Assoc w R - Interim,761154
-3.6061141,rpoB_p.Ser441Ala,2) Assoc w R - Interim,761127
-2.5918927,rpoB_p.Ser431Thr,2) Assoc w R - Interim,761098
-4.0563145,rpoB_p.Ser428Ile,2) Assoc w R - Interim,761089
-4.0736895,rpoB_p.Ser428Gly,2) Assoc w R - Interim,761088
-2.6672108,rpoB_p.Gln436Pro,2) Assoc w R - Interim,761113
2.1016881,rpoB_p.Gln432Glu,2) Assoc w R - Interim,761100
0.25389552,rpoB_p.Asp435Gly,2) Assoc w R - Interim,761110
-1.6181138,rpoB_p.Leu430Arg,2) Assoc w R - Interim,761095
-1.5064459,rpoB_p.His445Gln,2) Assoc w R - Interim,761141
-2.6218393,rpoB_p.Met434Ile,2) Assoc w R - Interim,761108
-3.1380403,rpoB_p.Asn437Asp,2) Assoc w R - Interim,761115
-3.6672306,rpoB_p.Leu449Met,2) Assoc w R - Interim,761151
-2.8881125,rpoB_p.Thr444Ser,2) Assoc w R - Interim,761137
-3.9678133,rpoB_p.Ser428Thr,2) Assoc w R - Interim,761089
-3.3488357,rpoB_p.Ser431Arg,2) Assoc w R - Interim,761097
-2.121485,rpoB_p.Gln436del,2) Assoc w R - Interim,761094
3.8225155,rpoB_p.Gln432del,2) Assoc w R - Interim,761094
1.9372307,rpoB_p.Met434_Asp435del,2) Assoc w R - Interim,761094
3.0628672,rpoB_p.Ser431_Phe433del,2) Assoc w R - Interim,761094
2.8627224,rpoB_p.Phe433_Asp435del,2) Assoc w R - Interim,761094
4.3519936,rpoB_p.Gln432_Phe433del,2) Assoc w R - Interim,761098
4.1460767,rpoB_p.Asp435_Pro439del,2) Assoc w R - Interim,761094
-4.093716,rpoB_p.Met434_Asn437delinsIle,2) Assoc w R - Interim,761106
4.1050825,rpoB_p.His445_Lys446del,2) Assoc w R - Interim,761137
3.074445,rpoB_p.Ser450_Leu452del,2) Assoc w R - Interim,761150
-3.604637,rpoB_p.Gly442Glu,2) Assoc w R - Interim,761131
-3.0643632,rpoB_p.Lys446Glu,2) Assoc w R - Interim,761142
-2.5374105,rpoB_p.Lys446Thr,2) Assoc w R - Interim,761143
-3.1719625,rpoB_p.Leu452Val,2) Assoc w R - Interim,761160
-3.3820722,rpoB_p.Asn437Ile,2) Assoc w R - Interim,761116
-1.1683387,rpoB_p.Asp435del,2) Assoc w R - Interim,761108
3.2569206,rpoB_p.Ser431_Met434del,2) Assoc w R - Interim,761094
-4.093716,rpoB_p.Thr427_Gln429delinsLys,2) Assoc w R - Interim,761085
3.7640998,rpoB_p.Phe433_Gln436del,2) Assoc w R - Interim,761098
1.5533872,rpoB_p.Gln436_Asn437del,2) Assoc w R - Interim,761109
-3.6895957,rpoB_p.Ala451Gly,2) Assoc w R - Interim,761158
-2.785383,rpoB_p.Lys446Arg,2) Assoc w R - Interim,761143
-2.233741,rpoB_p.Thr444Ile,2) Assoc w R - Interim,761137
-3.3244908,rpoB_p.Leu443Phe,2) Assoc w R - Interim,761135
-3.952698,rpoB_p.Asn437Ser,2) Assoc w R - Interim,761116
-4.1797137,rpoB_p.Thr427Ala,2) Assoc w R - Interim,761085
-3.921343,rpoB_p.Thr427_Ser428del,2) Assoc w R - Interim,761082
-3.5664694,rpoB_p.Thr427_Gln429del,2) Assoc w R - Interim,761083
-2.8780935,rpoB_p.Thr427_Leu430del,2) Assoc w R - Interim,761084
-4.093716,rpoB_p.Asp435_Gln436delinsGlu,2) Assoc w R - Interim,761109
-3.4912136,rpoB_p.Leu452Met,2) Assoc w R - Interim,761160
-4.0749836,rpoB_p.Gly426Ser,2) Assoc w R - Interim,761082
4.403537,rpoB_p.Gln432_Met434del,2) Assoc w R - Interim,761097
-3.7985382,rpoB_p.Gly426_Thr427del,2) Assoc w R - Interim,761080
-4.136628,rpoB_p.Thr427Gly,2) Assoc w R - Interim,"761085,761086"
-3.4104998,rpoB_p.Gln436Asn,2) Assoc w R - Interim,"761112,761114"
4.2133107,rpoB_p.His445Gly,2) Assoc w R - Interim,"761139,761140"
4.686055,rpoB_p.Ser450Met,2) Assoc w R - Interim,"761154,761155"
3.8835454,rpoB_p.His445Thr,2) Assoc w R - Interim,"761139,761140"
4.0634484,rpoB_p.Ser450Gly,2) Assoc w R - Interim,"761154,761155"
4.022343,rpoB_p.Ser450Gln,2) Assoc w R - Interim,"761154,761155"
3.0817103,rpoB_p.Gln432Asn,2) Assoc w R - Interim,"761100,761102"
4.100711,rpoB_p.His445Phe,2) Assoc w R - Interim,"761139,761140"
4.1723795,rpoB_p.Asp435Leu,2) Assoc w R - Interim,"761109,761110"
3.8418193,rpoB_p.Arg448Lys,2) Assoc w R - Interim,"761148,761149"
-0.3062207,rpoB_p.Ser441Val,2) Assoc w R - Interim,"761127,761128"
3.9383829,rpoB_p.Ser450Tyr,2) Assoc w R - Interim,"761155,761156"
4.6979365,rpoB_p.Ser450Val,2) Assoc w R - Interim,"761154,761155"
-0.13716586,rpoB_p.Ser441Met,2) Assoc w R - Interim,"761127,761128"
4.1775436,rpoB_p.Ser450Cys,2) Assoc w R - Interim,"761155,761156"
-4.096849,rpoB_p.Glu825Gly,3) Uncertain significance,762280
-4.1001344,rpoB_p.Phe1005Val,3) Uncertain significance,762819
-4.1082697,rpoB_p.Phe548Leu,3) Uncertain significance,761448
-4.090483,rpoB_p.Phe669Leu,3) Uncertain significance,761813
-4.091029,rpoB_c.-117G>A,3) Uncertain significance,759690
-4.1032667,rpoB_c.-136G>C,3) Uncertain significance,759671
-4.114381,rpoB_c.-167G>A,3) Uncertain significance,759640
-4.092499,rpoB_p.Gly236Asp,3) Uncertain significance,760513
-4.095537,rpoB_p.Gly345Ser,3) Uncertain significance,760839
-4.0601187,rpoB_p.Gly492Ser,3) Uncertain significance,761280
-4.0927525,rpoB_p.Gly546Ser,3) Uncertain significance,761442
-4.0911546,rpoB_p.Gly560Ala,3) Uncertain significance,761485
-4.1231422,rpoB_c.-56G>T,3) Uncertain significance,759751
-4.0948615,rpoB_p.Gly642Ser,3) Uncertain significance,761730
-4.093021,rpoB_p.Gly659Asp,3) Uncertain significance,761782
-4.0856013,rpoB_p.Gly693Val,3) Uncertain significance,761884
-4.141471,rpoB_p.Gly945Arg,3) Uncertain significance,762639
-4.099984,rpoB_p.Gly95Arg,3) Uncertain significance,760089
-4.09024,rpoB_c.-96G>A,3) Uncertain significance,759711
-4.098761,rpoB_p.His317Tyr,3) Uncertain significance,760755
-4.0923247,rpoB_p.His533Arg,3) Uncertain significance,761404
-4.091292,rpoB_p.Glu805Ala,3) Uncertain significance,762220
-4.1081862,rpoB_p.Glu789Lys,3) Uncertain significance,762171
-4.098805,rpoB_p.Glu738Ala,3) Uncertain significance,762019
-4.0960436,rpoB_p.Glu737Gly,3) Uncertain significance,762016
-4.0932117,rpoB_p.Asp120Gly,3) Uncertain significance,760165
-4.1064153,rpoB_p.Asp211Val,3) Uncertain significance,760438
-4.0920925,rpoB_p.Asp362His,3) Uncertain significance,760890
-4.0934052,rpoB_p.Asp49His,3) Uncertain significance,759951
-4.0934014,rpoB_p.Asp520Val,3) Uncertain significance,761365
-4.095778,rpoB_p.Asp543Gly,3) Uncertain significance,761434
-4.097074,rpoB_p.Asp545Ala,3) Uncertain significance,761440
-4.095508,rpoB_p.Asp594Ala,3) Uncertain significance,761587
-4.096608,rpoB_p.Asp703Glu,3) Uncertain significance,761915
-4.0986495,rpoB_p.Asp777His,3) Uncertain significance,762135
-4.1055956,rpoB_p.Asp851Gly,3) Uncertain significance,762358
-4.0987678,rpoB_p.Asp903Asn,3) Uncertain significance,762513
-4.102659,rpoB_p.His935Arg,3) Uncertain significance,762610
-4.09902,rpoB_p.Asp993Gly,3) Uncertain significance,762784
-4.105471,rpoB_p.Glu1011Ala,3) Uncertain significance,762838
-4.098769,rpoB_p.Glu1130Val,3) Uncertain significance,763195
-4.0919943,rpoB_p.Glu1169Ala,3) Uncertain significance,763312
-4.088512,rpoB_p.Glu240Gly,3) Uncertain significance,760525
-4.0928783,rpoB_p.Glu320Gly,3) Uncertain significance,760765
-4.126452,rpoB_p.Glu337Lys,3) Uncertain significance,760815
-4.0979867,rpoB_p.Glu639Ala,3) Uncertain significance,761722
-4.1353426,rpoB_p.Glu639Gln,3) Uncertain significance,761721
-4.101052,rpoB_p.Glu645Gly,3) Uncertain significance,761740
-4.08935,rpoB_p.Glu646Gly,3) Uncertain significance,761743
-4.0979505,rpoB_p.Glu721Asp,3) Uncertain significance,761969
-4.0920596,rpoB_p.Glu721Gly,3) Uncertain significance,761968
-4.093876,rpoB_p.Asp997Glu,3) Uncertain significance,762797
-4.0946794,rpoB_p.Asp1148Glu,3) Uncertain significance,763250
-4.0990057,rpoB_p.Ile751Val,3) Uncertain significance,762057
-4.097735,rpoB_p.Lys298Arg,3) Uncertain significance,760699
-4.108853,rpoB_p.Pro682Thr,3) Uncertain significance,761850
-4.1014004,rpoB_p.Pro719Ser,3) Uncertain significance,761961
-4.0872917,rpoB_p.Pro834Leu,3) Uncertain significance,762307
-4.113248,rpoB_p.Pro89Ser,3) Uncertain significance,760071
-4.1080728,rpoB_p.Pro906Leu,3) Uncertain significance,762523
-4.1102405,rpoB_p.Pro988Ala,3) Uncertain significance,762768
-4.1087317,rpoB_p.Pro988Ser,3) Uncertain significance,762768
-4.0880904,rpoB_p.Arg225Gln,3) Uncertain significance,760480
-4.1009574,rpoB_p.Arg304Cys,3) Uncertain significance,760716
-4.0075874,rpoB_p.Arg499Gln,3) Uncertain significance,761302
-4.049813,rpoB_p.Arg499Trp,3) Uncertain significance,761301
-4.0988026,rpoB_p.Arg511Leu,3) Uncertain significance,761338
-4.0941625,rpoB_p.Arg532Cys,3) Uncertain significance,761400
-4.094643,rpoB_p.Arg547Ser,3) Uncertain significance,761445
-4.112969,rpoB_p.Arg552Ser,3) Uncertain significance,761460
-4.0987024,rpoB_p.Arg734His,3) Uncertain significance,762007
-4.101026,rpoB_p.Arg952Lys,3) Uncertain significance,762661
-4.096735,rpoB_p.Ser1009Thr,3) Uncertain significance,762832
-4.095012,rpoB_p.Ser1134Arg,3) Uncertain significance,763206
-4.093766,rpoB_p.Ser20Ile,3) Uncertain significance,759865
-4.092501,rpoB_p.Ser21Phe,3) Uncertain significance,759868
-4.0986023,rpoB_p.Ser239Arg,3) Uncertain significance,760521
-4.0939016,rpoB_p.Ser641Arg,3) Uncertain significance,761729
-4.1012197,rpoB_p.Ser67Phe,3) Uncertain significance,760006
-4.1431546,rpoB_p.Ser984Leu,3) Uncertain significance,762757
-4.098473,rpoB_p.Pro541Leu,3) Uncertain significance,761428
-4.0960145,rpoB_p.Pro509Ser,3) Uncertain significance,761331
-4.096011,rpoB_p.Pro358Ser,3) Uncertain significance,760878
-4.0884376,rpoB_p.Pro321Ser,3) Uncertain significance,760767
-4.084358,rpoB_p.Lys309Glu,3) Uncertain significance,760731
-4.0990005,rpoB_p.Lys711Arg,3) Uncertain significance,761938
-4.096209,rpoB_p.Leu1004Ile,3) Uncertain significance,762816
-4.094485,rpoB_p.Leu1132Val,3) Uncertain significance,763200
-4.0801787,rpoB_p.Leu232Val,3) Uncertain significance,760500
-4.0898933,rpoB_p.Leu235Arg,3) Uncertain significance,760510
-4.0911365,rpoB_p.Leu290Phe,3) Uncertain significance,760676
-4.0921397,rpoB_p.Leu314Val,3) Uncertain significance,760746
-4.0980196,rpoB_p.Leu316Val,3) Uncertain significance,760752
-4.0934963,rpoB_p.Leu893Arg,3) Uncertain significance,762484
-4.0938525,rpoB_p.Leu893Val,3) Uncertain significance,762483
-4.0938025,rpoB_p.Met1070Ile,3) Uncertain significance,763016
-4.0928054,rpoB_p.Lys1102Arg,3) Uncertain significance,763111
-4.109282,rpoB_p.Met1070Thr,3) Uncertain significance,763015
-4.0951805,rpoB_p.Met154Ile,3) Uncertain significance,760268
-4.092484,rpoB_p.Met398Val,3) Uncertain significance,760998
-4.098618,rpoB_p.Met477Arg,3) Uncertain significance,761236
-4.0993,rpoB_p.Met624Thr,3) Uncertain significance,761677
-4.108245,rpoB_p.Asn163Lys,3) Uncertain significance,760295
-4.093232,rpoB_p.Asn24Asp,3) Uncertain significance,759876
-4.09162,rpoB_p.Asn369Asp,3) Uncertain significance,760911
-4.1020494,rpoB_p.Asn673Thr,3) Uncertain significance,761824
-4.0980916,rpoB_p.Asn724Ser,3) Uncertain significance,761977
-4.0957975,rpoB_p.Asn963Asp,3) Uncertain significance,762693
-4.0994034,rpoB_p.Pro1014Arg,3) Uncertain significance,762847
-4.1209726,rpoB_p.Pro1014Ser,3) Uncertain significance,762846
-4.099007,rpoB_p.Met153Val,3) Uncertain significance,760263
-4.0907106,rpoB_p.Asp1146Gly,3) Uncertain significance,763243
-4.105922,rpoB_p.Asp108Glu,3) Uncertain significance,760130
-4.1040545,rpoB_p.Asp1006Gly,3) Uncertain significance,762823
-4.109401,rpoB_p.Ala977Val,3) Uncertain significance,762736
-4.0922203,rpoB_p.Cys1067Gly,3) Uncertain significance,763005
-4.1049123,rpoB_p.Cys116Phe,3) Uncertain significance,760153
-4.0910134,rpoB_c.-122C>A,3) Uncertain significance,759685
-4.0890326,rpoB_c.-122C>T,3) Uncertain significance,759685
-4.0628133,rpoB_c.-137C>T,3) Uncertain significance,759670
-4.0804386,rpoB_c.-140C>T,3) Uncertain significance,759667
-4.0828557,rpoB_c.-152C>T,3) Uncertain significance,759655
-4.097077,rpoB_c.-153C>G,3) Uncertain significance,759654
-4.102839,rpoB_c.-179C>T,3) Uncertain significance,759628
-4.094817,rpoB_c.-185C>A,3) Uncertain significance,759622
-4.0965714,rpoB_c.-188C>T,3) Uncertain significance,759619
-4.1061068,rpoB_p.Ala974Gly,3) Uncertain significance,762727
-4.0934467,rpoB_c.-195C>A,3) Uncertain significance,759612
-4.0874133,rpoB_c.-51C>T,3) Uncertain significance,759756
-4.0958962,rpoB_c.-54C>A,3) Uncertain significance,759753
-4.093686,rpoB_c.-60C>T,3) Uncertain significance,759747
-4.094536,rpoB_c.-73C>T,3) Uncertain significance,759734
-4.094012,rpoB_c.-84C>A,3) Uncertain significance,759723
-4.0906467,rpoB_c.-94C>T,3) Uncertain significance,759713
-4.0892334,rpoB_p.Ser98Ala,3) Uncertain significance,760098
-4.105829,rpoB_p.Ala950Val,3) Uncertain significance,762655
-4.0971828,rpoB_p.Ala934Val,3) Uncertain significance,762607
-4.106692,rpoB_c.-159_-158insT,3) Uncertain significance,759648
-4.085212,rpoB_c.-59delG,3) Uncertain significance,759747
-4.093964,rpoB_c.-106A>G,3) Uncertain significance,759701
-4.09554,rpoB_c.-110A>G,3) Uncertain significance,759697
-4.096358,rpoB_p.Ala29Thr,3) Uncertain significance,759891
-4.1191573,rpoB_p.Ala942Thr,3) Uncertain significance,762630
-4.0949097,rpoB_p.Ala29Val,3) Uncertain significance,759892
-4.0947914,rpoB_c.-3A>G,3) Uncertain significance,759804
-4.032946,rpoB_p.Ala498Gly,3) Uncertain significance,761299
-4.1036344,rpoB_p.Ala527Val,3) Uncertain significance,761386
-4.097841,rpoB_p.Ala544Val,3) Uncertain significance,761437
-4.099219,rpoB_p.Ala628Gly,3) Uncertain significance,761689
-4.091491,rpoB_p.Ala632Gly,3) Uncertain significance,761701
-4.0913014,rpoB_p.Ala632Ser,3) Uncertain significance,761700
-4.0932345,rpoB_p.Ala68Val,3) Uncertain significance,760009
-4.1061735,rpoB_p.Ala776Val,3) Uncertain significance,762133
-4.0988507,rpoB_c.-77A>G,3) Uncertain significance,759730
-4.104138,rpoB_p.Ala868Val,3) Uncertain significance,762409
-4.0932918,rpoB_p.Ala902Pro,3) Uncertain significance,762510
-4.1007304,rpoB_p.Ala334Asp,3) Uncertain significance,760807
-4.0996127,rpoB_p.Tyr564Cys,3) Uncertain significance,761497
-4.0914116,rpoB_p.Tyr651His,3) Uncertain significance,761757
-4.1226435,rpoB_p.Val946Gly,3) Uncertain significance,762643
-4.0901675,rpoB_p.Val895Phe,3) Uncertain significance,762489
-4.0937386,rpoB_p.Val867Ala,3) Uncertain significance,762406
-4.0964017,rpoB_p.Val865Met,3) Uncertain significance,762399
-4.0994673,rpoB_p.Thr347Ile,3) Uncertain significance,760846
-4.1006017,rpoB_p.Thr508Ala,3) Uncertain significance,761328
-4.114271,rpoB_p.Thr526Ser,3) Uncertain significance,761382
-4.086534,rpoB_p.Thr52Ser,3) Uncertain significance,759960
-4.1018324,rpoB_p.Thr653Ala,3) Uncertain significance,761763
-4.1306987,rpoB_p.Thr660Ile,3) Uncertain significance,761785
-4.1314034,rpoB_p.Thr660Asn,3) Uncertain significance,761785
-4.101211,rpoB_p.Thr756Ile,3) Uncertain significance,762073
-4.097006,rpoB_p.Val1117Leu,3) Uncertain significance,763155
-4.0933123,rpoB_p.Val1129Ala,3) Uncertain significance,763192
-4.098444,rpoB_p.Val1168Phe,3) Uncertain significance,763308
-4.096728,rpoB_p.Val179Ala,3) Uncertain significance,760342
-4.097033,rpoB_p.Val179Met,3) Uncertain significance,760341
-4.1342664,rpoB_p.Val198Met,3) Uncertain significance,760398
-4.099873,rpoB_p.Val216Ile,3) Uncertain significance,760452
-4.0984426,rpoB_p.Val262Phe,3) Uncertain significance,760590
-4.0984488,rpoB_p.Val310Gly,3) Uncertain significance,760735
-4.0920153,rpoB_p.Val332Ile,3) Uncertain significance,760800
-4.089109,rpoB_p.Val33Leu,3) Uncertain significance,759903
-4.0957513,rpoB_p.Val351Ile,3) Uncertain significance,760857
-4.0687485,rpoB_p.Val44Ala,3) Uncertain significance,759937
-4.093468,rpoB_p.Val517Met,3) Uncertain significance,761355
-4.0896583,rpoB_p.Val549Ile,3) Uncertain significance,761451
-4.0955405,rpoB_p.Val77Met,3) Uncertain significance,760035
-4.0958323,rpoB_p.Val841Leu,3) Uncertain significance,762327
-4.208644,rpoB_p.Val198Leu,3) Uncertain significance,760398
-4.069971,rpoB_p.Pro45Leu,3) Uncertain significance,759940
-4.086079,rpoB_p.Thr399Ile,3) Uncertain significance,761002
-4.1078486,rpoB_p.Arg552His,3) Uncertain significance,761461
-3.9177566,rpoB_p.Phe424Val,3) Uncertain significance,761076
-4.0932794,rpoB_p.Val496Met,3) Uncertain significance,761292
-4.099758,rpoB_p.Glu550Gly,3) Uncertain significance,761455
-4.0797095,rpoB_p.Ile1106Thr,3) Uncertain significance,763123
-4.0963473,rpoB_p.Lys891Glu,3) Uncertain significance,762477
-4.0992413,rpoB_p.Val534Met,3) Uncertain significance,761406
-4.116762,rpoB_p.Phe971Leu,3) Uncertain significance,762717
-4.0959563,rpoB_p.His723Asp,3) Uncertain significance,761973
-3.6280618,rpoB_p.Val168Ala,3) Uncertain significance,760309
-3.4070485,rpoB_p.Ile491Met,3) Uncertain significance,761279
-4.1007476,rpoB_p.Phe503Ser,3) Uncertain significance,761314
-4.0875187,rpoB_p.Leu554Pro,3) Uncertain significance,761467
-4.1372437,rpoB_p.Ile873Phe,3) Uncertain significance,762423
-4.0928597,rpoB_p.Leu42Val,3) Uncertain significance,759930
-4.096665,rpoB_p.Arg827His,3) Uncertain significance,762286
-4.08631,rpoB_p.Tyr564His,3) Uncertain significance,761496
-4.0787244,rpoB_p.Glu481Ala,3) Uncertain significance,761248
-3.5395913,rpoB_p.Ile491Val,3) Uncertain significance,761277
-4.0934563,rpoB_p.Arg552Cys,3) Uncertain significance,761460
-4.1191387,rpoB_p.Ser874Tyr,3) Uncertain significance,762427
-4.094532,rpoB_p.Arg827Leu,3) Uncertain significance,762286
-4.1022615,rpoB_p.Thr400Ala,3) Uncertain significance,761004
-2.9758155,rpoB_p.Ile491Leu,3) Uncertain significance,761277
-4.099116,rpoB_p.Glu761Asp,3) Uncertain significance,762089
-4.096961,rpoB_p.Arg827Cys,3) Uncertain significance,762285
-4.087315,rpoB_p.Leu731Pro,3) Uncertain significance,761998
-4.1013045,rpoB_p.Gln975His,3) Uncertain significance,762731
-4.0678873,rpoB_p.Ala692Thr,3) Uncertain significance,761880
-4.0948997,rpoB_p.Ile488Val,3) Uncertain significance,761268
-4.1013465,rpoB_p.Ile480Val,3) Uncertain significance,761244
-4.0869207,rpoB_p.Ala286Val,3) Uncertain significance,760663
-4.0250134,rpoB_p.Val496Leu,3) Uncertain significance,761292
-4.067228,rpoB_p.Pro45Ser,3) Uncertain significance,759939
-4.078701,rpoB_p.Arg552Leu,3) Uncertain significance,761461
-4.1385245,rpoB_p.Val496Ala,3) Uncertain significance,761293
-4.1331983,rpoB_c.-159C>T,3) Uncertain significance,759648
-4.086713,rpoB_c.-180A>C,3) Uncertain significance,759627
-4.0750856,rpoB_p.His835Arg,3) Uncertain significance,762310
-4.084748,rpoB_p.Gln409Arg,3) Uncertain significance,761032
-4.1000123,rpoB_p.Asp574Glu,3) Uncertain significance,761528
-4.0904703,rpoB_p.Ala596Gly,3) Uncertain significance,761593
-4.103241,rpoB_p.Gly973Asp,3) Uncertain significance,762724
-4.092839,rpoB_p.Lys832Glu,3) Uncertain significance,762300
-4.0938296,rpoB_p.Leu378Arg,3) Uncertain significance,760939
-4.0979047,rpoB_p.Pro577Ala,3) Uncertain significance,761535
-4.0935388,rpoB_p.Ser254Pro,3) Uncertain significance,760566
-4.07973,rpoB_p.Thr400Asn,3) Uncertain significance,761005
-4.093404,rpoB_p.Val534Leu,3) Uncertain significance,761406
-4.091162,rpoB_p.Val736Leu,3) Uncertain significance,762012
-4.102697,rpoB_p.Asp265Gly,3) Uncertain significance,760600
-4.0942807,rpoB_p.Lys37Arg,3) Uncertain significance,759916
-4.093431,rpoB_c.-21G>C,3) Uncertain significance,759786
-4.0931726,rpoB_p.Pro358Leu,3) Uncertain significance,760879
-4.0736156,rpoB_p.Gly504dup,3) Uncertain significance,761315
-4.093871,rpoB_p.Asp520Ala,3) Uncertain significance,761365
-4.069853,rpoB_p.Gly456Ser,3) Uncertain significance,761172
-4.09055,rpoB_p.Gly46Val,3) Uncertain significance,759943
-4.0997043,rpoB_p.Ile480Thr,3) Uncertain significance,761245
-4.090259,rpoB_p.Lys799Gln,3) Uncertain significance,762201
-4.0990195,rpoB_p.Leu293Ser,3) Uncertain significance,760684
-4.105552,rpoB_p.Gln1056Arg,3) Uncertain significance,762973
-4.103585,rpoB_p.Arg273Cys,3) Uncertain significance,760623
-4.0905004,rpoB_p.Ser582Ala,3) Uncertain significance,761550
-4.1252275,rpoB_p.Val113Ile,3) Uncertain significance,760143
-4.107217,rpoB_p.Glu460Gly,3) Uncertain significance,761185
-3.5037453,rpoB_p.Ser493Leu,3) Uncertain significance,761284
-4.070781,rpoB_p.Arg167Cys,3) Uncertain significance,760305
-4.04608,rpoB_p.Glu207Lys,3) Uncertain significance,760425
-4.0886083,rpoB_p.Ile588Val,3) Uncertain significance,761568
-4.088568,rpoB_p.Pro45Arg,3) Uncertain significance,759940
-3.9549634,rpoB_p.Gln172Arg,3) Uncertain significance,760321
-4.094138,rpoB_p.Thr400Ser,3) Uncertain significance,761005
-4.0955205,rpoB_p.Ala584Asp,3) Uncertain significance,761557
-4.0925136,rpoB_p.Ala753Val,3) Uncertain significance,762064
-4.0921674,rpoB_p.Asp571Ala,3) Uncertain significance,761518
-3.9513757,rpoB_p.Phe424Leu,3) Uncertain significance,761076
-3.978533,rpoB_p.Val170Ala,3) Uncertain significance,760315
-3.48012,rpoB_p.Ile491Thr,3) Uncertain significance,761278
-4.076197,rpoB_p.Pro45Thr,3) Uncertain significance,759939
-4.112704,rpoB_p.Arg219Cys,3) Uncertain significance,760461
-4.2243524,rpoB_c.-83A>G,3) Uncertain significance,759724
-4.079784,rpoB_p.Val359Ala,3) Uncertain significance,760882
-4.097283,rpoB_p.Glu592Asp,3) Uncertain significance,761582
-4.0924153,rpoB_p.His1028Tyr,3) Uncertain significance,762888
-4.1004205,rpoB_p.Leu862Arg,3) Uncertain significance,762391
-4.100069,rpoB_p.Thr159Pro,3) Uncertain significance,760281
-4.0868096,rpoB_p.Thr52Pro,3) Uncertain significance,759960
-4.094297,rpoB_p.Val534Ala,3) Uncertain significance,761407
-4.097419,rpoB_p.Val562Ala,3) Uncertain significance,761491
-4.0968156,rpoB_p.Tyr308Cys,3) Uncertain significance,760729
-4.084005,rpoB_p.Met920Val,3) Uncertain significance,762564
-4.09112,rpoB_p.Thr756Ala,3) Uncertain significance,762072
-4.09909,rpoB_p.Val562Met,3) Uncertain significance,761490
-4.0898013,rpoB_p.Tyr308Asp,3) Uncertain significance,760728
-3.5955405,rpoB_p.Pro454Arg,3) Uncertain significance,761167
-4.086268,rpoB_p.Pro45Gln,3) Uncertain significance,759940
-4.0873,rpoB_p.Pro700Arg,3) Uncertain significance,761905
-4.0968423,rpoB_p.Pro834Thr,3) Uncertain significance,762306
-4.112411,rpoB_p.Pro856Leu,3) Uncertain significance,762373
-4.115984,rpoB_p.Gln1080Arg,3) Uncertain significance,763045
-4.0391054,rpoB_p.Gln172Lys,3) Uncertain significance,760320
-4.0954413,rpoB_p.Gln19Arg,3) Uncertain significance,759862
-4.0896425,rpoB_p.Gln226Glu,3) Uncertain significance,760482
-4.087543,rpoB_p.Gln51Pro,3) Uncertain significance,759958
-4.114652,rpoB_p.Gln980Lys,3) Uncertain significance,762744
-4.0940967,rpoB_p.Gln980Arg,3) Uncertain significance,762745
-4.0933795,rpoB_p.Arg219Ser,3) Uncertain significance,760461
-4.090176,rpoB_p.Arg224Cys,3) Uncertain significance,760476
-4.0950065,rpoB_p.Arg578Gly,3) Uncertain significance,761538
-4.0943456,rpoB_p.Arg578His,3) Uncertain significance,761539
-4.0990186,rpoB_p.Arg607Ser,3) Uncertain significance,761625
-4.1140504,rpoB_p.Arg665Trp,3) Uncertain significance,761799
-4.0954385,rpoB_p.Arg824Cys,3) Uncertain significance,762276
-4.0957446,rpoB_p.Arg824Leu,3) Uncertain significance,762277
-4.092302,rpoB_p.Arg827Ser,3) Uncertain significance,762285
-4.0901017,rpoB_p.Arg845Gln,3) Uncertain significance,762340
-4.097694,rpoB_p.Arg845Trp,3) Uncertain significance,762339
-4.0991826,rpoB_p.Arg871His,3) Uncertain significance,762418
-4.1130104,rpoB_p.Arg871Leu,3) Uncertain significance,762418
-4.096052,rpoB_p.Pro280Ser,3) Uncertain significance,760644
-4.098049,rpoB_p.Pro280Leu,3) Uncertain significance,760645
-4.0919137,rpoB_p.Asn75Thr,3) Uncertain significance,760030
-4.101903,rpoB_p.Asn604Ser,3) Uncertain significance,761617
-4.092105,rpoB_p.His533Asn,3) Uncertain significance,761403
-4.0933433,rpoB_p.His674Asn,3) Uncertain significance,761826
-4.104052,rpoB_p.His835Asp,3) Uncertain significance,762309
-4.092336,rpoB_p.His835Pro,3) Uncertain significance,762310
-4.0934386,rpoB_p.Ile1035Thr,3) Uncertain significance,762910
-4.0955076,rpoB_p.Ile1035Val,3) Uncertain significance,762909
-4.1015353,rpoB_p.Ile1046Val,3) Uncertain significance,762942
-4.092068,rpoB_p.Ile1111Val,3) Uncertain significance,763137
-4.1026473,rpoB_p.Ile199Thr,3) Uncertain significance,760402
-3.9842901,rpoB_p.Ile488Met,3) Uncertain significance,761270
-3.67116,rpoB_p.Ile491Ser,3) Uncertain significance,761278
-4.0883727,rpoB_p.Ser567Pro,3) Uncertain significance,761505
-4.101355,rpoB_p.Ile909Val,3) Uncertain significance,762531
-4.09775,rpoB_p.Lys1095Arg,3) Uncertain significance,763090
-4.0906377,rpoB_p.Lys110Arg,3) Uncertain significance,760135
-4.09648,rpoB_p.Lys274Glu,3) Uncertain significance,760626
-4.102465,rpoB_p.Lys274Asn,3) Uncertain significance,760628
-4.0964003,rpoB_p.Lys832Gln,3) Uncertain significance,762300
-4.0865107,rpoB_p.Lys891Thr,3) Uncertain significance,762478
-4.113469,rpoB_p.Leu232Arg,3) Uncertain significance,760501
-4.067222,rpoB_p.Leu42Phe,3) Uncertain significance,759930
-4.0957913,rpoB_p.Leu775Pro,3) Uncertain significance,762130
-4.0986037,rpoB_p.Met707Thr,3) Uncertain significance,761926
-4.0969815,rpoB_p.Asn135Asp,3) Uncertain significance,760209
-4.101176,rpoB_p.Asn501Lys,3) Uncertain significance,761309
-4.106445,rpoB_p.Lys1054Arg,3) Uncertain significance,762967
-4.0858493,rpoB_p.His1028Asp,3) Uncertain significance,762888
-4.0904393,rpoB_p.Ser582Thr,3) Uncertain significance,761550
-4.100529,rpoB_p.Ser88Pro,3) Uncertain significance,760068
-4.090652,rpoB_p.Pro700Leu,3) Uncertain significance,761905
-4.099655,rpoB_p.Ser195Arg,3) Uncertain significance,760389
-4.084694,rpoB_p.Thr676Pro,3) Uncertain significance,761832
-4.1061645,rpoB_p.Thr9Ile,3) Uncertain significance,759832
-4.0977015,rpoB_p.Met121Ile,3) Uncertain significance,760169
-4.1028247,rpoB_p.Gly945Glu,3) Uncertain significance,762640
-4.0987744,rpoB_p.Asp545Glu,3) Uncertain significance,761441
-4.112585,rpoB_p.His194Tyr,3) Uncertain significance,760386
-4.104536,rpoB_c.-6T>C,3) Uncertain significance,759801
-4.101648,rpoB_p.His343Gln,3) Uncertain significance,760835
-4.131595,rpoB_p.Arg791Cys,3) Uncertain significance,762177
-3.8228586,rpoB_p.Pro454Ser,3) Uncertain significance,761166
-4.106467,rpoB_p.His674Gln,3) Uncertain significance,761828
-4.0792994,rpoB_p.His1028Arg,3) Uncertain significance,762889
-4.0964794,rpoB_p.Ala753Thr,3) Uncertain significance,762063
-4.0882716,rpoB_p.Thr399Asn,3) Uncertain significance,761002
-4.101878,rpoB_c.-45T>G,3) Uncertain significance,759762
-4.0826564,rpoB_p.Thr482Ile,3) Uncertain significance,761251
-4.105761,rpoB_p.Thr508Pro,3) Uncertain significance,761328
-4.094167,rpoB_p.Thr585Ala,3) Uncertain significance,761559
-4.0905375,rpoB_p.Thr676Ala,3) Uncertain significance,761832
-4.099506,rpoB_p.Thr742Ala,3) Uncertain significance,762030
-4.0883756,rpoB_p.Thr928Asn,3) Uncertain significance,762589
-3.7948837,rpoB_p.Val168Gly,3) Uncertain significance,760309
-4.011728,rpoB_p.Val170Gly,3) Uncertain significance,760315
-4.1259885,rpoB_p.Val228Ile,3) Uncertain significance,760488
-4.090764,rpoB_p.Val355Ile,3) Uncertain significance,760869
-4.172778,rpoB_p.Ser874Phe,3) Uncertain significance,762427
-4.0982385,rpoB_p.Val394Leu,3) Uncertain significance,760986
-4.0956044,rpoB_p.Val496Gly,3) Uncertain significance,761293
-4.1018767,rpoB_p.Val523Leu,3) Uncertain significance,761373
-4.099266,rpoB_p.Val534Gly,3) Uncertain significance,761407
-4.0899353,rpoB_p.Val797Leu,3) Uncertain significance,762195
-4.0928044,rpoB_p.Val833Met,3) Uncertain significance,762303
-4.0918727,rpoB_p.Val867Met,3) Uncertain significance,762405
-4.1048093,rpoB_p.Val996Ala,3) Uncertain significance,762793
-4.0959773,rpoB_p.Val996Gly,3) Uncertain significance,762793
-4.09795,rpoB_p.Tyr1015Cys,3) Uncertain significance,762850
-4.0954742,rpoB_p.Tyr474His,3) Uncertain significance,761226
-4.0968313,rpoB_p.Tyr510His,3) Uncertain significance,761334
-4.056466,rpoB_p.Val44Gly,3) Uncertain significance,759937
-4.0923753,rpoB_p.Gly992Arg,3) Uncertain significance,762780
-4.094255,rpoB_p.Gly981Asp,3) Uncertain significance,762748
-4.1045527,rpoB_p.Gly915Ser,3) Uncertain significance,762549
-4.0958266,rpoB_p.Asn539Lys,3) Uncertain significance,761423
-4.1014285,rpoB_p.Asn673Ser,3) Uncertain significance,761824
-4.08378,rpoB_p.Pro483Ser,3) Uncertain significance,761253
-4.1088767,rpoB_p.Pro768Leu,3) Uncertain significance,762109
-4.08981,rpoB_p.Gln401Arg,3) Uncertain significance,761008
-4.1089907,rpoB_p.Arg1008Cys,3) Uncertain significance,762828
-4.100251,rpoB_p.Arg219Leu,3) Uncertain significance,760462
-4.0876675,rpoB_p.Arg225Gly,3) Uncertain significance,760479
-4.095453,rpoB_p.Ser540Pro,3) Uncertain significance,761424
-4.0898347,rpoB_p.Thr399Ala,3) Uncertain significance,761001
-4.0929446,rpoB_p.Thr399Pro,3) Uncertain significance,761001
-4.008613,rpoB_p.Val168Met,3) Uncertain significance,760308
-4.0904155,rpoB_p.Val262Ala,3) Uncertain significance,760591
-4.0927606,rpoB_p.Val305Ile,3) Uncertain significance,760719
-4.0843987,rpoB_p.Val50Gly,3) Uncertain significance,759955
-4.094965,rpoB_p.Val800Ala,3) Uncertain significance,762205
-4.118084,rpoB_p.Val970Ala,3) Uncertain significance,762715
-4.1149673,rpoB_p.Val970Met,3) Uncertain significance,762714
-4.0999875,rpoB_p.Gly217Ser,3) Uncertain significance,760455
-4.0968127,rpoB_p.Asn1155Ser,3) Uncertain significance,763270
-4.0651355,rpoB_p.Pro483Leu,3) Uncertain significance,761254
-3.991349,rpoB_p.Arg167His,3) Uncertain significance,760306
-4.1009645,rpoB_p.Ala960Glu,3) Uncertain significance,762685
-3.7741783,rpoB_p.Pro454His,3) Uncertain significance,761167
-4.0919976,rpoB_p.Pro30Ala,3) Uncertain significance,759894
-4.1065264,rpoB_p.Asn487His,3) Uncertain significance,761265
-4.095615,rpoB_p.Asn24Lys,3) Uncertain significance,759878
-4.103013,rpoB_p.Met587Thr,3) Uncertain significance,761566
-4.097916,rpoB_p.Asp92Gly,3) Uncertain significance,760081
-4.1286697,rpoB_p.Asn487Ser,3) Uncertain significance,761266
-4.0764666,rpoB_p.Pro45Ala,3) Uncertain significance,759939
-4.1103435,rpoB_p.Ser672Phe,3) Uncertain significance,761821
-4.094933,rpoB_p.His674Arg,3) Uncertain significance,761827
-4.0964346,rpoB_p.Asp634Gly,3) Uncertain significance,761707
-3.8635554,rpoB_p.Lys422_Thr427del,3) Uncertain significance,761068
-4.0962915,rpoB_p.Ala538Val,3) Uncertain significance,761419
-4.0961576,rpoB_p.Ala584Gly,3) Uncertain significance,761557
-4.0938444,rpoB_c.-87C>T,3) Uncertain significance,759720
-4.102798,rpoB_p.Asp595Glu,3) Uncertain significance,761591
-4.093513,rpoB_p.His749Tyr,3) Uncertain significance,762051
-4.1011024,rpoB_p.Glu156Gly,3) Uncertain significance,760273
-4.093635,rpoB_p.Phe151Leu,3) Uncertain significance,760259
-3.694038,rpoB_p.Gly453Ala,3) Uncertain significance,761164
-4.0938735,rpoB_p.Gly79Ser,3) Uncertain significance,760041
-4.087465,rpoB_p.Gly836Ser,3) Uncertain significance,762312
-4.034651,rpoB_p.Ile488Leu,3) Uncertain significance,761268
-4.089724,rpoB_p.Ile90Leu,3) Uncertain significance,760074
-4.09014,rpoB_p.Lys1102Thr,3) Uncertain significance,763111
-3.9112966,rpoB_p.Leu173Pro,3) Uncertain significance,760324
-3.9972436,rpoB_p.Leu490Val,3) Uncertain significance,761274
-4.089432,rpoB_p.Leu525Pro,3) Uncertain significance,761380
-4.093255,rpoB_p.Leu554Val,3) Uncertain significance,761466
-4.1000915,rpoB_p.Leu778Val,3) Uncertain significance,762138
-4.0913873,rpoB_p.Glu807Gly,3) Uncertain significance,762226
-4.0994344,rpoB_p.Met390Thr,3) Uncertain significance,760975
-4.0956063,rpoB_p.Asp631Gly,3) Uncertain significance,761698
-4.0852337,rpoB_p.Glu1140Gln,3) Uncertain significance,763224
-4.087112,rpoB_p.Glu166Gly,3) Uncertain significance,760303
-4.029908,rpoB_p.Glu166Lys,3) Uncertain significance,760302
-4.085177,rpoB_p.Glu284Gly,3) Uncertain significance,760657
-4.0921807,rpoB_p.Glu291Lys,3) Uncertain significance,760677
-4.1015825,rpoB_p.Glu330Asp,3) Uncertain significance,760796
-4.1028495,rpoB_p.Glu377Val,3) Uncertain significance,760936
-4.112298,rpoB_p.Glu423Ala,3) Uncertain significance,761074
-4.0507426,rpoB_p.Glu423Gly,3) Uncertain significance,761074
-4.098516,rpoB_p.Glu550Lys,3) Uncertain significance,761454
-4.1035056,rpoB_p.Glu563Ala,3) Uncertain significance,761494
-4.0982904,rpoB_p.Asp571Tyr,3) Uncertain significance,761517
-4.090565,rpoB_p.Glu750Gln,3) Uncertain significance,762054
-4.09555,rpoB_p.Glu821Val,3) Uncertain significance,762268
-4.0978575,rpoB_p.Glu82Gly,3) Uncertain significance,760051
-4.0893946,rpoB_p.Glu896Lys,3) Uncertain significance,762492
-4.0968738,rpoB_p.Phe424Cys,3) Uncertain significance,761077
-4.108385,rpoB_p.Phe503Val,3) Uncertain significance,761313
-4.0928125,rpoB_p.Gly158Ser,3) Uncertain significance,760278
-4.0973196,rpoB_p.Gly203Arg,3) Uncertain significance,760413
-3.7833147,rpoB_p.Gly453Arg,3) Uncertain significance,761163
-4.095407,rpoB_c.-50G>A,3) Uncertain significance,759757
-4.0915127,rpoB_p.Gly602Ala,3) Uncertain significance,761611
-4.087204,rpoB_p.Gly699Ser,3) Uncertain significance,761901
-4.097006,rpoB_p.Gly890Cys,3) Uncertain significance,762474
-4.0917764,rpoB_p.Glu807Gln,3) Uncertain significance,762225
-4.0943975,rpoB_p.Val581Met,3) Uncertain significance,761547
-4.09987,rpoB_p.Asp531Tyr,3) Uncertain significance,761397
-4.096347,rpoB_p.Asp363Asn,3) Uncertain significance,760893
-4.0476832,rpoB_p.Ala670dup,3) Uncertain significance,761813
-4.1020694,rpoB_p.Gly876dup,3) Uncertain significance,762431
-4.1013694,rpoB_p.Ala1055Pro,3) Uncertain significance,762969
-4.1009817,rpoB_p.Ala1153Val,3) Uncertain significance,763264
-4.092428,rpoB_p.Ala2Thr,3) Uncertain significance,759810
-4.0961757,rpoB_c.-42A>G,3) Uncertain significance,759765
-3.9895182,rpoB_p.Ala498Val,3) Uncertain significance,761299
-4.0924015,rpoB_p.Ala538Pro,3) Uncertain significance,761418
-4.1047726,rpoB_p.Ala559Val,3) Uncertain significance,761482
-4.1097236,rpoB_p.Ala599Thr,3) Uncertain significance,761601
-4.149687,rpoB_p.Ala599Val,3) Uncertain significance,761602
-4.100332,rpoB_p.Asp531Glu,3) Uncertain significance,761399
-4.093493,rpoB_p.Ala628Pro,3) Uncertain significance,761688
-4.1001496,rpoB_p.Ala708Ser,3) Uncertain significance,761928
-4.1015325,rpoB_c.-90A>G,3) Uncertain significance,759717
-4.1001906,rpoB_p.Ala934Thr,3) Uncertain significance,762606
-4.091723,rpoB_p.Ala951Thr,3) Uncertain significance,762657
-4.100823,rpoB_p.Ala974Thr,3) Uncertain significance,762726
-4.0912805,rpoB_c.-37C>G,3) Uncertain significance,759770
-4.099734,rpoB_c.-4C>T,3) Uncertain significance,759803
-4.097078,rpoB_p.Cys681Arg,3) Uncertain significance,761847
-4.105582,rpoB_p.Cys701Trp,3) Uncertain significance,761909
-4.124688,rpoB_p.Asp186Ala,3) Uncertain significance,760363
-4.096418,rpoB_p.Asp190Ala,3) Uncertain significance,760375
-4.096546,rpoB_p.Asp301Asn,3) Uncertain significance,760707
-4.0938683,rpoB_p.Ala638Gly,3) Uncertain significance,761719
-4.0895033,rpoB_p.Glu320Asp,3) Uncertain significance,760766
-4.092359,rpoB_c.-127G>A,3) Uncertain significance,759680
-4.086657,rpoB_p.Gly675Asp,3) Uncertain significance,761830
-4.093209,rpoB_p.Ile783Val,3) Uncertain significance,762153
-4.0988765,rpoB_p.Ile910Val,3) Uncertain significance,762534
-4.1031737,rpoB_p.Leu80Val,3) Uncertain significance,760044
-4.090923,rpoB_p.Asn163Asp,3) Uncertain significance,760293
-4.099824,rpoB_p.Pro954Arg,3) Uncertain significance,762667
-3.6901503,rpoB_p.Ser493Trp,3) Uncertain significance,761284
-4.1106715,rpoB_c.-134T>G,3) Uncertain significance,759673
-4.095905,rpoB_p.Val129Gly,3) Uncertain significance,760192
-4.095238,rpoB_p.Tyr572Cys,3) Uncertain significance,761521
-4.097368,rpoB_p.Glu156Asp,3) Uncertain significance,760274
-4.094786,rpoB_c.-62C>T,3) Uncertain significance,759745
-4.1003594,rpoB_c.-181C>T,3) Uncertain significance,759626
-4.1253676,rpoB_p.Ala1002Pro,3) Uncertain significance,762810
-4.098762,rpoB_p.Ala943Thr,3) Uncertain significance,762633
-4.0957313,rpoB_p.Asp3Gly,3) Uncertain significance,759814
-4.0937295,rpoB_p.Gly28Arg,3) Uncertain significance,759888
-4.092534,rpoB_p.Met573Thr,3) Uncertain significance,761524
-4.097742,rpoB_p.Pro27His,3) Uncertain significance,759886
-3.685313,rpoB_p.Pro454Leu,3) Uncertain significance,761167
-4.09178,rpoB_p.Val613Phe,3) Uncertain significance,761643
-4.0946307,rpoB_c.-113C>T,3) Uncertain significance,759694
-4.0943403,rpoB_p.Glu721Lys,3) Uncertain significance,761967
-4.0960593,rpoB_p.Ser936Arg,3) Uncertain significance,762612
-4.102978,rpoB_c.-173A>G,3) Uncertain significance,759634
-4.073227,rpoB_c.-66C>T,3) Uncertain significance,759741
-4.1195893,rpoB_p.Asp107Glu,3) Uncertain significance,760127
-4.090091,rpoB_p.Asp53Asn,3) Uncertain significance,759963
-4.100904,rpoB_p.Asp955Asn,3) Uncertain significance,762669
-4.0939946,rpoB_p.Glu1145Gly,3) Uncertain significance,763240
-4.102734,rpoB_p.Glu344Gln,3) Uncertain significance,760836
-4.0932164,rpoB_p.Phe295Leu,3) Uncertain significance,760691
-4.0901313,rpoB_p.Ile965Val,3) Uncertain significance,762699
-4.0789413,rpoB_p.Leu48Phe,3) Uncertain significance,759948
-4.1222596,rpoB_c.-160T>C,3) Uncertain significance,759647
-4.0991883,rpoB_p.Glu639Gly,3) Uncertain significance,761722
-4.101654,rpoB_p.Asn292Ser,3) Uncertain significance,760681
-4.0916524,rpoB_p.Ser12Thr,3) Uncertain significance,759841
-4.0984397,rpoB_c.-169_-168insA,3) Uncertain significance,759638
-4.104754,rpoB_p.Ala334Val,3) Uncertain significance,760807
-4.0927844,rpoB_c.-53A>G,3) Uncertain significance,759754
-4.1011667,rpoB_p.Ala977Thr,3) Uncertain significance,762735
-4.099145,rpoB_p.Ala998Val,3) Uncertain significance,762799
-4.0906606,rpoB_c.-126C>G,3) Uncertain significance,759681
-4.107664,rpoB_c.-44C>T,3) Uncertain significance,759763
-4.099653,rpoB_p.Cys681Gly,3) Uncertain significance,761847
-4.09741,rpoB_p.Asp209Asn,3) Uncertain significance,760431
-4.0934687,rpoB_p.Asp270Glu,3) Uncertain significance,760616
-4.097001,rpoB_p.Glu132Asp,3) Uncertain significance,760202
-4.106013,rpoB_p.Glu507Lys,3) Uncertain significance,761325
-4.0933623,rpoB_p.Glu66Lys,3) Uncertain significance,760002
-4.1067233,rpoB_p.Ala686Thr,3) Uncertain significance,761862
-4.0796595,rpoB_p.Phe208Leu,3) Uncertain significance,760428
-4.0999207,rpoB_p.Phe93Leu,3) Uncertain significance,760085
-4.091077,rpoB_c.-150G>A,3) Uncertain significance,759657
-4.1107864,rpoB_c.-176G>A,3) Uncertain significance,759631
-4.0788856,rpoB_c.-40G>C,3) Uncertain significance,759767
-4.105573,rpoB_p.Gly516Asp,3) Uncertain significance,761353
-4.0867333,rpoB_p.Gly890Asp,3) Uncertain significance,762475
-4.0937495,rpoB_p.His656Gln,3) Uncertain significance,761774
-4.0928116,rpoB_p.Ile506Val,3) Uncertain significance,761322
-4.093675,rpoB_p.Ile892Thr,3) Uncertain significance,762481
-4.0953493,rpoB_p.Lys939Gln,3) Uncertain significance,762621
-4.110909,rpoB_p.Lys944Asn,3) Uncertain significance,762638
-4.097243,rpoB_p.Met153Thr,3) Uncertain significance,760264
-4.097178,rpoB_p.Asn963Ser,3) Uncertain significance,762694
-4.0906906,rpoB_p.Pro30Ser,3) Uncertain significance,759894
-4.0999885,rpoB_p.Pro682Ala,3) Uncertain significance,761850
-4.1034694,rpoB_p.Arg661Gln,3) Uncertain significance,761788
-4.104915,rpoB_p.Ser1124Ala,3) Uncertain significance,763176
-4.1214194,rpoB_c.-160T>G,3) Uncertain significance,759647
-4.1344028,rpoB_c.-169T>C,3) Uncertain significance,759638
-4.096326,rpoB_p.Thr215Ala,3) Uncertain significance,760449
-4.0876226,rpoB_p.Tyr866His,3) Uncertain significance,762402
-4.0985656,rpoB_p.Met587Ile,3) Uncertain significance,761567
-4.104581,rpoB_p.Ala69Pro,3) Uncertain significance,760011
-4.0974083,rpoB_p.Thr350Ile,3) Uncertain significance,760855
-4.034268,rpoB_p.Asp515Tyr,3) Uncertain significance,761349
-4.1078653,rpoB_p.Glu563Asp,3) Uncertain significance,761495
-4.091443,rpoB_p.Met655Thr,3) Uncertain significance,761770
-4.0972605,rpoB_p.Ser16Cys,3) Uncertain significance,759852
-4.1140556,rpoB_p.Asp103Glu,3) Uncertain significance,760115
0.039531797,rpoB_p.Ile491Tyr,3) Uncertain significance,"761277,761278"
-4.095988,rpoB_p.Ile542Lys,3) Uncertain significance,"761431,761432"
-4.090366,rpoB_p.Val549Gly,3) Uncertain significance,"761452,761453"
-4.0959635,rpoB_p.Asp851Pro,3) Uncertain significance,"762357,762358"
-4.0917745,rpoB_p.Ile925Val,5) Not assoc w R,762579
-4.0988393,rpoB_p.Glu639Asp,5) Not assoc w R,761723
-4.092366,rpoB_p.Glu250Gly,5) Not assoc w R,760555
-3.969505,rpoB_p.Val695Leu,5) Not assoc w R,761889
-4.045419,rpoB_c.-61C>T,5) Not assoc w R,759746
-4.1126246,rpoB_p.Ser388Leu,5) Not assoc w R,760969
-4.099633,rpoB_p.Lys944Glu,5) Not assoc w R,762636
-4.1031766,rpoB_p.Asn381His,5) Not assoc w R,760947
